Date,Open,High,Low,Close,Volume
2016-01-07,730.31,738.5,719.06,36.0469129720665,2963741
2016-01-08,731.45,733.23,713.0,35.4553861027167,2450857
2016-01-11,716.61,718.855,703.54,35.5328006930007,2090621
2016-01-12,721.68,728.75,717.3165,36.0310330561108,2024509
2016-01-13,730.85,734.74,698.61,34.7651060060173,2501730
2016-01-14,705.38,721.925,689.1,35.467792287057,2225768
2016-01-15,692.29,706.74,685.37,34.4618988607381,3608109
2016-01-19,703.3,709.98,693.4101,34.826144432972,2268078
2016-01-20,688.61,706.85,673.26,34.6603978101844,3444962
2016-01-21,702.18,719.19,694.46,35.0643431723075,2412211
2016-01-22,723.6,728.13,720.121,35.9903407714743,2011797
2016-01-25,723.58,729.68,710.01,35.3164368381043,1711716
2016-01-26,713.85,718.28,706.48,35.3844227282896,1331691
2016-01-27,713.67,718.235,694.39,34.7368199057212,2194227
2016-01-28,722.22,733.69,712.35,36.2736980218088,2676397
2016-01-29,731.53,744.9899,726.8,36.868698622774,3474319
2016-02-01,750.46,757.86,743.27,37.3178024958962,5139157
2016-02-02,784.5,789.8699,764.65,37.9455554235199,6348126
2016-02-03,770.22,774.5,720.5,36.074702824989,6171019
2016-02-04,722.81,727.0,701.86,35.134810299361,5168709
2016-02-05,703.87,703.99,680.15,33.9219817182443,5105725
2016-02-08,667.85,684.03,663.06,33.8807931862342,4247355
2016-02-09,672.32,699.9,668.77,33.6510306522502,3608914
2016-02-10,686.86,701.31,682.13,33.9492753237932,2638007
2016-02-11,675.0,689.35,668.8675,33.899154339058,3024043
2016-02-12,690.26,693.75,678.6,33.8639207755313,2141373
2016-02-16,692.98,698.0,685.05,34.2906935168407,2520021
2016-02-17,699.0,709.75,691.38,35.154163946932,2492634
2016-02-18,710.0,712.35,696.03,34.6058105990867,1883248
2016-02-19,695.03,703.0805,694.05,34.7824746640938,1589281
2016-02-22,707.45,713.24,702.51,35.0578919564505,1949816
2016-02-23,701.45,708.4,693.58,34.5313734930443,2009280
2016-02-24,688.92,700.0,680.78,34.7154812686557,1963573
2016-02-25,700.01,705.98,690.585,35.0226583929238,1642166
2016-02-26,708.58,713.43,700.86,34.988913571518,2243522
2016-02-29,700.32,710.89,697.68,34.6266529887785,2481145
2016-03-01,703.62,718.81,699.77,35.6707574628658,2151419
2016-03-02,719.0,720.0,712.0,35.6727424523603,1629003
2016-03-03,718.68,719.45,706.02,35.3536553911254,1957974
2016-03-04,714.99,716.49,706.02,35.2777295429623,1972077
2016-03-07,706.9,708.0912,686.9,34.4971324242648,2988026
2016-03-08,688.59,703.79,685.34,34.4380789868046,2058471
2016-03-09,698.47,705.68,694.0,34.9973497768694,1421515
2016-03-10,708.12,716.44,703.36,35.3735052860701,2833525
2016-03-11,720.0,726.92,717.125,36.068251609132,1970815
2016-03-14,726.81,735.5,725.15,36.2503743952489,1718252
2016-03-15,726.92,732.29,724.77,36.1431849625479,1720965
2016-03-16,726.37,737.47,724.51,36.5282729244737,1624370
2016-03-17,736.45,743.07,736.0,36.6121387306147,1860834
2016-03-18,741.86,742.0,731.83,36.6032062778896,2980709
2016-03-21,736.5,742.5,733.5157,36.8260213486431,1836503
2016-03-22,737.46,745.0,737.46,36.7595242005786,1269749
2016-03-23,742.36,745.7199,736.15,36.6260336570759,1432099
2016-03-24,732.01,737.747,731.0,36.489069381958,1594891
2016-03-28,736.79,738.99,732.5,36.4012335968281,1301327
2016-03-29,734.59,747.25,728.76,36.959015644772,1903758
2016-03-30,750.1,757.88,748.74,37.2448541319746,1782427
2016-03-31,749.25,750.85,740.94,36.9679480974971,1718798
2016-04-01,738.6,750.34,737.0,37.2140867948105,1576745
2016-04-04,750.06,752.8,742.43,36.9848205082001,1134390
2016-04-05,738.0,742.8,735.37,36.6131312253619,1132294
2016-04-06,735.77,746.24,735.56,37.0046704031447,1053713
2016-04-07,745.37,746.9999,736.28,36.7362005740186,1453185
2016-04-08,743.97,745.45,735.55,36.6801246208001,1290787
2016-04-11,743.02,745.0,736.05,36.5287691718473,1220088
2016-04-12,738.0,743.83,731.01,36.8756460860046,1352992
2016-04-13,749.16,754.38,744.261,37.3039075694349,1707641
2016-04-14,754.01,757.31,752.705,37.37735218073,1135271
2016-04-15,753.98,761.0,752.6938,37.6651756574271,1809332
2016-04-18,760.46,768.05,757.3,38.0428199087486,1558848
2016-04-19,769.51,769.9,749.33,37.413578239004,2030526
2016-04-20,758.0,758.1315,750.01,37.3510510699284,1529217
2016-04-21,755.38,760.45,749.55,37.6721231206577,3060490
2016-04-22,726.3,736.12,713.61,35.6687724733714,5951938
2016-04-25,716.1,723.93,715.59,35.886128823015,1959179
2016-04-26,725.42,725.766,703.0264,35.141261515218,2744587
2016-04-27,707.29,708.98,692.3651,35.0271246192864,3098587
2016-04-28,708.26,714.17,689.55,34.291686011588,2867255
2016-04-29,690.7,697.62,689.0,34.3904392389375,2487673
2016-05-02,697.63,700.64,691.0,34.6484878732176,1645265
2016-05-03,696.87,697.84,692.0,34.3581831596525,1543785
2016-05-04,690.49,699.75,689.01,34.5239297824401,1693525
2016-05-05,697.7,702.3199,695.72,34.8082795275219,1683507
2016-05-06,698.38,711.86,698.1067,35.2891432325554,1829291
2016-05-09,712.0,718.71,710.0,35.377475265059,1510289
2016-05-10,716.75,723.5,715.72,35.8876175651359,1569591
2016-05-11,723.41,724.48,712.8,35.4960783873531,1692063
2016-05-12,717.06,719.25,709.0,35.3978214073772,1361332
2016-05-13,711.93,716.6619,709.26,35.2747520587206,1314499
2016-05-16,709.13,718.48,705.65,35.555628072187,1317069
2016-05-17,715.99,721.52,704.11,35.0464782668574,2001225
2016-05-18,703.67,711.6,700.63,35.066328161802,1766836
2016-05-19,702.36,706.0,696.8,34.7531960690505,1670234
2016-05-20,701.62,714.58,700.52,35.2206610949965,1828387
2016-05-23,706.53,711.4781,704.18,34.9477250395079,1330692
2016-05-24,706.86,720.97,706.86,35.7342771266886,1929467
2016-05-25,720.76,727.51,719.7047,35.9913332662215,1632564
2016-05-26,722.87,728.33,720.28,35.9342648182557,1576286
2016-05-27,724.01,733.936,724.0,36.3580600753235,1974962
2016-05-31,731.74,739.73,731.26,36.5099117716499,2129545
2016-06-01,734.53,737.21,730.66,36.4320009339922,1253593
2016-06-02,732.5,733.02,724.17,36.2459081688864,1341807
2016-06-03,729.27,729.49,720.56,35.8459327857522,1226253
2016-06-06,724.91,724.91,714.61,35.5586055564287,1566059
2016-06-07,719.84,721.98,716.55,35.5635680301649,1336754
2016-06-08,723.96,728.57,720.58,36.1407037256798,1583701
2016-06-09,722.87,729.54,722.3361,36.1555911468883,988914
2016-06-10,719.47,725.89,716.43,35.7005323052828,1216443
2016-06-13,716.51,725.44,716.51,35.6484263310531,1258930
2016-06-14,716.48,722.47,713.12,35.6439601046906,1306065
2016-06-15,719.0,722.98,717.31,35.6762161839756,1214517
2016-06-16,714.91,716.65,703.26,35.2514284321606,1982471
2016-06-17,708.65,708.82,688.4515,34.3264233277411,3402357
2016-06-20,698.77,702.48,693.41,34.4251765550906,2082538
2016-06-21,698.4,702.77,692.01,34.5358397194069,1465634
2016-06-22,699.06,700.86,693.0819,34.6112693201964,1184318
2016-06-23,697.45,701.95,687.0,34.8301144119609,2171415
2016-06-24,675.17,689.4,673.45,33.5076151612753,4449022
2016-06-27,671.0,672.3,663.284,33.1622269892388,2641085
2016-06-28,678.97,680.33,673.0,33.746806395358,2173762
2016-06-29,683.0,687.4292,681.41,33.9487790764196,1932561
2016-06-30,685.47,692.32,683.65,34.3452807279385,1597714
2016-07-01,692.2,700.65,692.1301,34.6981126105792,1344710
2016-07-05,696.06,696.94,688.88,34.4638838502326,1462616
2016-07-06,689.98,701.68,689.09,34.6266529887785,1411925
2016-07-07,698.08,698.2,688.215,34.5070573717372,1304200
2016-07-08,699.5,705.71,696.435,35.0167034244404,1575166
2016-07-11,708.05,716.51,707.24,35.4861534398808,1111762
2016-07-12,719.12,722.94,715.91,35.7615707322375,1336921
2016-07-13,723.62,724.0,716.85,35.5799441934942,935876
2016-07-14,721.58,722.21,718.03,35.7769544008196,950193
2016-07-15,725.73,725.74,719.055,35.7223671897219,1279339
2016-07-18,722.71,736.13,721.19,36.4136397811685,1295476
2016-07-19,729.89,736.99,729.0,36.5714464459782,1227486
2016-07-20,737.33,742.13,737.1,36.7813590850176,1289671
2016-07-21,740.36,741.69,735.831,36.654319757372,1026306
2016-07-22,741.86,743.24,736.56,36.8582774279281,1259823
2016-07-25,740.67,742.61,737.5,36.7108919579642,1032432
2016-07-26,739.04,741.69,734.27,36.6438985625261,1186738
2016-07-27,738.28,744.46,737.0,36.8101414326874,1512517
2016-07-28,747.04,748.65,739.3,37.0155878453642,3530169
2016-07-29,772.71,778.55,766.77,38.1510018361968,3841482
2016-08-01,761.09,780.43,761.09,38.3539670120056,2700470
2016-08-02,768.69,775.84,767.85,38.2641462373812,1784525
2016-08-03,767.18,773.21,766.82,38.3688544332141,1287421
2016-08-04,772.22,774.07,768.795,38.2909435955564,1140254
2016-08-05,773.78,783.04,772.34,38.8174620589626,1801205
2016-08-08,782.0,782.63,778.091,38.7946346797763,1107857
2016-08-09,781.1,788.94,780.57,38.9186965231802,1318894
2016-08-10,783.75,786.8123,782.778,38.9395389128721,786363
2016-08-11,785.0,789.75,782.97,38.9479751182235,975113
2016-08-12,781.5,783.395,780.4,38.8670867963242,740498
2016-08-15,783.75,787.49,780.11,38.8283795011822,938186
2016-08-16,780.3,780.98,773.444,38.5653683931659,1028047
2016-08-17,777.32,780.81,773.53,38.7028289156574,924226
2016-08-18,780.01,782.86,777.0,38.583233298616,719429
2016-08-19,775.0,777.1,773.13,38.480013844904,861546
2016-08-22,773.27,774.54,770.0502,38.3177409537317,951362
2016-08-23,775.48,776.44,771.785,38.3142672221164,928232
2016-08-24,770.58,774.5,767.07,38.1931828629541,1071999
2016-08-25,767.0,771.89,763.1846,38.181769173361,926883
2016-08-26,769.0,776.0799,765.85,38.188220389218,1166681
2016-08-29,768.74,774.99,766.615,38.3177409537317,847565
2016-08-30,769.33,774.466,766.84,38.1658892574053,1130029
2016-08-31,767.01,769.09,765.38,38.0646547931877,1248556
2016-09-01,769.25,771.02,764.3,38.1505055888232,925131
2016-09-02,773.01,773.9199,768.41,38.2834998849522,1072658
2016-09-06,773.45,782.0,771.0,38.7112651210089,1442822
2016-09-07,780.0,782.73,776.2,38.7246638000965,894021
2016-09-08,778.59,780.35,773.58,38.4750513711678,1270264
2016-09-09,770.1,773.245,759.66,37.6979279840857,1885496
2016-09-12,755.13,770.29,754.0001,38.16241552579,1310986
2016-09-13,764.48,766.2195,755.8,37.6994167262066,1395046
2016-09-14,759.61,767.68,759.11,37.838365990819,1094490
2016-09-15,762.89,773.8,759.96,38.2983873061607,1346751
2016-09-16,769.75,769.75,764.66,38.1554680625594,2049338
2016-09-19,772.42,774.0,764.4406,37.9976613977496,1172824
2016-09-20,769.0,773.33,768.53,38.2810186480841,978631
2016-09-21,772.66,777.16,768.301,38.5197136347932,1167810
2016-09-22,780.0,789.85,778.44,39.0650894983968,1486223
2016-09-23,786.59,788.93,784.15,39.0497058298147,1411937
2016-09-26,782.74,782.74,773.07,38.4199679126965,1533206
2016-09-27,775.5,785.9899,774.308,38.8566656014783,1153247
2016-09-28,777.85,781.81,774.97,38.784709732304,1109834
2016-09-29,781.44,785.8,774.232,38.4596677025857,1314746
2016-09-30,776.33,780.94,774.09,38.5728121037701,1585333
2016-10-03,774.25,776.065,769.5,38.3380870960499,1278821
2016-10-04,776.03,778.71,772.89,38.5301348296392,1201350
2016-10-05,779.31,782.07,775.65,38.5321198191336,1461151
2016-10-06,779.0,780.48,775.54,38.5514734667046,1070692
2016-10-07,779.66,779.66,770.75,38.463141434201,933158
2016-10-10,777.71,789.38,775.87,39.0020660819476,1174923
2016-10-11,786.66,792.28,780.58,38.85964308572,1372461
2016-10-12,783.76,788.13,782.06,39.0119910294199,937435
2016-10-13,781.22,781.22,773.0,38.6174743673955,1365277
2016-10-14,781.65,783.95,776.0,38.6343467780984,852487
2016-10-17,779.8,785.85,777.5,38.7053101525255,1092973
2016-10-18,787.85,801.61,785.565,39.4645686341574,2056903
2016-10-19,798.86,804.63,797.635,39.7772044795353,1766798
2016-10-20,803.3,803.97,796.03,39.5494269350457,1757528
2016-10-21,795.0,799.5,794.0,39.6685263047134,1266181
2016-10-24,804.9,815.18,804.82,40.3503701960613,1697514
2016-10-25,816.68,816.68,805.14,40.0804116248144,1576404
2016-10-26,806.34,806.98,796.32,39.653638883505,1647733
2016-10-27,801.0,803.49,791.5,39.46903486052,2749221
2016-10-28,808.35,815.49,793.59,39.4700273552672,4269902
2016-10-31,795.47,796.86,784.0,38.9325914496414,2427284
2016-11-01,782.89,789.49,775.54,38.8864404438952,2406356
2016-11-02,778.2,781.65,763.4496,38.1465356098343,1918414
2016-11-03,767.25,769.95,759.03,37.8205010853688,1943175
2016-11-04,750.66,770.36,750.5611,37.815042364259,2134812
2016-11-07,774.5,785.19,772.55,38.8323494801711,1585070
2016-11-08,783.4,795.633,780.19,39.22885113169,1366873
2016-11-09,779.94,791.2265,771.67,38.9708024974098,2607121
2016-11-10,791.17,791.17,752.18,37.8418397224343,4745183
2016-11-11,756.54,760.78,750.38,37.4180444653665,2431815
2016-11-14,755.6,757.85,727.54,36.5277766771001,3654385
2016-11-15,746.97,764.4162,746.97,37.6398670413727,2384001
2016-11-16,755.2,766.36,750.51,37.9371192181685,1472594
2016-11-17,766.92,772.7,764.23,38.272086195359,1304048
2016-11-18,771.37,775.0,760.0,37.7415977529639,1547145
2016-11-21,762.61,769.7,760.6,38.1713479785151,1330639
2016-11-22,772.63,776.96,767.0,38.1251969727688,1593108
2016-11-23,767.73,768.2825,755.25,37.7639288847766,1478417
2016-11-25,764.26,765.0,760.52,37.7981699535561,587421
2016-11-28,760.0,779.53,759.8,38.1237082306479,2188151
2016-11-29,771.53,778.5,768.24,38.252732547788,1616618
2016-11-30,770.07,772.99,754.83,37.61753590956,2392890
2016-12-01,757.44,759.85,737.0245,37.115333567461,3017947
2016-12-02,744.59,754.0,743.1,37.2433653898538,1452484
2016-12-05,757.71,763.9,752.9,37.8398547329398,1394223
2016-12-06,764.73,768.83,757.34,37.6706343785369,1690689
2016-12-07,761.0,771.36,755.8,38.2701012058646,1760966
2016-12-08,772.48,778.18,767.23,38.5296385822655,1488059
2016-12-09,780.0,789.43,779.021,39.1683089521089,1821914
2016-12-12,785.04,791.25,784.3554,39.1673164573616,2104117
2016-12-13,793.9,804.3799,793.34,39.5062534135411,2145209
2016-12-14,797.4,804.0,794.01,39.5543894087818,1704150
2016-12-15,797.34,803.0,792.92,39.5930967039239,1626499
2016-12-16,800.4,800.8558,790.29,39.2432423055248,2443796
2016-12-19,790.22,797.66,786.27,39.4119664125542,1232087
2016-12-20,796.76,798.65,793.27,39.5221333294968,951014
2016-12-21,795.84,796.6757,787.1,39.4298313180043,1211346
2016-12-22,792.36,793.32,788.58,39.2660696847112,972169
2016-12-23,790.9,792.74,787.28,39.199076289273,623944
2016-12-27,790.68,797.86,787.657,39.280460858546,789321
2016-12-28,793.7,794.23,783.2,38.9579000656958,1153824
2016-12-29,783.33,785.93,778.92,38.8457481592587,744272
2016-12-30,782.75,782.78,770.41,38.3013647904024,1769950
2017-01-03,778.81,789.63,775.8,39.0119910294199,1657268
2017-01-04,788.36,791.34,783.16,39.0497058298147,1072958
2017-01-05,786.08,794.48,785.02,39.4030339598291,1335167
2017-01-06,795.26,807.9,792.2041,40.0049820240248,1640170
2017-01-09,806.4,809.9664,802.83,40.0297943927056,1274645
2017-01-10,807.86,809.1299,803.51,39.9374923812131,1176780
2017-01-11,805.0,808.15,801.37,40.0923215617812,1065936
2017-01-12,807.14,807.39,799.17,40.0154032188708,1353057
2017-01-13,807.48,811.2244,806.69,40.0908328196603,1099215
2017-01-17,807.08,807.14,800.37,39.928559928488,1362115
2017-01-18,805.81,806.205,800.99,40.0010120450359,1294407
2017-01-19,805.12,809.48,801.8,39.8077236930126,919325
2017-01-20,806.91,806.91,801.69,39.9489060708063,1670045
2017-01-23,807.25,820.87,803.74,40.658043567703,1963628
2017-01-24,822.3,825.9,817.821,40.8843323700718,1474010
2017-01-25,829.62,835.77,825.06,41.4699042709382,1627304
2017-01-26,837.81,838.0,827.01,41.2952251954255,2973891
2017-01-27,834.71,841.95,820.44,40.8565425171493,2965771
2017-01-30,814.66,815.84,799.8,39.8149192799301,3246573
2017-01-31,796.86,801.25,790.52,39.5404944823206,2160556
2017-02-01,799.68,801.19,791.19,39.4861553949097,2029744
2017-02-02,793.8,802.7,792.0,39.6268415253297,1532138
2017-02-03,802.99,806.0,800.37,39.77373074792,1463448
2017-02-06,799.7,801.67,795.2501,39.7662870373157,1184483
2017-02-07,803.99,810.5,801.78,40.0456743086613,1241221
2017-02-08,807.0,811.84,803.1903,40.1156451883411,1155990
2017-02-09,809.51,810.66,804.54,40.1742023784278,990391
2017-02-10,811.7,815.25,809.78,40.3781600489838,1134976
2017-02-13,816.0,820.959,815.49,40.6545698360877,1213324
2017-02-14,819.0,823.0,816.0,40.7146157682952,1054732
2017-02-15,819.36,823.0,818.47,40.6416674043737,1313617
2017-02-16,819.93,824.4,818.98,40.8987235439066,1287626
2017-02-17,823.02,828.07,821.655,41.0927562669903,1611039
2017-02-21,828.66,833.45,828.35,41.2709090741183,1262337
2017-02-22,828.66,833.25,828.64,41.2262468104929,987248
2017-02-23,830.12,832.46,822.88,41.254532910789,1472771
2017-02-24,827.73,829.0,824.2,41.1210423672864,1392202
2017-02-27,824.55,830.5,824.0,41.1528021991978,1101466
2017-02-28,825.61,828.54,820.2,40.8515800434131,2260769
2017-03-01,828.85,836.255,827.26,41.4485656338727,1496540
2017-03-02,833.85,834.51,829.64,41.2197955946359,942476
2017-03-03,830.56,831.36,825.751,41.1428772517255,896378
2017-03-06,826.95,828.88,822.4,41.0783650931555,1109037
2017-03-07,827.4,833.41,826.52,41.2833152584587,1037630
2017-03-08,833.51,838.15,831.79,41.4550168497297,989773
2017-03-09,836.0,842.0,834.21,41.6192747303965,1261517
2017-03-10,843.28,844.91,839.5,41.8460597801389,1704024
2017-03-13,844.0,848.685,843.25,41.9597004286968,1223647
2017-03-14,843.64,847.24,840.8,41.9636704076858,780198
2017-03-15,847.59,848.63,840.77,42.042077492717,1381474
2017-03-16,849.03,850.85,846.13,42.1204845777483,977560
2017-03-17,851.61,853.4,847.11,42.2862312005359,1716471
2017-03-20,850.01,850.22,845.15,42.1016271775509,1231521
2017-03-21,851.4,853.5,829.02,41.2113593892845,2463484
2017-03-22,831.91,835.55,827.1801,41.1681858677799,1401465
2017-03-23,821.0,822.57,812.257,40.5721927720675,3487056
2017-03-24,820.08,821.93,808.89,40.4158748493786,1981006
2017-03-27,806.95,821.63,803.37,40.6679685151753,1894990
2017-03-28,820.41,825.99,814.027,40.7379393948551,1620542
2017-03-29,825.0,832.765,822.3801,41.258502889778,1786321
2017-03-30,833.5,833.68,829.0,41.2629691161405,1055339
2017-03-31,828.97,831.64,827.39,41.1666971256591,1401893
2017-04-03,829.22,840.85,829.22,41.6128235145395,1671503
2017-04-04,831.36,835.18,829.0363,41.4153170598405,1045363
2017-04-05,835.51,842.45,830.72,41.258502889778,1555328
2017-04-06,832.4,836.39,826.46,41.0833275668916,1254433
2017-04-07,827.96,828.485,820.5127,40.924032159961,1056692
2017-04-10,825.39,829.35,823.77,40.9270096442027,978905
2017-04-11,824.71,827.4267,817.0201,40.8585275066437,1079732
2017-04-12,821.93,826.66,821.02,40.9066635018845,900480
2017-04-13,822.14,826.38,821.44,40.8689487014897,1122362
2017-04-17,825.01,837.75,824.47,41.5443413769806,895015
2017-04-18,834.22,838.93,832.71,41.526972718904,836722
2017-04-19,839.79,842.22,836.29,41.5959511038366,954330
2017-04-20,841.44,845.2,839.32,41.7666602003604,959031
2017-04-21,842.88,843.88,840.6,41.8430822958972,1323583
2017-04-24,851.2,863.45,849.86,42.814238406063,1371581
2017-04-25,865.0,875.0,862.81,43.2876584004923,1654161
2017-04-26,874.23,876.05,867.7481,43.2593723001962,1188464
2017-04-27,873.6,875.4,870.38,43.3844266383474,1734197
2017-04-28,910.66,916.85,905.77,44.9580270600826,3160585
2017-05-01,901.94,915.68,901.45,45.2860465740425,2100457
2017-05-02,909.62,920.77,909.4526,45.4780943076317,1520766
2017-05-03,914.86,928.1,912.5426,46.0041165236643,1477329
2017-05-04,926.07,935.93,924.59,46.2333828102747,1405844
2017-05-05,933.54,934.9,925.2,46.0085827500269,1904731
2017-05-08,926.12,936.925,925.26,46.3643921169093,1319052
2017-05-09,936.95,937.5,929.53,46.2586914263291,1575628
2017-05-10,931.98,932.0,925.16,46.0904635666734,1170055
2017-05-11,925.32,932.53,923.0301,46.1807805886715,830838
2017-05-12,931.53,933.44,927.85,46.2611726631972,1038409
2017-05-15,932.95,938.25,929.34,46.5023488867744,1094283
2017-05-16,940.0,943.11,937.58,46.7961273319549,956692
2017-05-17,935.67,939.3325,918.14,45.6359009724415,2323389
2017-05-18,921.0,933.17,918.75,46.1629156832213,1586465
2017-05-19,931.47,937.755,931.0,46.3500009430744,1382221
2017-05-22,935.0,941.8828,935.0,46.7395551313627,1092176
2017-05-23,947.92,951.4666,942.575,47.0849433033992,1259285
2017-05-24,952.98,955.09,949.5,47.3896391907992,990248
2017-05-25,957.33,972.629,955.47,48.1131678615308,1645873
2017-05-26,969.7,974.98,965.03,48.2089436046386,1246186
2017-05-30,970.31,976.2,969.49,48.4277886964031,1455686
2017-05-31,975.02,979.27,960.18,47.8809240906787,2426589
2017-06-01,968.95,971.5,960.01,47.9846397917643,1403200
2017-06-02,969.46,975.88,966.0,48.4138937699419,1717212
2017-06-05,976.55,986.91,975.1,48.8148616478233,1221971
2017-06-06,983.16,988.25,975.14,48.4620297651826,1796904
2017-06-07,979.65,984.15,975.77,48.6858373306832,1429834
2017-06-08,982.35,984.57,977.2,48.8014629687357,1451232
2017-06-09,984.5,984.5,935.63,47.1350642881344,3270248
2017-06-12,939.56,949.355,915.2328,46.7911648582187,3731589
2017-06-13,951.91,959.98,944.09,47.3122246005151,1995350
2017-06-14,959.92,961.15,942.25,47.1812152938806,1477033
2017-06-15,933.97,943.339,924.44,46.7618862631754,2055953
2017-06-16,940.0,942.04,931.595,46.6363356776506,2921393
2017-06-19,949.96,959.99,949.05,47.5092348078406,1494191
2017-06-20,957.52,961.62,950.01,47.1747640780236,1111840
2017-06-21,953.64,960.1,950.76,47.6124542615526,1192342
2017-06-22,958.7,960.72,954.55,47.4953398813793,940373
2017-06-23,956.83,966.0,954.2,47.9171501489526,1394008
2017-06-26,969.9,973.31,950.79,47.2561486472966,1581031
2017-06-27,942.46,948.29,926.85,46.0185076974992,2553771
2017-06-28,929.0,942.75,916.0,46.6715692411774,2712222
2017-06-29,929.92,931.26,910.62,45.5450877030699,3248393
2017-06-30,926.05,926.05,908.31,45.0954875825741,2035931
2017-07-03,912.18,913.94,894.79,44.5977514668376,1710189
2017-07-05,901.76,914.51,898.5,45.2433692999115,1743497
2017-07-06,904.12,914.9444,899.7,44.9942531183565,1409533
2017-07-07,908.85,921.54,908.85,45.5847874929591,1588034
2017-07-10,921.77,930.38,919.59,46.0914560614207,1189085
2017-07-11,929.54,931.43,922.0,46.1554719726171,1093281
2017-07-12,938.68,946.3,934.47,46.837315863965,1505982
2017-07-13,946.29,954.45,943.01,47.002566239379,1291782
2017-07-14,952.0,956.91,948.005,47.4407526702816,1017632
2017-07-17,957.0,960.74,949.2407,47.3132170952624,1141026
2017-07-18,953.0,968.04,950.6,47.9077214488539,1131130
2017-07-19,967.84,973.04,964.03,48.1801612569689,1212814
2017-07-20,975.0,975.9,961.51,48.0441894765982,1577103
2017-07-21,962.25,973.23,960.15,48.2808994738129,1665103
2017-07-24,972.22,986.2,970.77,48.6491150250357,2634669
2017-07-25,953.81,959.7,945.4,47.1782378096389,4626086
2017-07-26,954.68,955.0,942.2788,47.0343260712904,2056013
2017-07-27,951.78,951.78,920.0,46.3539709220633,3095263
2017-07-28,929.4,943.83,927.5,46.7231789680334,1775076
2017-07-31,941.89,943.59,926.04,46.1758181149353,1952716
2017-08-01,932.38,937.447,929.26,46.1921942782647,1211553
2017-08-02,928.61,932.6,916.68,46.1703593938256,1816343
2017-08-03,930.34,932.24,922.24,45.8358886640086,1179126
2017-08-04,926.75,930.3068,923.03,46.049771282037,1019159
2017-08-07,929.06,931.7,926.5,46.1192459143431,1012296
2017-08-08,927.09,935.814,925.6095,45.9917103393239,1039394
2017-08-09,920.61,925.98,917.2501,45.7986701109874,1169431
2017-08-10,917.55,919.26,906.13,45.0215467239054,1722296
2017-08-11,907.97,917.78,905.58,45.3763635960405,1190458
2017-08-14,922.53,924.668,918.19,45.7872564213943,1047828
2017-08-15,924.23,926.5499,919.82,45.7649252895816,873070
2017-08-16,925.29,932.7,923.445,46.0001465446754,988604
2017-08-17,925.78,926.86,910.98,45.2071432416376,1218963
2017-08-18,910.31,915.275,907.1543,45.1917595730555,1333572
2017-08-21,910.0,913.0,903.4,44.9927643762356,932903
2017-08-22,912.72,925.86,911.4751,45.8874983908646,1145571
2017-08-23,921.93,929.93,919.36,46.0021315341699,1077809
2017-08-24,928.66,930.84,915.5,45.7182780364617,1218875
2017-08-25,923.49,925.555,915.5,45.4508007020829,1040693
2017-08-28,916.0,919.245,911.87,45.3475812483708,1072467
2017-08-29,905.1,923.33,905.0,45.7187742838353,1180160
2017-08-30,920.05,930.819,919.65,46.1296671091891,1282093
2017-08-31,931.76,941.98,931.76,46.6140045458379,1553301
2017-09-01,941.13,942.48,935.15,46.5152513184884,913404
2017-09-05,933.08,937.0,921.96,46.0740874033441,1202163
2017-09-06,930.15,930.915,919.27,46.0423275714327,1468808
2017-09-07,931.73,936.41,923.62,46.4462729335559,1200257
2017-09-08,936.49,936.99,924.88,45.9773191654891,993832
2017-09-11,934.25,938.38,926.92,46.1053509878819,1247138
2017-09-12,932.59,933.48,923.861,46.253728952593,1120449
2017-09-13,930.66,937.25,929.86,46.4035956594249,1066051
2017-09-14,931.25,932.77,924.0,45.9083407805565,1389012
2017-09-15,924.66,926.49,916.36,45.6691495464738,2475031
2017-09-18,920.01,922.08,910.6,45.4066346858311,1263456
2017-09-19,917.42,922.4199,912.55,45.7445791472633,902415
2017-09-20,922.98,933.88,922.0,46.2294128312858,1518166
2017-09-21,933.0,936.53,923.83,46.2725863527904,1207656
2017-09-22,927.75,934.73,926.48,46.078057382333,1038551
2017-09-25,925.45,926.4,909.7,45.7028943678796,1822881
2017-09-26,923.72,930.82,921.14,45.8959345962161,1652848
2017-09-27,927.74,949.9,927.74,46.8700681906236,2202959
2017-09-28,941.36,950.69,940.55,47.118688124805,959648
2017-09-29,952.0,959.7864,951.51,47.5955818508497,1533133
2017-10-02,959.98,962.54,947.84,47.3057733846581,1222026
2017-10-03,954.0,958.0,949.14,47.5300771975324,881562
2017-10-04,957.0,960.39,950.69,47.2268700522533,881380
2017-10-05,955.49,970.91,955.18,48.1340102512226,1202101
2017-10-06,966.7,979.46,963.36,48.5771591558614,1142699
2017-10-09,980.0,985.425,976.11,48.4833684022481,886700
2017-10-10,980.0,981.57,966.0801,48.2650195578572,956419
2017-10-11,973.72,990.71,972.25,49.0912714349272,1663731
2017-10-12,987.45,994.12,985.0,49.0208043078738,1259082
2017-10-13,992.0,997.21,989.0,49.1126100719927,1143907
2017-10-16,992.1,993.9065,984.0,49.2277394626715,900751
2017-10-17,990.29,996.44,988.59,49.2366719153966,1266399
2017-10-18,991.77,996.72,986.9747,49.2679354999344,1022521
2017-10-19,986.0,988.88,978.39,48.8530726955917,1282755
2017-10-20,989.44,991.0,984.58,49.0391654606976,1120038
2017-10-23,989.52,989.52,966.12,48.0590768978067,1431886
2017-10-24,970.0,972.23,961.0,48.1627925988924,1155231
2017-10-25,968.37,976.09,960.5201,48.3012456161311,1162606
2017-10-26,980.0,987.6,972.2,48.2630345683627,1660850
2017-10-27,1009.19,1048.39,1008.2,50.5810060505214,5125791
2017-10-30,1014.0,1024.97,1007.5,50.4738166178204,2074619
2017-10-31,1015.22,1024.0,1010.42,50.4504929912605,1324961
2017-11-01,1017.21,1029.67,1016.95,50.8901681642839,1360900
2017-11-02,1021.76,1028.09,1013.01,50.8941381432728,1008190
2017-11-03,1022.11,1032.65,1020.31,51.2365488310676,1058037
2017-11-06,1028.99,1034.87,1025.0,50.9100180592285,1119131
2017-11-07,1027.27,1033.97,1025.13,51.278729857825,1089887
2017-11-08,1030.52,1043.52,1028.45,51.6022831454224,946210
2017-11-09,1033.99,1033.99,1019.67,51.1760066514865,1236903
2017-11-10,1026.46,1030.76,1025.28,51.0177037393031,719227
2017-11-13,1023.42,1031.58,1022.57,50.9025743486243,878969
2017-11-14,1022.59,1026.81,1014.15,50.9149805329647,947273
2017-11-15,1019.21,1024.09,1015.42,50.6623906197943,859951
2017-11-16,1022.52,1035.92,1022.52,51.2375413258149,1129423
2017-11-17,1034.01,1034.42,1017.75,50.5720735977963,1350144
2017-11-20,1020.26,1022.61,1017.5,50.5368400342696,894844
2017-11-21,1023.31,1035.11,1022.66,51.3362945531644,1083715
2017-11-22,1035.0,1039.71,1031.43,51.4092429170859,716661
2017-11-24,1035.87,1043.18,1035.0,51.6399979458171,536958
2017-11-27,1040.0,1055.46,1038.44,52.3148943739344,1284354
2017-11-28,1055.09,1062.38,1040.0,51.9774461598758,1341000
2017-11-29,1042.68,1044.08,1015.65,50.6996091728155,2438875
2017-11-30,1022.37,1028.49,1015.0,50.6872029884751,1722913
2017-12-01,1015.8,1022.49,1002.02,50.1294209405311,1908944
2017-12-04,1012.66,1016.1,995.57,49.5592327082468,1891408
2017-12-05,995.94,1020.61,988.28,49.8803047589761,2023376
2017-12-06,1001.5,1024.97,1001.14,50.5368400342696,1254837
2017-12-07,1020.43,1034.24,1018.07,51.1596304881572,1387107
2017-12-08,1037.49,1042.05,1032.522,51.46333388081,1277894
2017-12-11,1035.5,1043.8,1032.05,51.6643140671243,1119052
2017-12-12,1039.63,1050.31,1033.69,51.6335467299601,1269883
2017-12-13,1046.12,1046.665,1038.38,51.6399979458171,1207286
2017-12-14,1045.0,1058.5,1043.11,52.0637932028849,1545616
2017-12-15,1054.61,1067.62,1049.5,52.8101492528028,3142760
2017-12-18,1066.08,1078.49,1062.0,53.4527896016351,1531522
2017-12-19,1075.2,1076.84,1063.55,53.1322137982794,1254615
2017-12-20,1071.78,1073.38,1061.52,52.8478640531976,1266115
2017-12-21,1064.95,1069.33,1061.794,52.7823593998804,974594
2017-12-22,1061.11,1064.2,1059.44,52.6081765717413,734566
2017-12-26,1058.07,1060.12,1050.2,52.4404449594592,756324
2017-12-27,1057.39,1058.37,1048.05,52.0747106451044,1214775
2017-12-28,1051.6,1054.75,1044.77,52.0136722181497,829623
2017-12-29,1046.72,1049.7,1044.9,51.9273251751406,867943
2018-01-02,1048.34,1066.94,1045.23,52.8503452900657,1223114
2018-01-03,1064.31,1086.29,1063.21,53.7177856991458,1416093
2018-01-04,1088.0,1093.57,1084.002,53.9123146696032,990510
2018-01-05,1094.0,1104.25,1092.0,54.6978742620367,1210974
2018-01-08,1102.23,1111.27,1101.62,54.9316067750097,1003098
2018-01-09,1109.4,1110.57,1101.231,54.8978619536038,897400
2018-01-10,1097.1,1104.6,1096.11,54.7167316622341,1038917
2018-01-11,1106.3,1106.525,1099.59,54.8611396479563,962696
2018-01-12,1102.41,1124.29,1101.15,55.6918577513889,1701377
2018-01-16,1132.51,1139.91,1117.832,55.6670453827081,1539230
2018-01-17,1126.22,1132.6,1117.01,56.1742101985433,1146089
2018-01-18,1131.41,1132.51,1117.5,56.0655320237214,1148920
2018-01-19,1131.83,1137.86,1128.3,56.4486349961527,1361390
2018-01-22,1137.49,1159.88,1135.11,57.3567676898693,1582504
2018-01-23,1159.85,1171.627,1158.75,58.0594539709091,1199326
2018-01-24,1177.33,1179.86,1161.05,57.7751042258273,1351237
2018-01-25,1172.53,1175.94,1162.76,58.0793038658537,1326436
2018-01-26,1175.08,1175.84,1158.11,58.3507511792214,1825680
2018-01-29,1176.48,1186.89,1171.98,58.3378487475074,1299218
2018-01-30,1167.83,1176.52,1163.52,57.7478106202785,1400132
2018-01-31,1170.57,1173.0,1159.13,58.0579652287882,1486793
2018-02-01,1162.61,1174.0,1157.52,57.9468058170983,1974700
2018-02-02,1122.0,1123.07,1107.278,55.1777454723231,4758496
2018-02-05,1090.6,1110.0,1052.03,52.3937977063393,3336352
2018-02-06,1027.18,1081.71,1023.137,53.6244911929061,3360727
2018-02-07,1081.54,1081.78,1048.26,52.0355071025888,2331374
2018-02-08,1055.41,1058.62,1000.66,49.7001669623536,2720942
2018-02-09,1017.25,1043.97,992.56,51.4995599390839,3267883
2018-02-12,1048.0,1061.5,1040.928,52.2022462201237,2038875
2018-02-13,1045.0,1058.37,1044.087,52.2101861781015,1209341
2018-02-14,1048.95,1071.72,1046.75,53.083581555665,1515444
2018-02-15,1079.07,1091.479,1064.34,54.0671438501712,1777694
2018-02-16,1088.41,1104.67,1088.313,54.3291624634403,1664969
2018-02-20,1090.57,1113.95,1088.52,54.7092879516299,1381603
2018-02-21,1106.47,1133.97,1106.33,55.1499556194006,1493162
2018-02-22,1116.19,1122.82,1102.59,54.9162231064276,1306276
2018-02-23,1112.64,1127.28,1104.714,55.9166578116367,1158377
2018-02-26,1127.8,1143.96,1126.695,56.7582933572889,1492380
2018-02-27,1141.24,1144.04,1118.0,55.4948475440634,1741578
2018-02-28,1123.03,1127.53,1103.24,54.8219361054406,1858051
2018-03-01,1107.87,1110.12,1067.001,53.07464910294,2515910
2018-03-02,1053.08,1081.999,1048.115,53.5411216341387,2271551
2018-03-05,1075.14,1097.1,1069.0,54.137114729851,1202174
2018-03-06,1099.22,1101.85,1089.775,54.3420648951543,1532783
2018-03-07,1089.19,1112.22,1085.482,55.0655935658859,1292537
2018-03-08,1115.32,1127.6,1112.8,55.8774542691211,1240299
2018-03-09,1136.0,1160.8,1132.461,57.5666803289087,2074952
2018-03-12,1163.85,1177.05,1157.42,57.7880066575413,2076306
2018-03-13,1170.0,1176.76,1133.33,56.4813873228113,1808098
2018-03-14,1145.21,1158.59,1141.44,57.0431393497442,1192615
2018-03-15,1149.96,1161.08,1134.54,57.0476055761068,1392521
2018-03-16,1154.14,1155.88,1131.96,56.3603029636491,2560277
2018-03-19,1120.01,1121.99,1089.01,54.5782786449954,2339506
2018-03-20,1099.0,1105.2,1083.46,54.4735704491625,1783872
2018-03-21,1092.74,1106.3,1085.15,54.134633492983,1640709
2018-03-22,1081.88,1082.9,1045.91,52.0603194712696,2580374
2018-03-23,1047.03,1063.36,1021.22,50.695142946453,2113497
2018-03-26,1046.0,1055.63,1008.4,52.2652696365729,2558385
2018-03-27,1063.0,1064.839,996.92,49.877823522108,3029471
2018-03-28,998.0,1024.23,980.64,49.8510261639328,3369275
2018-03-29,1011.63,1043.0,1002.9,51.2023077622882,2726830
2018-04-02,1022.82,1034.8,990.37,49.9458094122934,2680400
2018-04-03,1013.91,1020.99,994.07,50.2902050895826,2275076
2018-04-04,993.41,1028.718,993.0,50.8723032588338,2484651
2018-04-05,1041.33,1042.79,1020.131,51.0048013075891,1363049
2018-04-06,1020.0,1031.42,1003.03,49.9740955125894,1746430
2018-04-09,1016.8,1039.6,1014.08,50.3914395538002,1751559
2018-04-10,1026.44,1036.28,1011.34,51.1948640516839,2029648
2018-04-11,1027.99,1031.364,1015.87,50.6157433666745,1483881
2018-04-12,1025.04,1040.69,1021.435,51.2380375731885,1359389
2018-04-13,1040.88,1046.42,1022.98,51.077253424137,1223017
2018-04-16,1037.0,1043.24,1026.74,51.5094848865562,1211208
2018-04-17,1051.37,1077.88,1048.26,53.3049078842976,2320266
2018-04-18,1077.43,1077.43,1066.225,53.2016884305856,1344138
2018-04-19,1069.4,1094.165,1068.18,53.9768268281732,1747671
2018-04-20,1082.0,1092.35,1069.57,53.2453581994637,1889686
2018-04-23,1077.86,1082.72,1060.7,52.9719258966015,2341258
2018-04-24,1052.0,1057.0,1010.59,50.6162396140481,4760260
2018-04-25,1025.52,1032.49,1015.31,50.675789298882,2391105
2018-04-26,1029.51,1047.98,1018.19,51.6117118455211,2079533
2018-04-27,1046.0,1049.5,1025.59,51.115960719279,1619796
2018-04-30,1030.01,1037.0,1016.85,50.4847340600399,1671254
2018-05-01,1013.66,1038.47,1008.21,51.476236312524,1427857
2018-05-02,1028.1,1040.389,1022.87,50.834588458439,1603081
2018-05-03,1019.0,1029.675,1006.29,50.8018361317803,1815058
2018-05-04,1016.9,1048.51,1016.9,52.017145949765,1938658
2018-05-07,1049.23,1061.68,1047.1,52.3436767216041,1466065
2018-05-08,1058.54,1060.55,1047.145,52.300006952726,1217721
2018-05-09,1058.1,1085.44,1056.365,53.7316806256071,2032818
2018-05-10,1086.03,1100.44,1085.64,54.4666229859318,1443025
2018-05-11,1093.6,1101.33,1090.91,54.5008640547113,1253665
2018-05-14,1100.0,1110.75,1099.11,54.5971360451927,1518077
2018-05-15,1090.0,1090.05,1073.47,53.5565053027208,1494872
2018-05-16,1077.31,1089.27,1076.26,53.6825521356191,1097317
2018-05-17,1079.89,1086.87,1073.5,53.5247454708093,1043766
2018-05-18,1061.86,1069.94,1060.68,52.9178349328774,1565240
2018-05-21,1074.06,1088.0,1073.65,53.5738739607973,1023211
2018-05-22,1083.56,1086.59,1066.69,53.0850702977859,1090002
2018-05-23,1065.13,1080.78,1061.71,53.5793326819071,1060683
2018-05-24,1079.0,1080.47,1066.15,53.5570015500944,766773
2018-05-25,1079.02,1082.56,1073.775,53.37934499034,899406
2018-05-29,1064.89,1073.37,1055.22,52.6181015192136,1865139
2018-05-30,1063.03,1069.21,1056.83,52.9892945546781,1138457
2018-05-31,1067.56,1097.19,1067.56,53.8423437899234,3088305
2018-06-01,1099.35,1120.0,1098.5,55.5548934762709,2421598
2018-06-04,1122.33,1141.89,1122.005,56.5369670286563,1889579
2018-06-05,1140.99,1145.738,1133.19,56.5553281814801,1677973
2018-06-06,1142.17,1143.0,1125.743,56.4173714116149,1698247
2018-06-07,1131.32,1135.82,1116.52,55.7712573311673,1520020
2018-06-08,1118.18,1126.67,1112.15,55.6228793664563,1290845
2018-06-11,1118.6,1137.26,1118.6,56.0754569711937,1079294
2018-06-12,1131.07,1139.79,1130.735,56.5384557707771,912018
2018-06-13,1141.12,1146.5,1133.38,56.3136557105292,1506407
2018-06-14,1143.85,1155.47,1140.64,57.1736524090052,1350868
2018-06-15,1148.86,1153.42,1143.485,57.1805998722358,2122476
2018-06-18,1143.65,1174.31,1143.59,58.2326443043009,1413692
2018-06-19,1158.5,1171.27,1154.01,57.9646707225485,1621018
2018-06-20,1175.31,1186.286,1169.16,58.0530027550521,1648536
2018-06-21,1174.85,1177.295,1152.232,57.4485734539882,1238118
2018-06-22,1159.14,1162.497,1147.26,57.34039152654,1310967
2018-06-25,1143.6,1143.91,1112.78,55.8184008316608,2157310
2018-06-26,1128.0,1133.21,1116.659,55.5032837494149,1563225
2018-06-27,1121.34,1131.836,1103.62,54.7847175524195,1293892
2018-06-28,1102.09,1122.31,1096.01,55.2928748630019,1072438
2018-06-29,1120.0,1128.227,1115.0,55.3638382374289,1315121
2018-07-02,1099.0,1128.0,1093.8,55.949906385669,1217311
2018-07-03,1135.82,1135.82,1100.02,54.7306265886954,679034
2018-07-05,1110.53,1127.5,1108.48,55.7916034734856,1066685
2018-07-06,1123.58,1140.93,1120.737,56.5806367975345,996079
2018-07-09,1148.48,1154.67,1143.42,57.269428152113,908969
2018-07-10,1156.98,1159.59,1149.59,57.2093822199055,798412
2018-07-11,1144.59,1164.29,1141.0,57.2619844415087,1119993
2018-07-12,1159.89,1184.41,1155.935,58.7298841726638,1251884
2018-07-13,1185.0,1195.417,1180.0,58.9948802701745,1222072
2018-07-16,1189.39,1191.0,1179.28,58.7487415728612,1055662
2018-07-17,1172.22,1203.04,1170.6,59.490135149043,1610353
2018-07-18,1196.56,1204.5,1190.34,59.3452309159472,1393606
2018-07-19,1191.0,1200.0,1183.32,58.902578258682,1276667
2018-07-20,1186.96,1196.86,1184.22,58.8008475470908,1248400
2018-07-23,1181.01,1206.49,1181.0,59.8226208893654,2619234
2018-07-24,1262.59,1266.0,1235.56,61.9356422062208,3318204
2018-07-25,1239.13,1265.86,1239.13,62.7107806038085,2139999
2018-07-26,1251.0,1269.771,1249.02,62.9405431377925,2405638
2018-07-27,1271.0,1273.89,1231.0,61.4602372222971,2130558
2018-07-30,1228.01,1234.916,1211.47,60.5292771493941,1849904
2018-07-31,1220.01,1227.588,1205.6,60.4062078007374,1644722
2018-08-01,1228.0,1233.47,1210.21,60.5426758284817,1567264
2018-08-02,1205.9,1229.88,1204.79,60.8473717158817,1531299
2018-08-03,1229.62,1230.0,1215.06,60.7262873567195,1089896
2018-08-06,1225.0,1226.088,1215.797,60.7788895783228,1081723
2018-08-07,1237.0,1251.17,1236.17,61.6448412452821,1493980
2018-08-08,1240.47,1256.5,1238.008,61.8130691049378,1370913
2018-08-09,1249.9,1255.542,1246.01,61.9862594383296,848601
2018-08-10,1243.0,1245.695,1232.0,61.4160712060453,1108919
2018-08-13,1236.98,1249.273,1233.641,61.2870468889052,997346
2018-08-14,1235.19,1245.87,1225.11,61.6388862767987,1348194
2018-08-15,1229.26,1235.24,1209.51,60.2632885571361,1828814
2018-08-16,1224.73,1226.0,1202.55,59.8717493793534,1343161
2018-08-17,1202.03,1209.02,1188.24,59.5973245817439,1389645
2018-08-20,1205.02,1211.0,1194.626,59.9352690431762,870772
2018-08-21,1208.0,1217.26,1200.354,59.6300769084026,1205580
2018-08-22,1200.0,1211.84,1199.0,59.9134341587371,887389
2018-08-23,1207.14,1221.28,1204.24,59.8166659208821,992604
2018-08-24,1208.82,1221.65,1206.359,60.5744356603931,946840
2018-08-27,1227.6,1243.09,1225.716,61.6249913503374,1156255
2018-08-28,1241.29,1242.545,1228.69,61.0954954026896,1304007
2018-08-29,1237.45,1250.66,1236.359,61.9961843858019,1309312
2018-08-30,1244.23,1253.635,1232.59,61.4910045594612,1331439
2018-08-31,1234.98,1238.66,1211.285,60.4523588064837,1816426
2018-09-04,1204.27,1212.99,1192.5,59.4008106217921,1831045
2018-09-05,1193.8,1199.01,1162.0,58.8787583847485,2061309
2018-09-06,1186.3,1186.3,1152.0,58.1324023348306,1888467
2018-09-07,1158.67,1175.26,1157.215,57.8043828208706,1401404
2018-09-10,1172.19,1174.54,1160.11,57.7949541207719,1115796
2018-09-11,1161.63,1178.68,1156.24,58.426180780011,1209565
2018-09-12,1172.72,1178.61,1158.36,57.7046370987739,1295472
2018-09-13,1170.74,1178.61,1162.85,58.3254425631671,1431214
2018-09-14,1179.1,1180.425,1168.33,58.1864932985547,943978
2018-09-17,1170.14,1177.24,1154.03,57.3686776268361,1306522
2018-09-18,1157.09,1176.08,1157.09,57.6252375189954,1203686
2018-09-19,1164.98,1173.21,1154.58,58.115033676754,1191386
2018-09-20,1179.99,1189.89,1173.36,58.8981120323195,1225387
2018-09-21,1192.0,1192.21,1166.04,57.8669099899462,4405584
2018-09-24,1157.17,1178.0,1146.91,58.2281780779384,1271017
2018-09-25,1176.15,1186.88,1168.0,58.7879451153768,977731
2018-09-26,1185.15,1194.23,1174.765,58.5815062079527,1462253
2018-09-27,1186.73,1202.1,1183.63,59.2836962416189,1260754
2018-09-28,1191.87,1195.41,1184.5,59.2256352989058,1380629
2018-10-01,1199.89,1209.9,1190.3,59.3169448156511,1357604
2018-10-02,1190.96,1209.96,1186.63,59.5551435549866,1687914
2018-10-03,1205.0,1206.41,1193.83,59.6960778090935,1256214
2018-10-04,1195.33,1197.51,1155.576,57.9711219384055,2209490
2018-10-05,1167.5,1173.5,1145.12,57.4331897854061,1184452
2018-10-08,1150.11,1168.0,1127.364,57.0173344863162,1932355
2018-10-09,1146.15,1154.35,1137.572,56.5136434020963,1308764
2018-10-10,1131.08,1132.17,1081.13,53.6552585300703,2675742
2018-10-11,1072.94,1106.4,1068.27,53.5609715290833,2950120
2018-10-12,1108.0,1115.0,1086.402,55.087428450325,2101303
2018-10-15,1108.91,1113.446,1089.0,54.2026193831683,1372393
2018-10-16,1104.59,1124.22,1102.5,55.6432255087745,1928540
2018-10-17,1126.46,1128.99,1102.19,55.3658232269234,1467226
2018-10-18,1121.84,1121.84,1077.09,53.9902255072608,2094524
2018-10-19,1093.37,1110.36,1087.75,54.4115395274605,1267649
2018-10-22,1103.06,1112.23,1091.0,54.6447757930599,1514220
2018-10-23,1080.89,1107.89,1070.0,54.7703263785846,1848654
2018-10-24,1104.25,1106.12,1048.74,52.1412077931689,1982430
2018-10-25,1071.79,1110.98,1069.55,54.3673735112087,2545839
2018-10-26,1037.03,1106.53,1034.09,53.171417340795,4187586
2018-10-29,1082.47,1097.04,995.83,50.6212020877842,3880723
2018-10-30,1008.46,1037.49,1000.75,51.4216491014263,3212657
2018-10-31,1059.81,1091.94,1057.0,53.4344284488113,2529768
2018-11-01,1075.8,1083.975,1062.46,53.0984689768735,1481979
2018-11-02,1073.73,1082.975,1054.61,52.4925509336888,1839043
2018-11-05,1055.0,1058.47,1021.24,51.6141930823891,2441430
2018-11-06,1039.48,1064.345,1038.07,52.3942939537129,1233306
2018-11-07,1069.0,1095.46,1065.9,54.2591915837605,2058356
2018-11-08,1091.38,1093.27,1072.205,53.7138157201569,1488182
2018-11-09,1073.99,1075.56,1053.11,52.9074137380315,1343313
2018-11-12,1061.39,1062.12,1031.0,51.5417409658413,1471758
2018-11-13,1043.29,1056.605,1031.15,51.4137091434484,1513702
2018-11-14,1050.0,1054.564,1031.0,51.7913533947699,1565945
2018-11-15,1044.71,1071.85,1031.78,52.8359541162308,1836084
2018-11-16,1059.41,1067.0,1048.98,52.6761624619266,1658116
2018-11-19,1057.2,1060.79,1016.26,50.6172321087953,1858614
2018-11-20,1000.0,1031.74,996.02,50.9030705959979,2449130
2018-11-21,1036.76,1048.56,1033.47,51.4911237337325,1534274
2018-11-23,1030.0,1037.59,1022.4,50.8097760897582,691462
2018-11-26,1038.35,1049.31,1033.91,52.0374920920833,1942822
2018-11-27,1041.0,1057.58,1038.49,51.8285719477911,1803164
2018-11-28,1048.76,1086.84,1035.76,53.9038784642517,2475419
2018-11-29,1076.08,1094.245,1076.0,54.0066016705901,1468859
2018-11-30,1089.07,1095.57,1077.88,54.3108013106165,2580612
2018-12-03,1123.14,1124.65,1103.665,54.9062981589553,1990758
2018-12-04,1103.12,1104.42,1049.98,52.1466665142787,2345166
2018-12-06,1034.26,1071.2,1030.77,53.0354455604243,2769225
2018-12-07,1060.01,1075.26,1028.5,51.44001025425,2101206
2018-12-10,1035.05,1048.45,1023.29,51.5873957242139,1807725
2018-12-11,1056.49,1060.6,1039.84,52.192817520025,1394731
2018-12-12,1068.0,1081.65,1062.79,52.7848406367484,1523804
2018-12-13,1068.07,1079.76,1053.93,52.6965086042448,1329768
2018-12-14,1049.98,1062.6,1040.79,51.7139388044859,1686619
2018-12-17,1037.51,1053.15,1007.9,50.4450342701507,2385364
2018-12-18,1026.09,1049.48,1021.44,51.0494635712145,2192533
2018-12-19,1033.99,1062.0,1008.05,50.7666025682536,2479338
2018-12-20,1018.13,1034.22,996.36,50.0917061401363,2673464
2018-12-21,1015.3,1024.02,973.69,48.6094152351464,4595891
2018-12-24,973.9,1003.54,970.11,48.444661107106,1590328
2018-12-26,989.01,1040.0,983.0,51.5829294978514,2373270
2018-12-27,1017.15,1043.89,997.0,51.8022708369895,2109777
2018-12-28,1049.62,1055.56,1033.1,51.4648226229308,1413772
2018-12-31,1050.96,1052.7,1023.59,51.3918742590093,1493722
2019-01-02,1016.57,1052.32,1015.71,51.9000315695917,1532608
2019-01-03,1041.0,1056.98,1014.07,50.4217106435907,1841066
2019-01-04,1032.59,1070.84,1027.418,53.1337025404002,2093894
2019-01-07,1071.5,1074.0,1054.76,53.0185731497214,1981874
2019-01-08,1076.11,1084.56,1060.53,53.4101123275041,1765267
2019-01-09,1081.65,1082.63,1066.4,53.3297202529784,1199272
2019-01-10,1067.66,1071.15,1057.71,53.1148451402028,1456421
2019-01-11,1063.18,1063.775,1048.48,52.4627760912719,1520756
2019-01-14,1046.92,1051.53,1041.255,51.8424668742523,1144263
2019-01-15,1050.17,1080.05,1047.34,53.4532858490087,1463570
2019-01-16,1080.0,1092.375,1079.34,53.6428523457299,1331819
2019-01-17,1079.47,1091.8,1073.5,54.0860012503686,1242664
2019-01-18,1100.0,1108.352,1090.9,54.5008640547113,1955559
2019-01-22,1088.0,1091.51,1063.47,53.1242738403015,1613527
2019-01-23,1077.35,1084.93,1059.75,53.3748787639774,966956
2019-01-24,1076.48,1079.475,1060.7,53.2920054525836,1361673
2019-01-25,1085.0,1094.0,1081.82,54.1400922140927,1119216
2019-01-28,1080.11,1083.0,1063.8,53.1024389558624,1284281
2019-01-29,1072.68,1075.15,1055.865,52.632988940422,1021819
2019-01-30,1068.43,1091.0,1066.85,54.0443164709849,1279822
2019-01-31,1103.0,1117.33,1095.41,55.3995680483292,1538324
2019-02-01,1112.4,1125.0,1104.89,55.1206770243572,1462208
2019-02-04,1112.66,1132.8,1109.02,56.2149024831797,2576470
2019-02-05,1124.84,1146.85,1117.248,56.8694527689788,3552194
2019-02-06,1139.57,1147.0,1112.77,55.3429958477371,2105592
2019-02-07,1104.16,1104.84,1086.0,54.523195186524,2044827
2019-02-08,1087.0,1098.91,1086.55,54.3420648951543,1075769
2019-02-11,1096.95,1105.945,1092.86,54.3395836582862,1065194
2019-02-12,1106.8,1125.295,1105.85,55.6476917351371,1609513
2019-02-13,1124.99,1134.73,1118.5,55.5876458029296,1049781
2019-02-14,1118.05,1128.23,1110.445,55.6625791563455,947632
2019-02-15,1130.08,1131.67,1110.65,55.2645887627058,1449830
2019-02-19,1110.0,1121.89,1110.0,55.5082462231511,1046628
2019-02-20,1119.99,1123.41,1105.28,55.27203247331,1087817
2019-02-21,1110.84,1111.94,1092.52,54.4368481435149,1415473
2019-02-22,1100.9,1111.24,1095.6,55.1018196241599,1049545
2019-02-25,1116.0,1118.54,1107.27,55.0536836289191,1413061
2019-02-26,1105.75,1119.51,1099.92,55.3380333740009,1471743
2019-02-27,1106.95,1117.98,1101.0,55.3836881323735,968760
2019-02-28,1111.3,1127.65,1111.01,55.5757358659628,1542609
2019-03-01,1124.9,1142.97,1124.75,56.6213290821709,1450316
2019-03-04,1146.99,1158.28,1130.69,56.9592735436032,1446047
2019-03-05,1150.06,1169.61,1146.195,57.6654335562583,1443174
2019-03-06,1162.49,1167.566,1155.49,57.4584984014605,1099289
2019-03-07,1155.72,1156.755,1134.91,56.7359622254762,1166559
2019-03-08,1126.73,1147.08,1123.3,56.6873299828618,1212489
2019-03-11,1144.45,1176.19,1144.45,58.3467812002325,1719192
2019-03-12,1178.26,1200.0,1178.26,59.2122366198182,2013115
2019-03-13,1200.645,1200.93,1191.94,59.2181915883016,1435936
2019-03-14,1194.51,1197.88,1184.48,58.8326073790022,1172815
2019-03-15,1193.38,1196.57,1182.61,58.7785164152781,2459957
2019-03-18,1183.3,1190.0,1177.421,58.7685914678058,1292633
2019-03-19,1188.81,1200.0,1185.87,59.492616385911,1520688
2019-03-20,1197.35,1227.14,1196.17,60.7391897884335,2227786
2019-03-21,1216.0,1231.79,1213.15,61.1148490502606,1204045
2019-03-22,1226.32,1230.0,1202.825,59.8226208893654,1714247
2019-03-25,1196.93,1206.398,1187.04,59.2023116723459,1496843
2019-03-26,1198.53,1202.83,1176.72,58.786456373256,1901156
2019-03-27,1185.5,1187.559,1159.37,58.2108094198618,1400240
2019-03-28,1171.54,1171.565,1159.431,57.986009359614,1012430
2019-03-29,1174.9,1178.99,1162.88,58.2252005936967,1269979
2019-04-01,1184.1,1196.66,1182.0,59.2732750467729,1252757
2019-04-02,1195.32,1201.35,1185.71,59.574000955184,827973
2019-04-03,1207.48,1216.3,1200.5,59.8434632790573,1017838
2019-04-04,1205.94,1215.67,1204.13,60.2940558943003,950747
2019-04-05,1214.99,1216.22,1205.03,59.904501706012,907152
2019-04-08,1207.89,1208.69,1199.86,59.7402438253452,860363
2019-04-09,1196.0,1202.29,1193.08,59.4132168061325,876381
2019-04-10,1200.68,1203.785,1196.435,59.6568742665778,724643
2019-04-11,1203.96,1207.96,1200.13,59.7789511204873,710231
2019-04-12,1210.0,1218.35,1208.11,60.436478890528,933794
2019-04-15,1218.0,1224.2,1209.11,60.5967667922058,1187519
2019-04-16,1225.0,1230.82,1220.12,60.8960039584961,856304
2019-04-17,1233.0,1240.56,1227.82,61.3530477895961,1221930
2019-04-18,1239.18,1242.0,1234.61,61.3545365317169,1331823
2019-04-22,1235.99,1249.09,1228.31,61.9733570066156,807334
2019-04-23,1250.69,1269.0,1246.38,62.7529616305658,1319910
2019-04-24,1264.12,1268.01,1255.0,62.3286701261244,1018753
2019-04-25,1264.77,1267.408,1252.03,62.6983744194681,1107295
2019-04-26,1269.0,1273.07,1260.32,63.1315983766345,1241428
2019-04-29,1274.0,1289.27,1266.295,63.8958193320026,2499432
2019-04-30,1185.0,1192.81,1175.0,58.9780078594716,6207027
2019-05-01,1188.05,1188.05,1167.18,57.9656632172957,2642983
2019-05-02,1167.76,1174.19,1155.002,57.694215903928,1944817
2019-05-03,1173.65,1186.8,1169.0,58.825163668398,1980653
2019-05-06,1166.26,1190.85,1166.26,59.0231663704706,1563943
2019-05-07,1180.47,1190.44,1161.04,58.2644041362123,1551368
2019-05-08,1172.01,1180.424,1165.74,57.8758424426713,1309514
2019-05-09,1159.03,1169.66,1150.85,57.6828022143348,1185973
2019-05-10,1163.59,1172.6,1142.5,57.7765929679482,1314546
2019-05-13,1141.96,1147.94,1122.11,56.1766914354113,1860648
2019-05-14,1137.21,1140.42,1119.55,55.6015407293908,1836604
2019-05-15,1117.87,1171.33,1116.666,57.7736154837065,2289302
2019-05-16,1164.51,1188.16,1162.84,58.5065728545368,1531404
2019-05-17,1168.47,1180.15,1160.01,57.6788322353459,1208623
2019-05-20,1144.5,1146.797,1131.443,56.5151321442172,1353292
2019-05-21,1148.49,1152.708,1137.94,57.0500868129749,1160158
2019-05-22,1146.75,1158.52,1145.89,57.1389150928521,914839
2019-05-23,1140.5,1145.973,1129.224,56.6104116399514,1199300
2019-05-24,1147.36,1149.765,1131.66,56.248151057212,1112341
2019-05-28,1134.0,1151.587,1133.12,56.2818958786179,1365166
2019-05-29,1127.52,1129.1,1108.22,55.4040342746918,1538212
2019-05-30,1115.54,1123.13,1112.12,55.4779751333605,951873
2019-05-31,1101.29,1109.6,1100.18,54.7673488943429,1508203
2019-06-03,1065.5,1065.5,1025.0,51.4226415961735,5130576
2019-06-04,1042.9,1056.05,1033.69,52.257329678595,2833483
2019-06-05,1051.54,1053.55,1030.49,51.7198937729693,2168439
2019-06-06,1044.99,1047.49,1033.7,51.8250982161758,1703244
2019-06-07,1050.63,1070.92,1048.4,52.9019550169217,1802370
2019-06-10,1072.98,1092.66,1072.322,53.6135737506866,1464248
2019-06-11,1093.98,1101.99,1077.603,53.5311966866664,1437063
2019-06-12,1078.0,1080.93,1067.54,53.4473308805253,1061255
2019-06-13,1083.64,1094.17,1080.15,54.0299252971501,1058000
2019-06-14,1086.42,1092.69,1080.172,53.8602086953735,1111643
2019-06-17,1086.28,1099.18,1086.28,54.2150255675087,941602
2019-06-18,1109.69,1116.39,1098.99,54.7658601522221,1386684
2019-06-19,1105.6,1107.0,1093.48,54.7028367357729,1339218
2019-06-20,1119.99,1120.12,1104.74,55.1539255983895,1262011
2019-06-21,1109.24,1124.11,1108.08,55.6730003511915,1947591
2019-06-24,1119.61,1122.0,1111.01,55.3573870215719,1395696
2019-06-25,1112.66,1114.35,1083.8,53.9098334327351,1546913
2019-06-26,1086.5,1092.97,1072.24,53.5847914030168,1810869
2019-06-27,1084.0,1087.1,1075.29,53.3967136484165,1004477
2019-06-28,1076.39,1081.0,1073.37,53.6398748614882,1693450
2019-07-01,1098.0,1107.58,1093.703,54.4854803861292,1438504
2019-07-02,1102.24,1111.77,1098.17,55.145489393038,991755
2019-07-03,1117.41,1126.76,1113.86,55.658112929983,767011
2019-07-05,1117.8,1132.88,1116.14,56.1548565509722,1264540
2019-07-08,1125.17,1125.98,1111.21,55.398575553582,1236419
2019-07-09,1111.8,1128.025,1107.17,55.8193933264081,1330370
2019-07-10,1131.22,1142.05,1130.97,56.5960204661165,1209466
2019-07-11,1143.25,1153.07,1139.58,56.7811207364752,1195569
2019-07-12,1143.99,1147.34,1138.78,56.8153618052547,863973
2019-07-15,1146.86,1150.82,1139.4,57.0853203765016,903780
2019-07-16,1146.0,1158.58,1145.0,57.246104525553,1238807
2019-07-17,1150.97,1158.36,1145.77,56.8873176744289,1170047
2019-07-18,1141.74,1147.605,1132.73,56.8863251796817,1291281
2019-07-19,1148.19,1151.14,1129.62,56.0809156923035,1647245
2019-07-22,1133.45,1139.25,1124.24,56.4764248490752,1301846
2019-07-23,1144.0,1146.9,1131.8,56.8803702111983,1093688
2019-07-24,1131.9,1144.0,1126.99,56.4635224173612,1590101
2019-07-25,1137.82,1141.7,1120.92,56.1811576617739,2209881
2019-07-26,1224.04,1265.55,1224.0,62.0512678442733,4805752
2019-07-29,1241.05,1247.37,1228.23,61.5053957332961,2223731
2019-07-30,1225.41,1234.87,1223.3,60.7972507311466,1453263
2019-07-31,1223.0,1234.0,1207.764,60.3774254530677,1725454
2019-08-01,1214.03,1234.11,1205.72,59.9968037175045,1698510
2019-08-02,1200.74,1206.9,1188.94,59.2514401623338,1645067
2019-08-05,1170.04,1175.24,1140.14,57.1835773564775,2597455
2019-08-06,1163.31,1179.96,1160.0,58.0584614761618,1709374
2019-08-07,1156.0,1178.445,1149.624,58.2589454151026,1444324
2019-08-08,1182.83,1205.01,1173.02,59.7878835732123,1467997
2019-08-09,1197.99,1203.88,1183.603,58.9546842329117,1065658
2019-08-12,1179.21,1184.96,1167.672,58.2946752260029,1003187
2019-08-13,1171.46,1204.78,1171.46,59.4142093008798,1318009
2019-08-14,1176.31,1182.3,1160.54,57.7775854626954,1578668
2019-08-15,1163.5,1175.84,1162.11,57.9249709326592,1224739
2019-08-16,1179.55,1182.72,1171.81,58.4380907169778,1349436
2019-08-19,1190.09,1206.99,1190.09,59.4727664909664,1232517
2019-08-20,1195.25,1196.06,1182.11,58.6906806301482,915605
2019-08-21,1193.15,1199.0,1187.43,59.1154683819632,741053
2019-08-22,1194.07,1198.012,1178.58,59.0301138337013,947906
2019-08-23,1181.99,1194.08,1147.75,57.1324638769951,1688271
2019-08-26,1157.26,1169.47,1152.96,58.0058592545586,1226441
2019-08-27,1180.53,1182.4,1161.45,57.9537532803289,1077452
2019-08-28,1161.71,1176.42,1157.3,58.1115599451387,770915
2019-08-29,1181.12,1196.06,1181.12,59.1948679617417,1088858
2019-08-30,1198.5,1198.5,1183.803,58.9591504592742,1129959
2019-09-03,1177.03,1186.89,1163.2,57.9810468858778,1480420
2019-09-04,1176.71,1183.48,1171.0,58.6271609663254,1068968
2019-09-05,1191.53,1213.04,1191.53,60.1144143450514,1408601
2019-09-06,1208.13,1212.015,1202.522,59.7943347890694,1072143
2019-09-09,1204.0,1220.0,1192.62,59.7685299256413,1471880
2019-09-10,1195.15,1210.0,1194.58,59.8474332580462,1260115
2019-09-11,1203.41,1222.6,1202.2,60.5506157864596,1307033
2019-09-12,1224.3,1241.86,1223.02,61.2493320885104,1725908
2019-09-13,1231.35,1240.88,1227.01,61.5128394439003,1301350
2019-09-16,1229.52,1239.56,1225.61,61.1029391132938,1053299
2019-09-17,1230.4,1235.0,1223.69,60.9962459279664,958112
2019-09-18,1227.51,1235.61,1216.53,61.1580225717651,1144333
2019-09-19,1232.06,1244.44,1232.02,61.470658417143,1000155
2019-09-20,1233.12,1243.32,1223.08,61.0349532231085,2337269
2019-09-23,1226.0,1239.09,1224.17,61.2384146462909,1075253
2019-09-24,1240.0,1246.74,1210.68,60.4806449067798,1591786
2019-09-25,1215.82,1248.3,1210.09,61.8582276159368,1593875
2019-09-26,1241.96,1245.0,1232.268,61.603652713272,1561882
2019-09-27,1243.01,1244.02,1214.45,60.7947694942785,1354432
2019-09-30,1220.97,1226.0,1212.3,60.4925548437466,1419676
2019-10-01,1219.0,1231.23,1203.58,59.8027709944208,1358279
2019-10-02,1196.98,1196.98,1171.29,58.3899547217371,1639237
2019-10-03,1180.0,1189.06,1162.43,58.9457517801866,1663656
2019-10-04,1191.89,1211.44,1189.17,59.9963074701309,1183264
2019-10-07,1204.4,1218.204,1203.75,59.9308028168137,867149
2019-10-08,1197.59,1206.08,1189.01,59.0102639387566,1141784
2019-10-09,1199.35,1208.35,1197.63,59.6643179771821,876632
2019-10-10,1198.58,1215.0,1197.34,59.9799313068016,932531
2019-10-11,1222.21,1228.39,1213.74,60.316387026113,1277144
2019-10-14,1212.34,1226.33,1211.76,60.4002528322541,882039
2019-10-15,1220.4,1247.33,1220.4,61.6840447877977,1395259
2019-10-16,1241.17,1254.74,1238.45,61.7153083723355,1168174
2019-10-17,1250.93,1263.325,1249.94,62.183269645655,980510
2019-10-18,1253.46,1258.89,1241.08,61.8071141364544,1321924
2019-10-21,1252.26,1254.629,1240.6,61.839866463113,1026750
2019-10-22,1247.85,1250.6,1241.38,61.6736235929518,1047851
2019-10-23,1242.36,1259.89,1242.36,62.4839955540661,928595
2019-10-24,1260.9,1264.0,1253.715,62.5762975655586,1039868
2019-10-25,1251.03,1269.6,1250.01,62.7817439782355,1213051
2019-10-28,1275.45,1299.31,1272.54,64.0159111964176,2524976
2019-10-29,1276.23,1281.59,1257.212,62.657185887458,1886380
2019-10-30,1252.97,1269.36,1252.0,62.5911849867671,1408851
2019-10-31,1261.28,1267.67,1250.843,62.5326277966804,1455651
2019-11-01,1265.0,1274.62,1260.5,63.2090129669186,1670072
2019-11-04,1276.45,1294.13,1276.355,64.0838970866029,1500964
2019-11-05,1292.89,1298.93,1291.229,64.1166494132616,1282711
2019-11-06,1289.46,1293.73,1282.5,64.1052357236684,1152977
2019-11-07,1294.28,1323.74,1294.245,64.9518337430567,2029970
2019-11-08,1305.28,1318.0,1304.365,65.0763918338342,1251916
2019-11-11,1303.18,1306.425,1297.41,64.4719625327704,1012429
2019-11-12,1300.0,1310.0,1295.77,64.4526088851994,1085859
2019-11-13,1294.07,1304.3,1293.51,64.4129090953101,853861
2019-11-14,1297.5,1317.0,1295.65,65.0808580601968,1194305
2019-11-15,1318.94,1334.88,1314.28,66.242573161831,1782955
2019-11-18,1332.22,1335.529,1317.5,65.5393906334176,1488083
2019-11-19,1327.7,1327.7,1312.8,65.279357009643,1269372
2019-11-20,1311.74,1315.0,1291.15,64.663514018986,1309835
2019-11-21,1301.48,1312.59,1293.0,64.5791519654714,995499
2019-11-22,1305.62,1308.73,1291.41,64.2809072939284,1386506
2019-11-25,1299.18,1311.31,1298.13,64.8441480629821,1036487
2019-11-26,1309.86,1314.8,1305.09,65.1845737612824,1069795
2019-11-27,1315.0,1318.36,1309.63,65.15678390836,996329
2019-11-29,1307.12,1310.205,1303.97,64.7582972673466,586981
2019-12-02,1301.0,1305.83,1281.0,64.0119412174287,1511851
2019-12-03,1279.57,1298.461,1279.0,64.2779298096867,1268647
2019-12-04,1307.01,1325.8,1304.87,65.5314506754398,1538110
2019-12-05,1328.0,1329.358,1316.44,65.908102432014,1212818
2019-12-06,1333.44,1344.0,1333.44,66.52791540166,1315510
2019-12-09,1338.04,1359.45,1337.84,66.673812129503,1355795
2019-12-10,1341.5,1349.975,1336.04,66.7283993406007,1094653
2019-12-11,1350.84,1351.2,1342.67,66.7462642460509,850796
2019-12-12,1345.94,1355.775,1340.5,67.0067941171991,1281722
2019-12-13,1347.95,1353.093,1343.87,66.8857097580368,1550028
2019-12-16,1356.5,1364.68,1352.67,67.5477037544401,1397451
2019-12-17,1362.89,1365.0,1351.323,67.2474740934026,1855259
2019-12-18,1356.6,1360.47,1351.0,67.1234122499987,1657069
2019-12-19,1351.82,1358.1,1348.985,67.2931288517753,1470112
2019-12-20,1363.35,1363.64,1349.0,66.9730492957932,3316905
2019-12-23,1355.87,1359.8,1346.51,66.935830742772,883200
2019-12-24,1348.5,1350.26,1342.78,66.673812129503,347518
2019-12-26,1346.17,1361.327,1344.47,67.5094927066717,667754
2019-12-27,1362.99,1364.53,1349.31,67.0871861917248,1038718
2019-12-30,1350.0,1353.0,1334.02,66.3055965782802,1051323
2019-12-31,1330.11,1338.0,1329.085,66.3492663471583,962468
2020-01-02,1341.55,1368.14,1341.55,67.8553771260818,1406731
2020-01-03,1347.86,1372.5,1345.544,67.5223951383857,1187006
2020-01-06,1350.0,1396.5,1350.0,69.1873050768662,1733149
2020-01-07,1397.94,1402.99,1390.38,69.1441315553616,1511693
2020-01-08,1392.08,1411.58,1390.84,69.6890111715916,1529177
2020-01-09,1420.57,1427.33,1410.27,70.4586908480695,1502664
2020-01-10,1427.56,1434.929,1418.35,70.9499757479489,1821566
2020-01-13,1436.13,1440.52,1426.02,71.4214107528838,1378286
2020-01-14,1439.01,1441.8,1428.37,71.0070441959147,1560453
2020-01-15,1430.21,1441.395,1430.21,71.419922010763,1282685
2020-01-16,1447.44,1451.99,1440.92,72.0402312277825,1173688
2020-01-17,1462.91,1481.295,1458.22,73.4639649426858,2396215
2020-01-21,1479.12,1491.85,1471.2,73.6629601395057,2008830
2020-01-22,1491.0,1503.214,1484.93,73.7398784824161,1610846
2020-01-23,1487.64,1495.52,1482.1,73.7746157985692,1351354
2020-01-24,1493.59,1495.495,1465.25,72.7850985355796,1784644
2020-01-27,1431.0,1438.07,1421.2,71.1569109027467,1755201
2020-01-28,1443.0,1456.0,1432.47,72.0829085019135,1577422
2020-01-29,1458.8,1465.43,1446.74,72.3841306576982,1078667
2020-01-30,1439.96,1457.28,1436.4,72.2456776404594,1339421
2020-01-31,1468.9,1470.13,1428.53,71.173287066076,2417214
2020-02-03,1462.0,1490.0,1458.99,73.7393822350425,3055216
2020-02-04,1457.07,1469.5,1426.3,71.8104686937985,3932954
2020-02-05,1462.42,1463.84,1430.56,71.8680333891379,1986157
2020-02-06,1450.33,1482.0,1449.57,73.2575260352617,1679384
2020-02-07,1467.3,1485.84,1466.35,73.4064002473464,1172270
2020-02-10,1474.32,1509.5,1474.32,74.8678487626444,1419876
2020-02-11,1511.81,1529.63,1505.638,74.8733074837542,1344633
2020-02-12,1514.48,1520.695,1508.11,75.3437499939418,1167565
2020-02-13,1512.69,1527.18,1504.6,75.1646046920666,929730
2020-02-14,1515.6,1520.74,1507.34,75.4663230952249,1197836
2020-02-18,1515.0,1531.63,1512.59,75.413224626248,1121140
2020-02-19,1525.07,1532.106,1521.4,75.7615902825262,949268
2020-02-20,1522.0,1529.64,1506.82,75.3377950254584,1096552
2020-02-21,1508.03,1512.215,1480.44,73.6981937030324,1732273
2020-02-24,1426.11,1436.97,1411.39,70.5460303858258,2867053
2020-02-25,1433.0,1438.14,1382.4,68.9014665896636,2478278
2020-02-26,1396.14,1415.7,1379.0,69.1361915973838,2204037
2020-02-27,1362.06,1371.704,1317.17,65.4098700689039,2978300
2020-02-28,1277.5,1341.14,1271.0,66.4638994904635,3790618
2020-03-02,1351.61,1390.87,1326.815,68.9342189163222,2431468
2020-03-03,1399.42,1410.15,1332.0,66.5661264494284,2402326
2020-03-04,1359.23,1388.09,1343.11,68.8056908465558,1913315
2020-03-05,1350.2,1358.91,1305.1,65.4570135693974,2561288
2020-03-06,1277.06,1306.22,1261.05,64.4332552376284,2660628
2020-03-09,1205.3,1254.76,1200.0,60.3218457472228,3365365
2020-03-10,1260.0,1281.15,1218.77,63.539017470373,2611373
2020-03-11,1249.7,1260.96,1196.07,60.3144020366185,2611229
2020-03-12,1126.0,1193.87,1113.3,55.3271159317814,4226748
2020-03-13,1179.0,1219.76,1117.143,60.5287809020205,3700125
2020-03-16,1096.0,1152.267,1074.44,53.8095914632647,4252365
2020-03-17,1093.11,1130.86,1056.01,55.5697808974794,3861489
2020-03-18,1056.51,1106.5,1037.28,54.4284119381634,4233435
2020-03-19,1093.05,1157.97,1060.108,55.3459733319787,3651106
2020-03-20,1135.72,1143.99,1065.49,53.2135983675523,3601750
2020-03-23,1061.32,1071.32,1013.536,52.4344899909758,4044137
2020-03-24,1103.77,1135.0,1090.62,56.2972795471999,3344450
2020-03-25,1126.47,1148.9,1086.01,54.7107766937507,4081528
2020-03-26,1111.8,1169.97,1093.53,57.651538629797,3573755
2020-03-27,1125.67,1150.67,1105.91,55.1186920348628,3208495
2020-03-30,1125.04,1151.63,1096.48,56.9106413009889,2574061
2020-03-31,1147.3,1175.31,1138.14,57.7041408514003,2487983
2020-04-01,1122.0,1129.69,1097.45,54.8661021216924,2344173
2020-04-02,1098.26,1126.86,1096.4,55.6213906243354,1964881
2020-04-03,1119.015,1123.54,1079.81,54.4820066545139,2313400
2020-04-06,1138.0,1194.66,1130.94,58.9005932691876,2664723
2020-04-07,1221.0,1225.0,1182.23,58.8802471268693,2387329
2020-04-08,1206.5,1219.07,1188.16,60.0598271339537,1975135
2020-04-09,1224.08,1225.57,1196.735,60.1178880766668,2175421
2020-04-13,1209.18,1220.51,1187.598,60.4210952219459,1739828
2020-04-14,1245.09,1282.07,1236.93,62.9852054014179,2470353
2020-04-15,1245.61,1280.46,1240.4,62.6497421768537,1671703
2020-04-16,1274.1,1279.0,1242.62,62.6993669142153,2518099
2020-04-17,1284.85,1294.43,1271.23,63.680944219227,1949042
2020-04-20,1271.0,1281.6,1261.37,62.8551885895306,1695488
2020-04-21,1247.0,1254.27,1209.71,60.3605530423648,2153003
2020-04-22,1245.54,1285.613,1242.0,62.6864644825013,2093140
2020-04-23,1271.55,1293.31,1265.67,63.3365485419378,1566203
2020-04-24,1261.17,1280.4,1249.45,63.4854227540225,1640394
2020-04-27,1296.0,1296.15,1269.0,63.3152099048723,1600563
2020-04-28,1287.93,1288.05,1232.2,61.2205497408407,2951309
2020-04-29,1341.46,1359.99,1325.34,66.5705926757909,3793630
2020-04-30,1324.88,1352.82,1322.49,66.9268982900469,2668906
2020-05-01,1328.5,1352.07,1311.0,65.5349244070551,2072639
2020-05-04,1308.23,1327.66,1299.0,65.8421015313232,1504017
2020-05-05,1337.92,1373.94,1337.46,67.0484788965828,1651533
2020-05-06,1361.69,1371.12,1347.29,66.8594086472352,1215423
2020-05-07,1365.94,1377.6,1355.27,68.1129295129883,1399759
2020-05-08,1383.13,1398.76,1375.48,68.8974966106747,1388068
2020-05-11,1378.28,1416.53,1377.152,69.6364089499883,1412116
2020-05-12,1407.12,1415.0,1374.77,68.2707361777981,1390600
2020-05-13,1377.05,1385.482,1328.4,66.9601468640792,1812585
2020-05-14,1335.02,1357.42,1323.91,67.2975950781378,1603077
2020-05-15,1350.0,1374.48,1339.0,68.1441930975261,1707747
2020-05-18,1361.75,1392.325,1354.25,68.6776590241629,1823964
2020-05-19,1386.997,1392.0,1373.485,68.1588323950478,1280649
2020-05-20,1389.58,1410.42,1387.25,69.8081105412594,1655375
2020-05-21,1408.0,1415.49,1393.45,69.613581570802,1378020
2020-05-22,1396.71,1412.76,1391.83,69.9917220694971,1309408
2020-05-26,1437.27,1441.0,1412.13,70.3192453360835,2060643
2020-05-27,1417.25,1421.74,1391.29,70.3599376207199,1686142
2020-05-28,1396.86,1440.84,1396.0,70.3048541622486,1693976
2020-05-29,1416.94,1432.57,1413.35,70.9097797106861,1838059
2020-06-01,1418.39,1437.96,1418.0,71.0536914490346,1217140
2020-06-02,1430.55,1439.61,1418.83,71.4209145055102,1278128
2020-06-03,1438.3,1446.552,1429.777,71.2799802514033,1256186
2020-06-04,1430.4,1438.96,1404.73,70.0790616072535,1484272
2020-06-05,1413.17,1445.05,1406.0,71.3797259735001,1735244
2020-06-08,1422.34,1447.99,1422.34,71.7876413146121,1404178
2020-06-09,1445.36,1468.0,1443.21,72.2615575564151,1409249
2020-06-10,1459.54,1474.259,1456.27,72.7424212614486,1525153
2020-06-11,1442.48,1454.475,1402.0,69.665191297658,1991332
2020-06-12,1428.49,1437.0,1386.02,70.1286863446151,1946367
2020-06-15,1390.8,1424.8,1387.92,70.4596833428167,1506096
2020-06-16,1445.22,1455.02,1425.9,71.5946010862757,1711614
2020-06-17,1447.16,1460.0,1431.38,72.0114488801128,1549615
2020-06-18,1449.16,1451.41,1427.01,71.2591378617115,1581916
2020-06-19,1444.0,1447.8,1421.35,71.0487289752985,3157875
2020-06-22,1429.0,1452.75,1423.21,72.0481711857604,1542440
2020-06-23,1455.64,1475.941,1445.24,72.670961639648,1429764
2020-06-24,1461.51,1475.42,1429.75,71.0611351596389,1756022
2020-06-25,1429.9,1442.9,1420.0,71.5256227013431,1230474
2020-06-26,1431.39,1433.45,1351.99,67.4846803379909,4267698
2020-06-29,1358.18,1395.6,1347.01,69.225019877261,1810180
2020-06-30,1390.44,1418.65,1383.96,70.1500249816805,2042381
2020-07-01,1411.1,1443.0,1409.82,71.3623573154235,1775613
2020-07-02,1446.94,1482.95,1446.42,72.6853528134828,1859790
2020-07-06,1480.06,1506.59,1472.86,74.2237196716913,1563997
2020-07-07,1490.0,1516.8,1483.55,73.7016674346477,1458216
2020-07-08,1494.32,1505.88,1485.63,74.2386070928998,1249731
2020-07-09,1506.45,1522.72,1488.085,74.9824819059496,1423322
2020-07-10,1506.15,1543.83,1496.54,76.5084425798177,1857204
2020-07-13,1550.0,1577.132,1505.243,74.9998505640262,1846424
2020-07-14,1490.31,1522.95,1483.5,75.458383137247,1585021
2020-07-15,1523.13,1535.33,1498.0,75.1139874599578,1761036
2020-07-16,1500.0,1518.69,1486.31,75.3303513148542,1519346
2020-07-17,1521.62,1523.44,1498.42,75.2087707083184,1457014
2020-07-20,1515.26,1570.29,1503.6,77.698443781748,1547136
2020-07-21,1586.99,1586.99,1554.28,77.3361831990086,1183101
2020-07-22,1560.5,1570.0,1546.1,77.8359043042396,931985
2020-07-23,1566.97,1571.87,1507.3918,75.2152219241754,1627634
2020-07-24,1498.93,1517.6362,1488.4,75.0261516748278,1544404
2020-07-27,1515.6,1540.97,1515.21,75.9357731106653,1245980
2020-07-28,1525.18,1526.48,1497.66,74.453978453049,1702174
2020-07-29,1506.32,1531.2522,1501.33,75.5298427590477,1106534
2020-07-30,1497.0,1537.87,1492.22,75.9978040323672,1671396
2020-07-31,1505.01,1508.95,1454.03,73.591500517705,3429036
2020-08-03,1486.64,1490.47,1465.64,73.1691940027581,2331514
2020-08-04,1476.57,1485.56,1458.65,72.6987514925705,1903489
2020-08-05,1469.3,1482.41,1463.46,73.1275092233744,1979957
2020-08-06,1471.75,1502.39,1466.0,74.4420685160822,1995368
2020-08-07,1500.0,1516.845,1481.64,74.1636737394838,1577826
2020-08-10,1487.18,1504.075,1473.08,74.2435695666359,1289530
2020-08-11,1492.44,1510.0,1478.0,73.4604912110705,1454365
2020-08-12,1485.58,1512.3859,1485.25,74.7656218036796,1437655
2020-08-13,1510.34,1537.25,1508.005,75.3526824466669,1455208
2020-08-14,1515.66,1521.9,1502.88,74.8207052621509,1355200
2020-08-17,1514.67,1525.61,1507.97,75.329358820107,1364082
2020-08-18,1526.18,1562.47,1523.71,77.3451156517337,2027086
2020-08-19,1553.31,1573.68,1543.95,76.7957698091412,1660611
2020-08-20,1543.45,1585.87,1538.2,78.4939283216539,1706877
2020-08-21,1577.03,1597.72,1568.005,78.427927420963,1446453
2020-08-24,1593.98,1614.17,1580.57,78.814007877636,1410229
2020-08-25,1582.07,1611.62,1582.07,79.8074951196145,2132084
2020-08-26,1608.0,1659.22,1603.6,81.9989235215012,3581072
2020-08-27,1653.68,1655.0,1625.75,81.1031970121249,1861602
2020-08-28,1633.49,1647.1699,1630.75,81.6034143647295,1499782
2020-08-31,1647.89,1647.965,1630.31,81.0957533015207,1823406
2020-09-01,1636.63,1665.73,1632.22,82.412297583723,1826655
2020-09-02,1673.7754,1733.1799,1666.3301,85.7654410872439,2511180
2020-09-03,1709.7143,1709.7143,1615.06,81.4758787897103,3107763
2020-09-04,1624.26,1645.11,1547.6125,78.9549421317428,2608568
2020-09-08,1533.51,1563.865,1528.01,76.0444512854871,2610884
2020-09-09,1557.53,1569.0,1536.0511,77.2637310824607,1774704
2020-09-10,1560.64,1584.081,1525.805,76.0260901326633,1618557
2020-09-11,1536.0,1575.2,1497.36,75.4653306004777,1597087
2020-09-14,1539.005,1563.9999,1515.74,75.393870978677,1696589
2020-09-15,1536.0,1559.57,1531.835,76.4935551586093,1331082
2020-09-16,1555.54,1562.0,1519.82,75.4742630532027,1312299
2020-09-17,1496.0,1508.2984,1470.0001,74.2152834663399,1879751
2020-09-18,1498.01,1503.0032,1437.13,72.4516203005099,3103882
2020-09-21,1440.06,1448.36,1406.55,71.020939122376,2888827
2020-09-22,1450.09,1469.52,1434.53,72.7230676138776,1583201
2020-09-23,1458.78,1460.96,1407.7,70.229424561459,1657350
2020-09-24,1411.03,1443.7088,1409.85,70.8785161261483,1450216
2020-09-25,1432.63,1450.0,1413.34,71.7057604979656,1323375
2020-09-28,1474.21,1476.8,1449.3012,72.6764203607578,2007941
2020-09-29,1470.39,1476.6632,1458.805,72.9151153474669,979102
2020-09-30,1466.8,1489.75,1459.88,72.9285140265545,1701608
2020-10-01,1484.27,1499.04,1479.21,73.9453248950929,1779497
2020-10-02,1462.03,1483.2,1450.92,72.3737094628522,1284071
2020-10-05,1466.21,1488.21,1464.27,73.7433522140314,1113257
2020-10-06,1475.58,1486.76,1448.5901,72.1265782707916,1245423
2020-10-07,1464.29,1468.96,1436.0,72.4665077217183,1746156
2020-10-08,1465.09,1490.0,1465.09,73.7388859876689,1187831
2020-10-09,1494.7,1516.52,1489.45,75.1923945449891,1435542
2020-10-12,1543.0,1593.86,1532.57,77.8686566308982,2482560
2020-10-13,1583.73,1590.0,1563.2,77.994207216423,1601043
2020-10-14,1578.59,1587.6841,1550.53,77.8155581619213,1930990
2020-10-15,1547.15,1575.105,1545.03,77.3714167625353,1540817
2020-10-16,1565.85,1581.13,1563.0,78.0602081171138,1435137
2020-10-19,1580.46,1588.15,1528.0,76.1546182024298,1607075
2020-10-20,1527.05,1577.5,1525.67,77.2126176029783,2242572
2020-10-21,1573.33,1618.73,1571.6301,79.0675902855536,2568345
2020-10-22,1593.05,1621.99,1585.0,80.1603270022552,1434042
2020-10-23,1626.07,1642.36,1620.51,81.4341940103266,1375844
2020-10-26,1625.01,1638.24,1576.5,78.9256635366995,1853254
2020-10-27,1595.67,1606.845,1582.78,79.6109811596627,1229002
2020-10-28,1559.74,1561.35,1514.62,75.2618691772952,1833959
2020-10-29,1522.36,1593.71,1522.24,77.7738733825376,2003064
2020-10-30,1672.11,1687.0,1604.46,80.4421955104689,4330862
2020-11-02,1628.16,1660.77,1616.03,80.691311692024,2535446
2020-11-03,1631.78,1661.7,1616.6201,81.8912378414266,1661653
2020-11-04,1710.28,1771.365,1706.0301,86.8001168612325,3570927
2020-11-05,1781.0,1793.64,1750.51,87.5067731212612,2065812
2020-11-06,1753.95,1772.43,1740.35,87.4263810467354,1661225
2020-11-09,1790.9,1818.06,1760.02,87.4884119684374,2268270
2020-11-10,1731.09,1763.0,1717.3,86.3663966566924,2636142
2020-11-11,1750.0,1764.22,1747.365,86.9777734209869,1263966
2020-11-12,1747.63,1768.27,1745.6,86.8353504247592,1248754
2020-11-13,1757.63,1781.04,1744.55,88.1841507862465,1500574
2020-11-16,1771.7,1799.07,1767.69,88.4005146411429,1246785
2020-11-17,1776.94,1785.0,1767.0,87.8432288405726,1147114
2020-11-18,1765.23,1773.47,1746.14,86.6834987284328,1173466
2020-11-19,1738.38,1769.5897,1737.005,87.53406672681,1249910
2020-11-20,1765.21,1774.0,1741.86,86.4557211839432,2313655
2020-11-23,1749.6,1753.9,1717.72,86.091971859083,2161975
2020-11-24,1730.5,1771.6,1727.69,87.7802054241234,1491698
2020-11-25,1772.89,1778.54,1756.54,87.9067485043954,1046122
2020-11-27,1773.09,1804.0,1772.44,88.986582789383,884916
2020-11-30,1781.1844,1788.065,1755.0,87.3762600620003,1823836
2020-12-01,1774.37,1824.83,1769.37,89.2302402498283,1693593
2020-12-02,1798.1,1835.65,1789.4725,90.711538660071,1222032
2020-12-03,1824.01,1847.2,1822.65,90.6529814699843,1227298
2020-12-04,1824.52,1833.16,1816.99,90.7135236495654,1378166
2020-12-07,1819.0,1832.37,1805.78,90.2912171346185,1320946
2020-12-08,1810.1,1821.9,1796.2047,90.2450661288723,1096319
2020-12-09,1812.01,1834.27,1767.81,88.5369826688872,1507558
2020-12-10,1769.8,1781.31,1740.32,88.1002849801055,1362848
2020-12-11,1763.06,1784.45,1760.0,88.4198682887139,1220651
2020-12-14,1775.0,1797.39,1757.215,87.3425152405944,1600173
2020-12-15,1764.42,1771.42,1749.95,87.7251219656521,1482261
2020-12-16,1772.88,1773.0,1756.08,87.4884119684374,1513543
2020-12-17,1768.51,1771.7836,1738.66,86.7390784342778,1624744
2020-12-18,1754.18,1755.11,1720.22,85.9009166202409,4016353
2020-12-21,1713.51,1740.85,1699.0,86.3157794245836,1828378
2020-12-22,1734.43,1737.405,1712.575,85.5282348426556,938346
2020-12-23,1728.11,1747.99,1725.04,85.9689025104263,1033917
2020-12-24,1735.0,1746.0,1729.11,86.2899745611556,346753
2020-12-28,1751.635,1790.7276,1746.335,88.1379997805003,1390962
2020-12-29,1787.79,1792.44,1756.09,87.2760180925299,1299395
2020-12-30,1762.01,1765.095,1725.6,86.3232231351879,1306130
2020-12-31,1735.42,1758.93,1735.42,86.9365848889768,1012240
2021-01-04,1757.54,1760.65,1707.85,85.7634560977494,1901855
2021-01-05,1725.0,1747.67,1718.015,86.3926977674941,1145347
2021-01-06,1702.63,1748.0,1699.0,86.1133104961484,2602114
2021-01-07,1740.06,1788.4,1737.05,88.6918118494553,2265022
2021-01-08,1787.98,1809.84,1773.535,89.6823216071921,2051002
2021-01-11,1786.07,1794.315,1760.5201,87.6730159914224,1209735
2021-01-12,1753.92,1778.04,1725.31,86.6720850388397,1356464
2021-01-13,1738.58,1765.035,1738.01,87.0616392271279,1094131
2021-01-14,1753.62,1775.01,1733.4,86.3559754618465,1179477
2021-01-15,1738.19,1756.0,1721.55,86.1579727597739,1342170
2021-01-19,1752.25,1809.275,1741.46,88.8709571513306,1734614
2021-01-20,1831.46,1903.71,1825.53,93.6369169275352,2490258
2021-01-21,1898.0,1934.86,1887.11,93.852784535058,2063932
2021-01-22,1895.68,1910.95,1881.76,94.3391069612013,1272232
2021-01-25,1920.67,1929.58,1867.53,94.2572261445547,1927320
2021-01-26,1888.84,1925.0,1884.245,95.142531459085,1313139
2021-01-27,1882.53,1890.0,1809.0,90.8524729141778,2748292
2021-01-28,1843.94,1898.83,1842.64,92.4563444257036,1773138
2021-01-29,1846.17,1857.28,1810.2,91.0981153641176,1612552
2021-02-01,1853.57,1922.3918,1850.93,94.3539943824098,1602182
2021-02-02,1922.56,1955.76,1914.49,95.6521775117883,2103864
2021-02-03,2073.0,2116.5,2018.38,102.726680070053,4118170
2021-02-04,2068.89,2078.55,2042.59,102.344569592369,1852329
2021-02-05,2070.0,2102.51,2059.33,104.112698984561,1535135
2021-02-08,2105.91,2123.5469,2072.0,103.860109071391,1242411
2021-02-09,2078.54,2105.13,2078.54,103.393636540192,886247
2021-02-10,2094.21,2108.37,2063.09,103.982682172674,1132741
2021-02-11,2099.51,2102.03,2077.32,104.007990788728,945650
2021-02-12,2090.25,2108.82,2083.13,104.415906129841,855865
2021-02-16,2104.36,2152.68,2104.36,105.298730207503,1133838
2021-02-17,2100.0,2133.66,2098.92,105.61682477399,1020252
2021-02-18,2110.39,2132.735,2103.71,105.065493941903,1121855
2021-02-19,2119.27,2130.53,2097.41,104.268520659877,1457612
2021-02-22,2067.0,2091.42,2062.14,102.469127683146,1349856
2021-02-23,2025.01,2082.01,2002.02,102.765883612569,1667377
2021-02-24,2041.83,2100.78,2038.13,103.972260977828,1248349
2021-02-25,2067.45,2094.88,2021.29,100.805706486787,1761201
2021-02-26,2050.52,2071.0099,2016.06,101.078642542275,2076974
2021-03-01,2056.52,2086.52,2046.1,103.294387065469,1405115
2021-03-02,2076.19,2104.37,2071.26,103.013014804629,1134595
2021-03-03,2067.21,2088.518,2010.0,100.574951458055,1484181
2021-03-04,2023.37,2089.24,2020.27,101.685553080207,2118006
2021-03-05,2073.12,2118.11,2046.415,104.635743716352,2195218
2021-03-08,2101.13,2128.81,2021.61,100.448904625157,1647429
2021-03-09,2070.0,2078.04,2047.83,101.864698382082,1697306
2021-03-10,2071.76,2075.0,2033.37,101.980324020135,1268592
2021-03-11,2074.06,2125.7,2072.38,104.944905830115,1239080
2021-03-12,2085.0,2090.26,2047.55,102.322238460556,1725794
2021-03-15,2062.3,2067.06,2043.51,102.549023510298,1298325
2021-03-16,2078.99,2123.56,2070.0,103.84075542382,1491564
2021-03-17,2076.03,2109.78,2054.0,103.769295802019,1299016
2021-03-18,2061.0,2075.5,2033.55,101.046882710364,1362430
2021-03-19,2042.05,2053.1,2017.68,101.393263377148,2314893
2021-03-22,2041.84,2057.99,2026.07,101.164493337911,1954816
2021-03-23,2051.7,2072.3025,2039.22,101.877600813796,1366997
2021-03-24,2065.37,2078.21,2041.555,101.48556538864,1154029
2021-03-25,2044.81,2058.87,2010.73,101.450828072487,1418907
2021-03-26,2038.86,2050.99,2014.0201,101.013634136332,1493800
2021-03-29,2027.88,2058.43,2015.62,102.025978778508,1229777
2021-03-30,2057.63,2070.78,2044.03,102.005632636189,1036774
2021-03-31,2059.12,2093.3273,2056.745,102.655220448252,1459930
2021-04-01,2097.95,2142.94,2096.89,106.085282294684,1698978
2021-04-05,2152.94,2237.31,2151.62,110.442334235029,2164875
2021-04-06,2222.5,2237.66,2214.8,110.40263444514,1353036
2021-04-07,2226.13,2255.0,2225.3303,111.639779147563,1289861
2021-04-08,2277.96,2284.005,2257.68,112.421865008382,1358259
2021-04-09,2256.7,2289.04,2253.7139,113.436194640052,1044365
2021-04-12,2266.25,2275.32,2238.465,111.893361555481,1565851
2021-04-13,2261.47,2277.21,2256.09,112.512678277753,1165804
2021-04-14,2275.16,2277.99,2249.19,111.895842792349,1010967
2021-04-15,2276.98,2306.5965,2266.0,113.97114930881,1373612
2021-04-16,2303.0,2306.44,2284.45,114.025736519907,1130090
2021-04-19,2291.98,2318.45,2287.845,114.255995301265,1234445
2021-04-20,2307.89,2309.6,2271.71,113.820786354604,1088749
2021-04-21,2285.25,2295.32,2258.57,113.803913943901,1196731
2021-04-22,2293.23,2303.7621,2256.45,112.544934357038,1054808
2021-04-23,2283.47,2325.82,2278.21,114.896154413229,1435162
2021-04-26,2319.93,2341.26,2313.84,115.463861408645,1041650
2021-04-27,2336.0,2337.45,2304.27,114.490224061612,1598583
2021-04-28,2407.145,2452.378,2374.85,118.10240869416,2986439
2021-04-29,2410.33,2436.52,2402.28,120.582653067491,1977677
2021-04-30,2404.49,2427.14,2402.16,119.601572009853,1957130
2021-05-03,2402.72,2419.7,2384.5,118.859682186297,1689389
2021-05-04,2369.74,2379.26,2311.7,116.829037933462,1756015
2021-05-05,2368.42,2382.2,2351.41,116.952603529492,1090275
2021-05-06,2350.64,2382.71,2342.3382,118.173868315961,1030859
2021-05-07,2400.0,2416.41,2390.0,119.03436126181,1163892
2021-05-10,2374.89,2378.0,2334.73,116.20426249008,1300271
2021-05-11,2291.86,2322.0,2283.0,114.571608630885,1605548
2021-05-12,2261.71,2285.37,2230.05,111.113756931531,1746664
2021-05-13,2261.09,2276.6012,2242.72,112.249667169737,1333508
2021-05-14,2291.83,2321.14,2283.32,114.93883168736,1331248
2021-05-17,2309.32,2323.34,2295.0,115.199361558508,992416
2021-05-18,2336.9056,2343.15,2303.16,114.307108780747,865119
2021-05-19,2264.4,2316.76,2263.52,114.569127394017,967544
2021-05-20,2328.04,2360.34,2321.09,116.920347450207,1191593
2021-05-21,2365.99,2368.9999,2342.37,116.374971586604,1141632
2021-05-24,2367.0,2418.48,2360.11,119.430366665955,1062189
2021-05-25,2420.0,2432.89,2402.99,119.549466035623,941928
2021-05-26,2412.835,2442.944,2412.515,120.763287111487,1092819
2021-05-27,2436.94,2440.0,2402.0,119.223927758531,1948113
2021-05-28,2421.96,2428.14,2407.69,119.673031631653,1205382
2021-06-01,2422.0,2437.9709,2404.88,120.578683088502,958289
2021-06-02,2435.31,2442.0,2404.2,120.155384078808,858105
2021-06-03,2395.02,2409.745,2382.83,119.32813970699,917291
2021-06-04,2422.52,2453.859,2417.77,121.667946073588,1297434
2021-06-07,2451.32,2468.0,2441.0725,122.379068559979,1192453
2021-06-08,2479.9,2494.495,2468.24,123.210779158159,1253253
2021-06-09,2499.5,2505.0,2487.33,123.635070662601,1006337
2021-06-10,2494.01,2523.26,2494.0,125.13373773092,1561733
2021-06-11,2524.92,2526.99,2498.29,124.753115995357,1262309
2021-06-14,2513.39,2528.23,2500.94,125.403696302167,1127522
2021-06-15,2530.44,2537.24,2512.97,125.0870904778,1109130
2021-06-16,2524.95,2530.47,2482.9994,124.753115995357,1307168
2021-06-17,2510.46,2543.93,2510.3,125.422553702364,1287791
2021-06-18,2514.11,2527.78,2492.06,124.625084172964,2665310
2021-06-21,2514.8,2540.7349,2502.685,125.505923261132,1312826
2021-06-22,2529.0,2545.4,2520.53,126.046336650999,1049310
2021-06-23,2531.0,2555.92,2525.04,125.512374476989,984658
2021-06-24,2541.07,2550.71,2539.2,126.326716417092,946662
2021-06-25,2539.14,2550.1,2528.88,126.041870424636,1674297
2021-06-28,2540.0,2546.74,2519.4756,125.867687596497,1405543
2021-06-29,2535.45,2540.0,2508.74,125.072699303965,1047478
2021-06-30,2513.0713,2516.0,2495.15,124.375471744035,1200478
2021-07-01,2496.995,2529.25,2496.995,125.420072465496,856230
2021-07-02,2536.79,2576.96,2535.38,127.752931368863,1058256
2021-07-06,2588.99,2597.69,2568.18,128.797035842951,1067517
2021-07-07,2606.82,2612.7983,2595.2,129.101235482977,834186
2021-07-08,2565.0,2600.65,2560.8,128.207493963095,988975
2021-07-09,2578.89,2596.99,2578.87,128.60201062512,755466
2021-07-12,2596.67,2615.4,2592.0,129.584084177505,847546
2021-07-13,2617.63,2640.8399,2612.74,130.011353166188,830898
2021-07-14,2638.03,2659.9199,2637.96,131.091187451176,895927
2021-07-15,2650.0,2651.9,2611.96,130.281311737435,829316
2021-07-16,2632.82,2643.66,2616.43,130.855966196082,743059
2021-07-19,2623.11,2624.94,2570.74,128.283916058632,1285466
2021-07-20,2600.08,2640.0271,2583.7675,130.117550104142,954156
2021-07-21,2615.74,2652.345,2612.03,131.605299730241,737082
2021-07-22,2653.0,2670.09,2648.0,132.327835906226,680407
2021-07-23,2705.2,2776.17,2694.01,136.781656084426,1318887
2021-07-26,2765.0,2794.26,2753.0201,138.596432729739,1152623
2021-07-27,2800.22,2800.22,2702.0,135.769807689624,2108153
2021-07-28,2771.24,2793.52,2727.0,135.357922369523,2734417
2021-07-29,2727.612,2743.03,2722.76,135.515729034333,948565
2021-07-30,2710.22,2715.4273,2696.284,134.206132215361,1197725
2021-08-02,2709.69,2720.41,2693.39,134.968864428608,1007002
2021-08-03,2720.0,2726.71,2683.67,135.257184152679,953200
2021-08-04,2724.99,2730.76,2708.3,135.00757172375,826357
2021-08-05,2720.57,2739.0,2712.0,135.912230685852,593589
2021-08-06,2725.9,2741.6009,2720.93,136.007510181586,678251
2021-08-09,2738.98,2766.43,2728.575,136.966260107411,618978
2021-08-10,2761.59,2771.03,2744.53,137.060050861025,801954
2021-08-11,2765.66,2776.955,2747.0,136.656105498901,760483
2021-08-12,2754.26,2768.36,2735.58,137.350851821963,732470
2021-08-13,2767.15,2773.48,2760.1,137.367227985293,626348
2021-08-16,2760.0,2779.81,2723.315,137.873400306381,902542
2021-08-17,2763.82,2774.37,2735.75,136.270025042228,1063701
2021-08-18,2742.31,2765.88,2728.42,135.545007629376,746723
2021-08-19,2709.35,2749.04,2707.12,135.88592957505,914796
2021-08-20,2741.66,2772.29,2729.34,137.397995322457,778337
2021-08-23,2779.97,2843.5399,2774.9586,140.04051258696,1054484
2021-08-24,2830.87,2860.15,2827.07,141.329763263614,756313
2021-08-25,2857.66,2866.26,2848.79,141.877124116712,642153
2021-08-26,2852.37,2862.696,2841.83,141.056330960751,746100
2021-08-27,2842.25,2900.22,2840.4,143.465611959655,1228412
2021-08-30,2894.09,2929.7899,2892.0,144.377714632361,845795
2021-08-31,2917.69,2922.24,2900.0,144.370270921757,1337821
2021-09-01,2913.0,2936.4099,2912.29,144.747418925704,791234
2021-09-02,2918.99,2926.5,2882.13,143.136599950948,1092790
2021-09-03,2882.92,2907.54,2870.1,143.688427030409,955524
2021-09-07,2894.99,2916.48,2890.82,144.426843122349,758630
2021-09-08,2907.87,2911.02,2884.0,143.796112710483,774583
2021-09-09,2897.67,2913.39,2888.68,143.8258875529,739928
2021-09-10,2908.87,2920.38,2834.83,140.855847021811,1644831
2021-09-13,2864.02,2883.82,2845.65,142.388258911536,1008781
2021-09-14,2883.22,2894.55,2858.11,142.329701721449,945957
2021-09-15,2875.18,2911.63,2845.12,144.116192266465,1032671
2021-09-16,2902.42,2904.0,2868.3272,143.289940389395,1014942
2021-09-17,2875.97,2884.99,2821.23,140.401780674952,3001991
2021-09-20,2780.0035,2787.25,2741.06,137.973642275851,1745886
2021-09-21,2802.34,2816.2323,2778.11,138.598417719233,906469
2021-09-22,2801.01,2831.67,2789.435,139.880720932656,1103390
2021-09-23,2832.19,2845.0493,2821.93,140.762056268197,863805
2021-09-24,2818.92,2858.07,2817.01,141.562503281839,747467
2021-09-27,2831.71,2850.0,2810.0,140.438999227973,942204
2021-09-28,2781.77,2792.13,2714.0,135.161904656945,2109483
2021-09-29,2742.1938,2747.97,2685.0,133.511385892299,1316861
2021-09-30,2686.5,2711.8,2660.0,132.26530873715,1768199
2021-10-01,2671.09,2741.42,2667.55,135.438314444049,1419365
2021-10-04,2713.99,2714.0,2623.33,132.761059863392,1576495
2021-10-05,2680.0,2747.24,2680.0,135.154957193714,1206337
2021-10-06,2692.51,2757.04,2689.73,136.323123511205,988216
2021-10-07,2777.26,2803.0891,2771.26,138.140877640759,912523
2021-10-08,2798.12,2806.34,2788.5868,139.004844318224,946421
2021-10-11,2796.0,2815.2725,2776.13,137.805414416195,829238
2021-10-12,2792.75,2793.9,2725.0,135.68693437823,1126751
2021-10-13,2755.0,2771.0,2739.53,136.865025643194,819664
2021-10-14,2799.04,2833.03,2786.78,140.35066719547,1071878
2021-10-15,2844.0,2844.0,2821.29,140.611693313992,1062668
2021-10-18,2824.27,2859.975,2824.27,141.887545311557,828360
2021-10-19,2865.83,2882.14,2861.92,142.742579536297,765792
2021-10-20,2884.45,2884.955,2838.24,141.346139426943,896975
2021-10-21,2843.84,2856.99,2832.74,141.708896257056,742496
2021-10-22,2807.02,2831.17,2743.41,137.584584334936,1509132
2021-10-25,2776.21,2784.116,2734.97,137.731473557526,1054085
2021-10-26,2812.12,2816.79,2780.11,138.623726335287,1412937
2021-10-27,2798.05,2982.36,2798.05,145.328524600208,2592546
2021-10-28,2945.98,2948.49,2895.27,145.03226491816,1620903
2021-10-29,2910.4,2972.26,2903.33,147.157692419356,1447725
2021-11-01,2963.3,2967.99,2871.59,142.69493978843,1578447
2021-11-02,2896.1877,2938.41,2892.82,144.768261315396,1054648
2021-11-03,2925.5,2938.21,2901.07,145.68830394608,894330
2021-11-04,2944.0,2999.0,2932.7,147.567096502588,1235040
2021-11-05,2987.07,3011.4145,2973.04,148.120908571544,1020407
2021-11-08,3000.0,3020.6899,2982.4,148.230579241113,919407
2021-11-09,2994.92,3007.57,2950.14,148.128352282148,842214
2021-11-10,2960.195,2973.9999,2906.5,145.525534807534,1135416
2021-11-11,2942.14,2970.045,2933.89,145.646619166696,623155
2021-11-12,2956.63,2997.19,2929.08,148.522372696799,849970
2021-11-15,3000.0,3009.54,2973.05,148.266805299387,812367
2021-11-16,2983.41,2996.65,2967.0,147.95714693825,862743
2021-11-17,2984.58,2992.52,2971.26,147.943252011789,764541
2021-11-18,2982.92,3032.2,2979.97,149.577890860479,1334120
2021-11-19,3020.0,3037.0,2997.75,148.827068584199,989148
2021-11-22,3002.8352,3014.89,2940.11,145.974638680656,1231385
2021-11-23,2942.26,2953.88,2897.79,145.655551619421,906657
2021-11-24,2927.0,2940.0,2903.98,145.616348076905,823203
2021-11-26,2900.31,2905.9404,2849.71,141.73420487311,849606
2021-11-29,2885.97,2937.24,2885.97,145.017377496951,1313806
2021-11-30,2909.005,2932.57,2841.32,141.38286173259,2079526
2021-12-01,2884.25,2929.9825,2830.0,140.5551211134,1427289
2021-12-02,2836.48,2893.5,2819.64,142.697421025298,1062535
2021-12-03,2889.91,2904.2599,2823.0,141.450847622776,1334374
2021-12-06,2871.48,2887.03,2812.94,142.717270920243,1109885
2021-12-07,2919.0,2966.0,2914.05,146.925448648503,1162914
2021-12-08,2966.63,2983.13,2944.0,147.60431505561,948197
2021-12-09,2963.52,2992.1,2950.58,146.994427033436,929030
2021-12-10,2982.0,2988.0,2947.15,147.559156544611,1081923
2021-12-13,2968.88,2971.25,2927.2,145.603445645191,1205196
2021-12-14,2895.4,2908.84,2844.85,143.882459753492,1238940
2021-12-15,2887.32,2950.345,2854.11,146.262462157353,1364048
2021-12-16,2961.54,2971.03,2881.85,143.751450446858,1369987
2021-12-17,2854.29,2889.2019,2835.76,141.731227388869,2170235
2021-12-20,2813.5919,2852.21,2805.0,141.332740747855,1013176
2021-12-21,2863.0,2893.8413,2834.7,143.138088693069,977597
2021-12-22,2882.0,2946.06,2879.26,145.846110610889,922024
2021-12-23,2941.79,2971.4519,2939.0168,146.038158344479,690934
2021-12-27,2949.27,2968.53,2945.0,146.952742254052,662966
2021-12-28,2967.49,2967.49,2918.71,145.348870742527,931792
2021-12-29,2928.59,2943.675,2910.09,145.404946695745,851236
2021-12-30,2929.0,2941.25,2915.17,144.906714332635,648851
2021-12-31,2910.88,2927.3,2893.55,143.593643782048,847077
2022-01-03,2889.51,2911.0,2870.05,143.985679207204,1261225
2022-01-04,2911.01,2932.2,2876.3225,143.332617663526,1146389
2022-01-05,2883.62,2885.96,2750.47,136.620375688001,2482076
2022-01-06,2749.95,2793.72,2735.27,136.51864497641,1452452
2022-01-07,2758.1,2765.0949,2715.78,135.976246597048,970412
2022-01-10,2701.98,2772.8,2662.81,137.533967102827,1704784
2022-01-11,2763.61,2806.59,2736.27,138.966633270456,1148153
2022-01-12,2831.09,2856.2849,2822.24,140.584895955816,1182079
2022-01-13,2836.81,2863.71,2778.28,138.086786677035,1328254
2022-01-14,2750.0,2824.01,2750.0,138.737366983845,1191296
2022-01-18,2732.0,2747.8299,2712.34,135.267605347525,1347275
2022-01-19,2738.77,2767.99,2710.0,134.633897451418,1002757
2022-01-20,2730.28,2758.24,2662.89,132.504499971233,1096528
2022-01-21,2660.24,2695.21,2600.02,129.115626656812,2095961
2022-01-24,2520.55,2615.57,2492.839,129.393525186037,2764602
2022-01-25,2568.71,2586.77,2527.56,125.78431803773,1800430
2022-01-26,2611.85,2656.15,2543.07,128.270021132171,1981544
2022-01-27,2627.22,2652.1988,2578.9,128.15191425725,1514251
2022-01-28,2600.0,2667.41,2573.89,132.289128611084,1525878
2022-01-31,2683.96,2716.87,2645.48,134.680048457164,1702778
2022-02-01,2756.7,2764.0,2691.3645,136.843687006128,2560160
2022-02-02,3037.27,3042.0,2911.1501,146.925448648503,4487538
2022-02-03,2905.9,2982.3544,2844.1,141.579871939916,2846507
2022-02-04,2860.34,2890.705,2796.35,141.942628770029,2461220
2022-02-07,2874.18,2876.9299,2773.98,137.89523519082,2230537
2022-02-08,2779.825,2796.7424,2737.46,138.168171246308,1712752
2022-02-09,2816.995,2843.51,2807.54,140.391359480106,1431358
2022-02-10,2790.0,2828.62,2761.0,137.562253203124,1650885
2022-02-11,2775.0,2785.665,2665.77,133.123320446132,1940440
2022-02-14,2667.31,2723.3299,2666.04,134.284539300392,1339640
2022-02-15,2749.43,2758.0,2710.7901,135.401592138401,1328878
2022-02-16,2728.61,2758.92,2696.4728,136.455621559961,1280483
2022-02-17,2723.0,2736.79,2644.04,131.31549126405,1548406
2022-02-18,2660.75,2676.48,2606.1405,129.488308434397,1592930
2022-02-22,2599.7,2638.015,2554.82,128.431301528596,1922576
2022-02-23,2621.57,2634.98,2550.07,126.627442325503,1321564
2022-02-24,2500.0,2660.74,2495.29,131.677751846789,2158254
2022-02-25,2670.51,2707.78,2635.3,133.509897150178,1311793
2022-02-28,2665.69,2712.81,2656.505,133.878608948775,1483784
2022-03-01,2689.6,2722.22,2667.57,133.161035246526,1231996
2022-03-02,2692.165,2712.31,2668.65,133.740155931536,1198337
2022-03-03,2719.57,2734.2759,2668.62,133.299984511139,988965
2022-03-04,2667.65,2683.98,2608.17,131.130390993691,1223612
2022-03-07,2638.08,2638.08,2528.2,125.51535196123,1958895
2022-03-08,2525.01,2624.93,2517.215,126.323242685477,1762478
2022-03-09,2628.0,2683.97,2601.76,132.861301832863,1612872
2022-03-10,2629.25,2670.77,2628.02,131.686188052141,1213260
2022-03-11,2679.99,2684.0,2605.93,129.496248392375,1329990
2022-03-14,2611.46,2620.52,2528.26,125.78977675884,1512693
2022-03-15,2554.83,2610.345,2531.36,128.687365173381,1514630
2022-03-16,2620.0,2675.42,2584.02,132.687119004724,1602910
2022-03-17,2666.42,2694.7899,2654.38,133.590289224704,1199719
2022-03-18,2677.68,2738.27,2658.64,135.77477016336,2274522
2022-03-21,2736.95,2751.65,2692.23,135.454194360004,1311843
2022-03-22,2730.0,2830.0,2730.0,139.224681904736,1485315
2022-03-23,2782.77,2800.5,2763.33,137.463996223148,1265116
2022-03-24,2785.45,2827.93,2760.7876,140.251417720747,1027236
2022-03-25,2835.08,2839.19,2793.99,140.459345370292,946137
2022-03-28,2813.69,2839.53,2796.5627,140.88462936948,1188654
2022-03-29,2863.21,2883.25,2849.68,142.174872540881,1433921
2022-03-30,2857.4,2869.61,2843.36,141.573916971432,1052319
2022-03-31,2848.97,2852.89,2792.38,138.601395203475,1475816
2022-04-01,2800.2,2819.0,2775.94,139.644010935441,1174001
2022-04-04,2816.49,2880.875,2816.49,142.564426729169,954245
2022-04-05,2867.99,2871.8,2818.87,140.004286528686,926553
2022-04-06,2783.23,2796.97,2728.3622,136.146459446198,1178730
2022-04-07,2732.36,2754.03,2697.145,135.440795680917,972427
2022-04-08,2725.0,2725.0,2675.0501,133.004717323838,821724
2022-04-11,2658.0,2658.7836,2592.35,128.822344459005,1209367
2022-04-12,2648.47,2648.47,2551.52,127.411016928442,1150161
2022-04-13,2572.53,2613.115,2568.7719,129.308170637775,977148
2022-04-14,2612.99,2614.205,2542.23,126.297934069422,1174168
2022-04-18,2548.2,2574.24,2531.5693,127.000620350462,745860
2022-04-19,2561.54,2618.075,2549.03,129.551331850846,1135965
2022-04-20,2625.68,2638.47,2557.8811,127.282985106049,1126974
2022-04-21,2587.0,2606.15,2493.0,123.999812482208,1507877
2022-04-22,2500.0,2509.04,2382.81,118.716266695322,2320515
2022-04-25,2388.59,2465.56,2375.385,122.324977596255,1726090
2022-04-26,2455.0,2455.0,2383.237,118.609077262621,2284104
2022-04-27,2287.46,2350.0,2262.485,114.157242073916,3111906
2022-04-28,2342.3,2408.77,2302.8778,118.515286509008,1839547
2022-04-29,2351.56,2379.2,2293.88,114.103647357565,1684655
2022-05-02,2278.13,2346.79,2267.99,116.277707101375,1513982
2022-05-03,2335.3,2386.0,2332.54,117.242908243058,1060787
2022-05-04,2360.07,2462.86,2314.77,121.655043641874,1656826
2022-05-05,2404.41,2424.665,2303.65,115.870288007637,2154452
2022-05-06,2310.38,2349.97,2282.86,114.79194246477,1765474
2022-05-09,2266.07,2311.2581,2251.03,112.235275995902,1726048
2022-05-10,2320.81,2333.82,2267.6657,113.724514364123,1557889
2022-05-11,2274.21,2333.42,2273.0,113.105693889224,1825082
2022-05-12,2238.76,2297.13,2202.27,112.311698091439,2073244
2022-05-13,2296.91,2361.7,2280.0,115.641021721026,1486878
2022-05-16,2307.68,2332.15,2286.7,113.930953271547,1164119
2022-05-17,2344.55,2344.55,2306.75,115.825625744011,1078804
2022-05-18,2304.75,2313.9134,2242.84,111.557402083543,1399138
2022-05-19,2236.82,2271.75,2209.36,109.914327029502,1459587
2022-05-20,2241.71,2251.0,2127.46,108.492578304093,1879301
2022-05-23,2202.08,2240.11,2183.085,110.828414691702,1577911
2022-05-24,2127.55,2127.9,2044.16,105.130998595221,3019319
2022-05-25,2102.84,2130.8938,2084.225,105.045147799585,1894967
2022-05-26,2121.01,2179.105,2109.76,107.483211146159,1514374
2022-05-27,2195.77,2257.36,2191.0,111.952414992941,1496221
2022-05-31,2261.58,2328.67,2251.45,113.183108479508,2565096
2022-06-01,2298.63,2347.98,2271.01,113.280372964737,1431464
2022-06-02,2283.76,2357.96,2266.16,116.862286507494,1374770
2022-06-03,2319.85,2327.29,2273.36,113.704168221804,1247604
2022-06-06,2334.85,2387.9696,2330.5658,116.132306620906,1189336
2022-06-07,2312.96,2354.9725,2302.5101,116.349662970549,1320677
2022-06-08,2337.53,2372.92,2333.935,116.358099175901,1127213
2022-06-09,2326.83,2367.0,2297.34,114.055511362324,1157080
2022-06-10,2255.625,2269.94,2217.22,110.591208447114,1567487
2022-06-13,2148.92,2184.37,2131.7611,106.074364852464,1837810
2022-06-14,2137.8,2169.15,2127.04,106.38948193471,1274047
2022-06-15,2177.99,2241.26,2162.375,109.561991394235,1659601
2022-06-16,2162.99,2185.81,2115.8501,105.835669865755,1765662
2022-06-17,2130.7,2184.99,2112.5706,107.055942157476,2175833
2022-06-21,2194.04,2253.46,2185.87,111.174299111112,1950514
2022-06-22,2223.26,2275.39,2214.4857,111.193156511309,1196086
2022-06-23,2259.0,2263.93,2220.58,111.838774344383,1235486
2022-06-24,2272.06,2372.75,2272.06,117.648342347302,1956138
2022-06-27,2378.7,2385.0,2320.015,115.74721865898,1641965
2022-06-28,2327.02,2357.13,2248.88,111.726622437946,1415811
2022-06-29,2242.97,2273.29,2231.0801,111.413986592568,931393
2022-06-30,2209.99,2226.596,2146.2,108.551631741553,1902302
2022-07-01,2166.74,2196.1273,2142.1,108.262319522735,1551394
2022-07-05,2150.29,2281.0516,2124.9901,113.032249277929,1821469
2022-07-06,2281.84,2327.04,2245.01,114.348793560131,1442634
2022-07-07,2320.16,2397.2399,2310.68,118.410578313175,1609197
2022-07-08,2351.0,2408.7,2350.28,119.266605032662,1454110
2022-07-11,2373.0,2375.89,2324.69,115.647969184257,1341523
2022-07-12,2336.77,2356.9899,2292.3001,113.987525472139,1248508
2022-07-13,2252.78,2303.1399,2236.46,111.345008207636,1947943
2022-07-14,2216.52,2239.75,2186.51,110.603614631454,1618277
2022-07-15,2259.26,2280.01,2236.45,111.92065516103,1716538
2022-07-18,113.44,114.8,109.3,109.08509766819,33247345
2022-07-19,111.73,114.81,110.5,113.759747927649,30992331
2022-07-20,114.06,116.33,113.26,113.839147507428,26780088
2022-07-21,115.09,115.21,111.91,114.176595721487,27267848
2022-07-22,111.81,113.18,107.6,107.546730809982,44455304
2022-07-25,108.88,110.58,107.01,107.397856597897,28289942
2022-07-26,107.43,107.74,104.76,104.648646148066,36626630
2022-07-27,109.6,114.4,108.42,112.747403285473,41474618
2022-07-28,112.8,114.7,111.851,113.729973085232,23303844
2022-07-29,113.4,116.9,113.23,115.764587317057,31336183
2022-08-01,115.53,117.12,114.69,114.613293410268,22856202
2022-08-02,114.43,117.08,114.26,115.030141204105,17911039
2022-08-03,116.34,119.42,116.15,117.888526076132,25302816
2022-08-04,118.3,119.5,117.71,117.977850603382,15757698
2022-08-05,116.93,118.86,116.71,117.332729017682,15615663
2022-08-08,119.12,120.86,117.83,117.253329437903,17061112
2022-08-09,117.99,118.2,116.56,116.618132799675,15424257
2022-08-10,119.59,121.78,119.36,119.744491253454,20497021
2022-08-11,122.08,122.3402,119.55,118.920720613252,16671627
2022-08-12,121.16,122.65,120.4001,121.729480747917,16121087
2022-08-15,122.21,123.26,121.57,121.95775453978,15524951
2022-08-16,122.32,123.2276,121.535,121.590531483304,15626171
2022-08-17,120.93,122.15,120.2,119.416967986868,17589157
2022-08-18,120.23,121.69,119.5502,119.952915150373,15652029
2022-08-19,119.87,120.0,117.67,117.233479542959,20186983
2022-08-22,116.1,116.5,114.67,114.206370563903,19316024
2022-08-23,114.32,115.93,114.3,113.908622139734,14390691
2022-08-24,114.45,115.7171,113.78,113.839147507428,16051174
2022-08-25,115.15,117.78,115.05,116.816631749122,14874666
2022-08-26,115.81,116.6,111.22,110.464665366842,31698668
2022-08-29,110.78,111.96,109.81,109.5118704095,20347494
2022-08-30,111.03,111.37,108.8,109.08509766819,20548202
2022-08-31,111.63,111.77,109.05,108.330801660294,25897978
2022-09-01,109.2,111.22,108.19,109.720294306418,22784385
2022-09-02,111.34,111.675,108.13,107.864329129096,20618080
2022-09-06,108.135,108.88,106.51,106.673335432418,20529528
2022-09-07,107.76,110.99,107.615,109.650819674112,22987178
2022-09-08,109.18,110.58,108.06,108.598775242047,21660654
2022-09-09,110.05,112.0,110.0,110.941062845513,21745034
2022-09-12,111.99,112.64,110.93,111.030387372763,19732905
2022-09-13,108.89,109.37,105.0,104.519621830926,33014991
2022-09-14,105.44,106.1,104.5,105.075418889376,22115805
2022-09-15,105.01,106.21,103.31,103.12020423733,26494933
2022-09-16,102.97,104.03,101.855,102.852230655578,64540115
2022-09-19,102.54,104.02,102.37,103.070579499968,19738603
2022-09-20,102.88,103.17,101.12,101.065740110561,24001668
2022-09-21,102.24,103.49,99.99,99.2593996706004,26596757
2022-09-22,99.45,101.68,99.41,99.8151967290499,21145595
2022-09-23,100.06,100.11,98.01,98.4257040829261,25656959
2022-09-26,98.61,100.44,98.38,98.0684059739228,22437938
2022-09-27,99.91,100.46,97.34,97.3538097559163,24224988
2022-09-28,98.02,101.4,97.8,99.9839208360792,24616999
2022-09-29,99.3,99.3,96.52,97.3538097559163,21921520
2022-09-30,97.73,99.494,96.03,95.4283699462876,26277832
2022-10-03,97.22,99.97,97.02,98.5547284000662,24840028
2022-10-04,101.04,102.72,101.04,101.641387063955,22580931
2022-10-05,100.69,102.74,99.74,101.452813061982,18475515
2022-10-06,101.5,103.73,101.5,101.472662956926,17156240
2022-10-07,100.65,101.42,99.21,98.8227019818186,24249910
2022-10-10,99.85,99.99,97.87,97.9691564991997,16529897
2022-10-11,98.25,100.12,97.25,97.3141099660271,21617727
2022-10-12,98.27,99.6476,97.67,97.5622336528349,17343431
2022-10-13,95.93,100.53,95.27,98.961651246431,32812220
2022-10-14,100.625,101.29,97.03,96.4506395359359,22624832
2022-10-17,99.52,101.77,99.51,100.023620625968,23311604
2022-10-18,103.94,104.22,100.65,100.62904242178,21610541
2022-10-19,100.7,101.6592,99.635,99.5372981998251,21573686
2022-10-20,100.82,103.0,99.97,99.7754969391606,25125082
2022-10-21,98.46,101.62,98.23,100.71836694903,28988727
2022-10-24,102.09,103.1,100.3,102.197184122405,24680831
2022-10-25,103.3,105.0999,103.02,104.142473826978,29910170
2022-10-26,96.76,98.54,94.57,94.10835193247,71671814
2022-10-27,94.31,95.17,91.9,91.9050135936166,54036485
2022-10-28,92.53,96.86,92.3225,95.8551426875971,35696925
2022-10-31,95.78,96.35,94.38,93.949552772913,29868714
2022-11-01,95.59,96.165,90.43,89.8207746244309,43220599
2022-11-02,90.91,91.3,87.01,86.4165176414276,43553551
2022-11-03,86.345,86.55,83.45,82.8633864463396,48510364
2022-11-04,85.51,86.73,83.88,86.049294584952,40173284
2022-11-07,87.34,88.94,86.96,87.984659342053,26899879
2022-11-08,89.16,90.405,87.65,88.2427079763332,30172001
2022-11-09,88.545,89.49,87.3599,86.7440409080139,26743883
2022-11-10,92.34,94.55,91.65,93.4632303467697,42371216
2022-11-11,94.71,97.36,94.16,96.0040168996818,30569112
2022-11-14,95.5,97.18,95.1125,95.3092705766199,24170076
2022-11-15,98.67,100.42,97.02,97.979081446672,31830969
2022-11-16,98.02,99.85,97.9015,98.2470550284245,24660195
2022-11-17,97.18,99.48,97.1,97.7607326022811,21818732
2022-11-18,99.01,99.16,96.74,97.0659862792192,24969880
2022-11-21,97.56,98.72,95.67,95.1107716271736,18696874
2022-11-22,96.16,97.5475,94.41,96.5995137480205,18868850
2022-11-23,97.34,99.0685,97.34,98.0783309213951,17568859
2022-11-25,98.465,98.94,97.53,96.867487329773,8567819
2022-11-28,97.2,97.83,95.89,95.5276194210108,19981974
2022-11-29,96.0,96.3901,94.39,94.7236986757534,20220007
2022-11-30,95.12,101.45,94.67,100.688592106613,39888074
2022-12-01,101.4,102.59,100.67,100.519867999584,21771536
2022-12-02,99.37,101.15,99.17,100.07324536333,18821527
2022-12-05,99.815,101.7499,99.355,99.120450405988,19955546
2022-12-06,99.67,100.21,96.7604,96.5796638530759,20877623
2022-12-07,96.77,97.31,95.025,94.4358751990564,26647877
2022-12-08,95.69,95.87,93.8,93.2448815023788,25593232
2022-12-09,93.9,94.49,93.02,92.3714861248153,21885308
2022-12-12,93.09,93.8745,91.9,92.8578085509586,27380948
2022-12-13,98.07,99.8,95.38,95.1306215221182,34788522
2022-12-14,95.54,97.22,93.94,94.5946743586134,26452939
2022-12-15,93.54,94.03,90.43,90.5155209474928,28298756
2022-12-16,91.2,91.75,90.01,90.1780727334342,48485507
2022-12-19,90.88,91.2,88.925,88.4809067156687,23020537
2022-12-20,88.73,89.78,88.04,88.9573041943397,21976846
2022-12-21,89.73,90.915,88.91,89.5726509376231,20336387
2022-12-22,88.93,89.18,86.9401,87.5975863906328,23656066
2022-12-23,87.62,90.1,87.62,89.1359532488413,17815010
2022-12-27,89.31,89.5,87.535,87.2700631240465,15470870
2022-12-28,87.5,88.52,86.3701,85.8110958456165,17879567
2022-12-29,87.03,89.365,86.99,88.2824077662224,18280660
2022-12-30,87.365,88.83,87.03,88.0640589218315,19190296
2023-01-03,89.83,91.55,89.02,89.0267788266459,20738457
2023-01-04,91.01,91.24,87.8,88.0442090268869,27046483
2023-01-05,88.07,88.21,86.56,86.1187692172582,23136084
2023-01-06,87.36,88.47,85.57,87.4983369159097,26612628
2023-01-09,89.195,90.83,88.58,88.1335335541377,22996681
2023-01-10,86.72,89.475,86.7,88.5702312429195,22855590
2023-01-11,90.06,92.45,89.74,91.567565379558,25998844
2023-01-12,92.4,92.62,90.57,91.220192218027,22754216
2023-01-13,91.528,92.98,90.93,92.1035125430628,18630709
2023-01-17,92.78,92.97,90.84,91.4683159048348,22935823
2023-01-18,92.94,93.588,91.4,91.0911679008869,19641622
2023-01-19,91.39,94.4,91.38,93.2051817124896,28707653
2023-01-20,95.95,99.42,95.91,98.5348785051215,53704763
2023-01-23,99.13,101.4,98.75,100.450393367278,31791782
2023-01-24,99.55,101.09,98.7,98.4654038728153,27391372
2023-01-25,97.2,97.72,95.262,96.0040168996818,31000850
2023-01-26,98.28,99.21,96.82,98.4157791354538,24542060
2023-01-27,99.05,101.58,98.97,99.9541459936623,29020354
2023-01-30,98.745,99.4088,97.52,97.2148604913039,24365142
2023-01-31,97.86,99.91,97.79,99.120450405988,22306778
2023-02-01,99.74,102.1899,98.42,100.668742211669,26392568
2023-02-02,106.79,108.82,106.54,107.983428498763,46622627
2023-02-03,103.51,108.02,103.3,104.430297303675,36823421
2023-02-06,102.685,104.7,102.21,102.693431496021,25573046
2023-02-07,103.63,108.67,103.5475,107.229132490868,33738828
2023-02-08,102.69,103.58,98.455,99.2494747231281,73546029
2023-02-09,100.54,100.61,93.86,94.743548570698,97798573
2023-02-10,95.74,97.02,94.53,94.1480517223593,49325275
2023-02-13,95.01,95.35,94.05,94.2870009869717,43116559
2023-02-14,94.66,95.175,92.65,94.2373762496101,42513079
2023-02-15,94.74,97.34,94.36,96.3712399561573,37029885
2023-02-16,95.54,97.88,94.97,95.0611468898121,35642106
2023-02-17,95.07,95.75,93.45,93.8800781406068,31095067
2023-02-21,93.24,93.4149,92.0,91.3591414826394,28367198
2023-02-22,91.934,92.36,90.87,91.1110177958316,29891135
2023-02-23,92.13,92.13,90.01,90.3864966303527,32423720
2023-02-24,89.63,90.13,88.86,88.6794056651149,31295619
2023-02-27,90.09,90.4499,89.61,89.4237767255384,22724262
2023-02-28,89.54,91.45,89.52,89.6222756749846,30546912
2023-03-01,90.16,91.2,89.85,89.8306995719032,26323876
2023-03-02,89.86,92.48,89.77,91.6171901169195,23344562
2023-03-03,92.74,94.11,92.66,93.314356134685,30242538
2023-03-06,94.36,96.3,94.3,94.8626479403658,28288206
2023-03-07,95.42,96.09,93.8443,93.4632303467697,24101536
2023-03-08,94.405,96.24,94.405,93.9396278254407,25395200
2023-03-09,94.49,95.92,92.355,91.9645632784505,24438890
2023-03-10,92.5,93.18,90.8,90.3269469455189,32850092
2023-03-13,90.565,93.08,89.94,90.9720685312192,31508570
2023-03-14,93.07,94.83,92.78,93.5426299265482,32303881
2023-03-15,93.54,97.25,93.04,95.8253678451801,38367334
2023-03-16,96.57,101.97,95.87,100.311444102666,54588200
2023-03-17,100.84,103.49,100.75,101.691011801317,76140310
2023-03-20,101.06,102.58,100.79,101.164989585284,26033916
2023-03-21,101.98,105.96,101.86,105.045644046959,33122800
2023-03-22,105.14,107.51,104.21,103.437802556444,32336877
2023-03-23,105.89,107.1009,105.41,105.462491840796,31385817
2023-03-24,105.74,106.16,104.74,105.26399289135,25245010
2023-03-27,105.32,105.4,102.63,102.286508649656,25393417
2023-03-28,103.0,103.0,100.28,100.599267579363,24913480
2023-03-29,102.72,102.82,101.03,101.135214742868,26148300
2023-03-30,101.44,101.61,100.29,100.559567789473,25009829
2023-03-31,101.71,104.19,101.44,103.219453712053,28107953
2023-04-03,102.67,104.95,102.38,104.122623932034,20719861
2023-04-04,104.84,106.1,104.6,104.331047828952,20377231
2023-04-05,106.12,106.54,104.1021,104.162323721923,21864200
2023-04-06,105.77,109.63,104.815,108.082677973486,34684150
2023-04-10,107.39,107.97,105.6,106.147313216385,19741517
2023-04-11,106.92,107.22,105.28,105.323542576184,18721278
2023-04-12,107.39,107.5874,104.97,104.430297303675,22761569
2023-04-13,106.47,108.265,106.44,107.378006702952,21650747
2023-04-14,107.69,109.58,107.59,108.638475031936,20758686
2023-04-17,105.43,106.71,105.32,105.621291000353,28978949
2023-04-18,107.0,107.05,104.78,104.331047828952,17641369
2023-04-19,104.215,105.725,103.8,104.231798354229,16732016
2023-04-20,104.65,106.8875,104.64,105.105193731793,22515331
2023-04-21,106.09,106.64,105.485,105.115118679265,22379018
2023-04-24,106.05,107.32,105.36,105.978589109356,21410908
2023-04-25,106.61,107.44,104.56,103.824875507864,31408119
2023-04-26,105.56,107.02,103.27,103.666076348307,36630202
2023-04-27,105.23,109.15,104.42,107.556655757454,38235220
2023-04-28,107.8,108.29,106.04,107.407781545369,23957872
2023-05-01,107.72,108.68,107.5,106.901609224281,20926259
2023-05-02,107.66,107.73,104.5,105.184593311571,20343116
2023-05-03,106.22,108.13,105.62,105.323542576184,17116333
2023-05-04,106.16,106.3,104.7,104.420372356203,19780637
2023-05-05,105.32,106.44,104.7386,105.41782957717,20710627
2023-05-08,105.795,108.42,105.79,107.427631440314,17266021
2023-05-09,108.78,110.595,107.725,107.129883016144,24782442
2023-05-10,108.55,113.51,108.48,111.437310219128,47533463
2023-05-11,115.86,118.44,114.9301,116.022635951337,57115075
2023-05-12,117.0,118.26,116.55,117.034980593513,31293778
2023-05-15,116.49,118.795,116.48,116.082185636171,22107865
2023-05-16,116.83,121.2,116.83,119.188694195005,32370113
2023-05-17,120.18,122.28,119.46,120.568261893656,26659564
2023-05-18,121.56,123.9,121.49,122.592951178008,27014468
2023-05-19,124.2,126.479,122.72,122.324977596255,30268864
2023-05-22,123.51,127.05,123.45,124.925313834001,29760236
2023-05-23,124.93,125.42,123.05,122.364677386145,24477945
2023-05-24,121.88,122.7499,120.75,120.727061053213,23087925
2023-05-25,125.21,125.98,122.9,123.41672181821,33812730
2023-05-26,124.065,126.0,123.29,124.48861614522,25169036
2023-05-30,126.29,126.38,122.89,123.704545294907,27230726
2023-05-31,123.7,124.9,123.1,122.444076965923,41478777
2023-06-01,123.5,125.04,123.3,123.436571713154,25017674
2023-06-02,124.49,126.745,124.35,124.290117195773,19367453
2023-06-05,124.61,127.99,124.38,125.679609841897,22672516
2023-06-06,126.6,128.88,125.97,126.950003118353,19450128
2023-06-07,127.575,129.55,122.63,122.017304224614,34179348
2023-06-08,122.585,123.73,122.01,121.749330642861,24814996
2023-06-09,122.56,124.285,122.42,121.947829592307,20313676
2023-06-12,123.395,124.75,122.35,123.41672181821,22289632
2023-06-13,125.65,125.86,123.845,123.496121397988,19287650
2023-06-14,123.8,124.79,122.16,123.446496660627,24659620
2023-06-15,123.88,126.16,123.14,124.845914254223,24517071
2023-06-16,126.7,126.7,123.79,123.128898341513,56699200
2023-06-20,123.535,125.175,122.83,122.920474444594,22698028
2023-06-21,123.235,123.41,120.86,120.349913049265,22612002
2023-06-22,120.66,123.935,119.6,122.940324339539,20781888
2023-06-23,122.04,123.44,121.86,122.096703804392,29573123
2023-06-26,121.4656,122.72,118.99,118.196199447773,23184961
2023-06-27,117.84,119.895,116.91,118.116799867995,27221714
2023-06-28,117.96,121.27,117.6,120.171263994763,19753145
2023-06-29,120.09,120.91,119.21,119.109294615226,18517458
2023-06-30,121.1,122.03,120.88,120.062089572568,23871764
2023-07-03,120.32,121.02,119.705,119.655166726203,13888262
2023-07-05,120.06,123.37,120.06,121.709630852972,17830347
2023-07-06,120.64,121.1499,119.2499,120.022389782679,17750181
2023-07-07,120.89,121.75,120.09,119.238318932366,20997665
2023-07-10,119.07,119.07,116.64,115.99286110892,32960078
2023-07-11,116.76,118.225,115.83,116.826556696594,18286571
2023-07-12,119.3,120.96,119.0,118.722221663806,22059611
2023-07-13,121.54,125.335,121.06,123.893119296881,31535853
2023-07-14,125.13,127.09,124.9,124.756589726972,20499780
2023-07-17,126.06,127.28,124.5,124.121393088744,20675297
2023-07-18,124.905,124.99,123.3,123.148748236457,21071248
2023-07-19,124.79,125.47,122.47,121.858505065057,22313803
2023-07-20,122.12,124.7,118.685,118.632897136555,27541711
2023-07-21,120.87,121.3,119.07,119.407043039395,56514645
2023-07-24,121.926,123.35,121.38,120.965259792548,22312220
2023-07-25,121.88,123.69,121.53,121.868430012529,31820846
2023-07-26,130.36,131.37,128.71,128.686868926008,46216895
2023-07-27,131.8,133.6,129.18,128.895292822926,35931612
2023-07-28,130.97,134.07,130.92,132.011726329233,26971011
2023-07-31,133.01,133.83,132.13,132.110975803956,18381891
2023-08-01,130.855,132.92,130.75,130.900132212334,22219012
2023-08-02,129.84,130.42,127.85,127.674524283832,22705778
2023-08-03,128.37,129.77,127.775,127.803548600972,15086132
2023-08-04,129.6,131.93,128.315,127.575274809109,20521852
2023-08-07,129.51,132.06,129.43,130.949756949695,17621041
2023-08-08,130.98,131.94,130.13,130.850507474972,16835952
2023-08-09,132.19,132.47,129.505,129.173191352151,17745218
2023-08-10,131.97,132.647,130.035,129.232741036985,17855681
2023-08-11,129.202,130.44,128.75,129.193041247096,15205465
2023-08-14,129.85,131.91,129.59,130.8405825275,17526195
2023-08-15,131.59,131.99,129.819,129.292290721819,14769173
2023-08-16,129.28,130.8975,128.46,128.140996815031,17548355
2023-08-17,130.45,132.4913,129.85,129.480864723793,23665562
2023-08-18,129.06,129.83,127.0,127.148502067799,23627202
2023-08-21,127.85,129.26,127.16,127.962347760529,21851070
2023-08-22,129.13,130.95,128.925,128.716643768425,15569373
2023-08-23,130.85,134.07,130.51,132.210225278679,26497027
2023-08-24,134.7272,134.97,130.3,129.441164933904,18680381
2023-08-25,130.14,131.4,128.04,129.709138515656,20678096
2023-08-28,132.08,133.24,130.85,130.80088273761,16715467
2023-08-29,132.9981,137.295,132.98,134.473113302366,30803265
2023-08-30,135.57,137.25,135.021,135.902305738379,21773356
2023-08-31,137.05,138.4,136.82,136.319153532216,28147850
2023-09-01,138.43,138.58,135.94,135.773281421239,16671647
2023-09-05,136.44,137.37,135.56,135.683956893988,17730218
2023-09-06,137.015,137.48,134.69,134.354013932698,15814327
2023-09-07,134.6,136.58,133.9601,135.1777845729,16975956
2023-09-08,135.87,137.515,135.87,136.170279320132,17820005
2023-09-11,137.38,138.2638,136.55,136.706226483637,17180755
2023-09-12,137.13,137.64,135.93,135.04876025576,15212934
2023-09-13,135.9,137.7,134.93,136.468027744301,16394915
2023-09-14,138.39,139.55,137.06,137.946844917676,19064607
2023-09-15,138.8,139.36,137.18,137.262023542086,48958837
2023-09-18,137.63,139.93,137.63,137.917070075259,16233590
2023-09-19,138.25,139.175,137.5,137.788045758119,15484644
2023-09-20,138.83,138.84,134.52,133.579868029858,21473533
2023-09-21,132.39,133.19,131.09,130.374109996301,22058375
2023-09-22,131.68,133.01,130.51,130.264935574106,17355284
2023-09-25,130.77,132.22,130.03,131.178030741558,14650032
2023-09-26,130.914,131.405,128.19,128.478445029089,20378789
2023-09-27,129.44,131.72,129.38,130.473359471024,18764201
2023-09-28,130.69,134.1799,130.69,132.1308256989,18201389
2023-09-29,134.08,134.89,131.32,130.860432422444,23237336
2023-10-02,132.155,135.36,132.065,134.155514983252,19210394
2023-10-03,134.93,135.24,132.815,132.29954980593,19628736
2023-10-04,133.66,136.57,133.43,135.247259205207,22847987
2023-10-05,136.13,136.5,134.455,134.969360675982,15922944
2023-10-06,134.94,139.1857,134.94,137.688796283396,20826683
2023-10-09,137.99,139.97,136.7,138.453017238764,16599099
2023-10-10,139.51,140.74,138.43,138.155268814594,19554916
2023-10-11,139.85,142.22,139.84,140.636505682672,20146341
2023-10-12,142.16,142.38,139.45,139.237088089076,18173107
2023-10-13,140.65,141.34,137.97,137.539922071311,19447565
2023-10-16,139.73,140.905,139.32,139.435587038523,17345556
2023-10-17,140.03,141.25,138.5287,139.931834412138,17424024
2023-10-18,140.75,141.99,138.705,138.234668394373,18304869
2023-10-19,139.8,141.005,138.6,137.936919970203,21831181
2023-10-20,138.59,139.04,136.245,135.713731736405,24970263
2023-10-23,136.23,139.02,135.11,136.865025643194,20780665
2023-10-24,139.16,140.7099,138.75,139.068363982047,26535198
2023-10-25,129.77,130.1,126.09,125.719309631786,58796067
2023-10-26,124.47,125.46,122.32,122.513551598229,33907363
2023-10-27,124.03,124.44,121.46,122.47385180834,37367673
2023-10-30,124.46,126.55,123.88,124.806214464334,24165631
2023-10-31,126.27,126.56,123.925,124.359591828079,21123418
2023-11-01,125.34,127.74,124.925,126.612554904294,26536604
2023-11-02,129.56,130.09,128.11,127.614974598998,24091672
2023-11-03,129.09,130.73,129.01,129.391540196542,19529448
2023-11-06,130.22,131.56,129.93,130.463434523552,15360362
2023-11-07,131.98,133.28,131.14,131.406304533422,19223786
2023-11-08,132.36,133.54,132.16,132.25985001604,15093598
2023-11-09,133.36,133.96,131.51,130.701633262887,17976533
2023-11-10,131.53,134.27,130.87,133.053845813825,20879838
2023-11-13,133.36,134.11,132.77,132.636998019988,16409856
2023-11-14,135.65,137.24,135.1,134.413563617532,22317345
2023-11-15,136.64,136.84,135.33,135.356433627402,15840883
2023-11-16,136.96,138.8799,136.08,137.659021440979,17615068
2023-11-17,137.82,138.0,135.48,135.912230685852,25590191
2023-11-20,135.5,138.425,135.49,136.884875538138,19589006
2023-11-21,137.94,138.965,137.705,137.5796218612,17648067
2023-11-22,139.1,141.1,139.0,138.969114507324,17310209
2023-11-24,139.54,139.677,137.47,137.182623962308,8828640
2023-11-27,137.57,139.63,137.54,137.013899855278,17886389
2023-11-28,137.63,138.66,137.04,137.5796218612,17046868
2023-11-29,138.985,139.67,136.295,135.376283522347,21014715
2023-11-30,136.4,136.96,132.79,132.914896549213,29913531
2023-12-01,133.32,133.5,132.1517,132.319399700874,24267987
2023-12-04,131.294,131.45,129.4,129.649588830822,24117083
2023-12-05,130.37,133.54,129.73,131.396379585949,19235145
2023-12-06,132.9,133.31,131.31,130.443584628607,16265640
2023-12-07,136.6,140.0,136.23,137.410897754171,38419426
2023-12-08,135.66,137.99,135.57,135.614482261682,23016139
2023-12-11,133.82,134.79,132.89,133.689042452053,24502860
2023-12-12,133.27,134.54,132.83,132.636998019988,26583981
2023-12-13,134.545,134.78,132.95,132.964521286575,25414461
2023-12-14,134.77,135.035,131.06,132.200300331207,29619098
2023-12-15,132.92,134.83,132.63,132.835496969435,58594004
2023-12-18,133.86,138.38,133.77,136.160354372659,25699767
2023-12-19,138.0,138.77,137.45,137.06352459264,20601632
2023-12-20,140.33,143.0783,139.41,138.611816398321,33507342
2023-12-21,140.77,142.03,140.4725,140.735755157396,18101476
2023-12-22,142.13,143.25,142.055,141.648850324848,18513524
2023-12-26,142.98,143.945,142.5001,141.748099799571,11170066
2023-12-27,142.83,143.32,141.0512,140.378457048392,17261305
2023-12-28,141.85,142.27,140.8283,140.219657888835,12192549
2023-12-29,140.68,141.435,139.9,139.872284727304,14880961
2024-01-02,139.6,140.6147,137.74,138.512566923598,20071885
2024-01-03,138.6,141.09,138.43,139.306562721383,18974308
2024-01-04,139.85,140.635,138.01,137.003974907806,18253331
2024-01-05,138.352,138.81,136.85,136.358853322106,15140136
2024-01-08,138.0,140.64,137.88,139.475286828412,17645293
2024-01-09,140.06,142.7998,139.79,141.490051165291,19579667
2024-01-10,142.52,144.525,142.46,142.720744651858,16641881
2024-01-11,144.895,146.66,142.215,142.591720334718,17471130
2024-01-12,144.34,144.74,143.36,143.15744234064,13998729
2024-01-16,143.43,145.84,143.0564,142.998643181083,19198939
2024-01-17,142.91,143.41,140.51,141.817574431878,17884548
2024-01-18,143.44,145.585,143.35,143.901813401063,18876800
2024-01-19,146.305,148.04,145.8,146.859447747813,27181032
2024-01-22,148.71,150.015,147.58,146.601399113532,21829232
2024-01-23,147.72,148.86,147.19,147.564119018347,14113649
2024-01-24,150.29,151.57,149.84,149.221585246223,18892741
2024-01-25,151.74,154.76,151.22,152.486892964614,21495120
2024-01-26,152.87,154.11,152.8,152.635767176699,19494488
2024-01-29,153.64,155.2,152.92,153.677886661291,20909258
2024-01-30,154.01,155.04,152.775,151.901321063748,26578934
2024-01-31,145.39,145.59,141.55,140.735755157396,43908584
2024-02-01,143.69,144.62,142.26,141.638925377376,25526855
2024-02-02,140.89,143.88,138.17,142.462696017578,42136127
2024-02-05,144.04,146.67,143.91,143.842263716229,29254444
2024-02-06,145.96,146.74,144.52,144.318661194901,21517655
2024-02-07,146.12,147.0,145.2103,145.579129523884,21436126
2024-02-08,146.97,147.61,146.42,146.115076687389,18241319
2024-02-09,147.95,150.695,147.43,149.092560929083,21877693
2024-02-12,149.54,150.59,148.56,147.613743755708,17236108
2024-02-13,146.07,148.04,145.11,145.271456152243,18138482
2024-02-14,147.37,147.83,145.555,146.035677107611,16651824
2024-02-15,144.46,144.76,141.88,142.859693916471,26724305
2024-02-16,144.21,144.48,141.52,140.696055367506,21865118
2024-02-20,140.94,143.3285,140.8,141.132753056288,18625589
2024-02-21,142.64,143.98,141.91,142.760444441747,16499584
2024-02-22,146.12,146.2,144.01,144.22933666765,23024707
2024-02-23,144.97,145.955,144.79,144.199561825233,14519434
2024-02-26,143.45,143.84,138.74,137.70864617834,33513011
2024-02-27,139.41,140.49,138.5,139.048514087102,22363981
2024-02-28,139.1,139.28,136.64,136.398553111995,30628702
2024-02-29,138.35,139.95,137.57,138.730915767988,35485006
2024-03-01,139.61,140.0,137.975,137.043674697695,28551525
2024-03-04,136.54,136.63,132.86,133.192795078438,43571510
2024-03-05,132.74,134.02,131.55,132.775947284601,28447550
2024-03-06,134.24,134.74,131.95,131.565103692979,23175200
2024-03-07,133.89,135.82,132.66,134.224989615558,24107282
2024-03-08,135.035,138.985,134.8,135.267109100151,26495160
2024-03-11,137.07,139.98,137.07,137.897220180314,22462576
2024-03-12,138.25,140.28,138.21,138.572116608431,18951920
2024-03-13,140.06,142.19,140.01,139.713485567747,19589151
2024-03-14,142.3,144.73,141.485,143.256691815363,35991108
2024-03-15,143.41,144.34,141.1301,141.102978213871,41039494
2024-03-18,149.37,152.93,148.14,147.365620068901,47676689
2024-03-19,148.98,149.62,147.01,146.809823010451,17748367
2024-03-20,148.79,149.76,147.665,148.556613765578,17729996
2024-03-21,150.32,151.305,148.0101,147.623668703181,19843915
2024-03-22,150.24,152.56,150.09,150.630927787291,19252925
2024-03-25,150.95,151.456,148.8,150.015581044008,15114728
2024-03-26,151.24,153.2,151.03,150.561453154985,19312694
2024-03-27,152.145,152.69,150.13,150.799651894321,16621964
2024-03-28,152.0,152.67,151.33,151.117250213435,21105628
2024-04-01,151.83,157.0,151.65,155.325427941695,24416137
2024-04-02,154.75,155.99,153.46,154.70015625094,17549140
2024-04-03,154.92,156.55,154.1321,155.196403624555,16984168
2024-04-04,155.08,156.18,151.88,150.799651894321,23901697
2024-04-05,151.68,154.84,151.081,152.784641388783,16212049
2024-04-08,154.015,156.655,153.99,154.968129832692,16280924
2024-04-09,157.35,159.89,156.64,156.953119327155,21435146
2024-04-10,157.88,158.16,156.2,156.476721848484,16339174
2024-04-11,158.34,161.1199,157.93,159.583230407318,17841703
2024-04-12,159.405,161.7,158.6,157.995238811748,16989765
2024-04-15,160.28,160.83,156.15,155.156703834666,21140948
2024-04-16,155.64,157.23,155.05,154.82918056808,15413201
2024-04-17,157.19,158.681,156.135,155.702575945643,16237752
2024-04-18,156.925,158.485,156.21,156.278222899037,14016065
2024-04-19,157.75,157.99,153.91,154.551282038855,21479881
2024-04-22,156.01,159.185,155.66,156.764545325181,17243870
2024-04-23,158.59,160.48,157.965,158.719759977226,16115408
2024-04-24,159.09,161.39,158.82,159.890903778959,19485694
2024-04-25,153.36,158.28,152.768,156.764545325181,36197789
2024-04-26,175.99,176.42,171.4,172.386412646601,56500787
2024-04-29,170.77,171.38,167.06,166.639868060132,35914561
2024-04-30,167.38,169.87,164.5,163.404335184158,29420755
2024-05-01,166.18,168.81,164.9,164.327355299083,25223245
2024-05-02,166.67,168.53,165.69,167.195665118582,17041119
2024-05-03,169.54,169.85,164.98,167.721687334614,22767056
2024-05-06,169.22,169.9,167.89,168.555382922288,15147906
2024-05-07,170.12,173.47,170.0,171.681741376067,21102434
2024-05-08,170.75,171.9092,170.522,169.875400936106,14569858
2024-05-09,171.15,172.44,169.93,170.292248729943,11937704
2024-05-10,169.69,171.34,167.91,169.011930506015,18740458
2024-05-13,165.847,170.95,165.76,169.617352301826,19648585
2024-05-14,171.59,172.78,170.42,170.639621891474,18729463
2024-05-15,172.3,174.0459,172.03,172.574986648575,20958245
2024-05-16,174.6,176.34,174.05,174.113353506784,17247311
2024-05-17,175.55,177.495,174.98,175.959393736634,16546353
2024-05-20,177.31,179.95,177.225,177.120612590894,17495122
2024-05-21,178.4,179.82,177.31,178.192506917904,14706021
2024-05-22,178.4,178.852,176.7801,176.664065007168,16189404
2024-05-23,178.78,179.91,174.54,173.746130450308,14928363
2024-05-24,176.52,177.3044,175.2,175.006598779292,11403560
2024-05-28,175.74,178.51,175.68,176.683914902113,15655340
2024-05-29,176.81,178.23,176.26,176.068568158829,15023847
2024-05-30,176.69,176.69,173.23,172.257388329461,18844036
2024-05-31,173.4,174.42,170.97,172.654386228354,28085151
2024-06-03,173.88,175.86,172.45,173.11093381208,20742798
2024-06-04,174.45,175.19,173.22,173.815605082614,14066602
2024-06-05,176.535,177.97,175.29,175.741044892243,15233861
2024-06-06,177.43,178.71,177.21,177.011438168699,14255818
2024-06-07,178.46,179.42,175.79,174.629450775344,14716270
2024-06-10,176.45,178.47,174.38,175.502846152907,17122247
2024-06-11,177.72,178.39,175.44,177.052891105625,14402401
2024-06-12,179.75,182.08,177.78,178.41414853205,18600421
2024-06-13,177.84,178.51,176.66,175.612144194445,15956941
2024-06-14,175.852,178.73,175.852,177.231742446323,12361571
2024-06-17,176.98,179.92,176.49,177.639126055691,15272864
2024-06-18,178.79,178.91,175.62,175.323994812209,15640257
2024-06-20,176.71,178.74,176.46,176.575954197097,16753166
2024-06-21,178.49,182.5117,178.06,179.109681523654,59728019
2024-06-24,181.28,182.08,180.23,179.636299360155,18198282
2024-06-25,181.145,185.75,181.105,184.395732259846,18917734
2024-06-26,184.2,185.93,183.99,184.187072362364,13375715
2024-06-27,185.645,187.5,185.45,185.667564015922,13025656
2024-06-28,185.72,186.58,183.325,182.249516171467,23032362
2024-07-01,184.48,185.34,182.73,183.312688030062,11815862
2024-07-02,183.47,186.95,183.06,185.419159376063,12555545
2024-07-03,186.3,187.62,185.385,186.194181852422,7409106
2024-07-05,187.32,192.26,187.32,190.735018669037,14303361
2024-07-08,191.365,191.6791,189.32,189.264463201074,12097611
2024-07-09,191.75,192.86,190.23,189.224718458697,10224925
2024-07-10,190.75,193.31,190.62,191.430551660642,12052906
2024-07-11,191.34,192.41,186.82,186.104756182073,16451981
2024-07-12,186.92,188.69,186.14,185.588074531167,14449113
2024-07-15,186.49,189.9,186.49,186.98907669997,12186015
2024-07-16,188.96,190.34,185.12,184.316242775091,12760102
2024-07-17,184.68,185.23,181.62,181.45462132392,17376563
2024-07-18,183.54,184.05,178.21,178.076318221843,17877197
2024-07-19,180.37,181.97,178.86,178.245233376946,14485899
2024-07-22,182.35,184.3,181.9,182.179962872307,16303896
2024-07-23,183.84,185.22,183.33,182.428367512165,23772602
2024-07-24,175.39,177.95,173.57,173.257268208585,31250683
2024-07-25,174.25,175.2,169.05,168.080515513932,28967880
2024-07-26,168.77,169.84,165.865,167.603578605403,25150116
2024-07-29,170.5,172.16,169.72,170.037944076018,13768931
2024-07-30,171.83,172.95,170.12,170.763285624405,13681418
2024-07-31,174.92,175.91,171.72,172.045053566075,15650154
2024-08-01,171.98,175.68,170.51,171.349520574471,17177833
2024-08-02,168.19,170.21,166.39,167.325365408762,18907773
2024-08-05,157.37,165.94,156.6,159.61488538755,34907815
2024-08-06,160.945,162.35,158.13,159.515523531607,36146541
2024-08-07,163.24,164.79,160.24,159.724183429088,19334246
2024-08-08,162.344,165.5,162.03,162.794464777741,15733612
2024-08-09,161.645,165.52,160.93,164.334573544864,13549230
2024-08-12,165.995,166.7,163.55,162.903762819278,12434969
2024-08-13,165.185,166.54,164.77,164.871127566959,12717628
2024-08-14,164.21,164.96,159.53,160.996015185164,22515895
2024-08-15,162.21,163.52,161.49,162.12874034292,18392452
2024-08-16,163.41,166.95,163.08,163.688721481232,16853137
2024-08-19,167.0,168.47,166.09,167.325365408762,13100762
2024-08-20,168.74,170.41,168.66,167.881791802045,12622523
2024-08-21,166.99,168.64,166.57,166.560279117997,15269550
2024-08-22,169.04,169.42,165.03,164.433935400808,19123778
2024-08-23,166.55,167.95,165.66,166.36155540611,14281621
2024-08-26,168.155,169.38,166.32,166.858364685828,11990305
2024-08-27,167.61,168.245,166.16,165.318255918704,13718162
2024-08-28,166.78,167.39,163.28,163.450253026967,15208736
2024-08-29,166.06,167.63,161.982,162.35727261159,17133830
2024-08-30,164.22,165.28,163.41,164.056360348222,18498777
2024-09-03,163.315,163.38,157.855,157.597839711899,26533110
2024-09-04,158.075,160.4,157.44,156.802944864351,15942997
2024-09-05,157.78,161.015,157.52,157.587903526304,14139501
2024-09-06,158.69,159.22,151.935,151.159191446763,24999062
2024-09-09,153.63,154.64,148.2,148.784443089715,28057746
2024-09-10,151.45,152.3,149.5427,149.252068395668,20401774
2024-09-11,151.09,152.48,148.7,151.381255958942,18991486
2024-09-12,154.81,155.61,153.5,154.754127846558,21024062
2024-09-13,156.362,159.275,156.11,157.569829156869,16733908
2024-09-16,158.33,159.24,157.61,158.186696581742,14157614
2024-09-17,160.09,161.59,159.41,159.470178804464,12064790
2024-09-18,160.85,161.63,159.66,159.997500957985,16756450
2024-09-19,164.82,164.99,162.5216,162.415223284506,17548190
2024-09-20,164.52,164.75,163.18,163.80814972777,46362673
2024-09-23,165.34,166.61,162.95,162.246082216396,15648446
2024-09-24,164.25,164.55,162.03,162.813202268296,18774056
2024-09-25,162.97,164.217,162.775,162.166486419638,13607892
2024-09-26,165.03,165.5,163.5,163.002242285596,18234497
2024-09-27,163.91,166.97,163.83,164.454865576428,13604261
2024-09-30,164.78,167.36,164.64,166.345265749428,14083451
2024-10-01,168.86,170.44,165.9,167.569051124581,18629506
2024-10-02,167.76,168.88,166.25,166.464659444565,12744975
2024-10-03,165.82,167.91,165.37,166.365164698617,11004333
2024-10-04,169.34,169.55,166.96,167.708343768907,11435318
2024-10-07,169.14,169.9,164.13,163.559412862901,14034722
2024-10-08,165.43,166.1,164.31,164.862794034812,11723885
2024-10-09,164.855,166.26,161.12,162.236132741801,19666411
2024-10-10,162.11,164.3107,161.64,162.355526436938,12900492
2024-10-11,163.33,165.27,162.5,163.688756032633,10945971
2024-10-14,164.91,167.62,164.78,165.50950988347,9981765
2024-10-15,167.14,169.09,166.05,166.05673098618,14829338
2024-10-16,166.03,167.28,165.216,165.897539392665,9968474
2024-10-17,167.38,167.93,164.37,163.678806558038,15113356
2024-10-18,164.87,166.3699,164.75,164.216078186154,13091267
2024-10-21,164.58,166.22,164.305,164.962288780759,11384047
2024-10-22,164.7,167.47,164.67,165.977135189422,11958617
2024-10-23,166.43,167.6,163.6325,163.648958134254,12754283
2024-10-24,164.59,165.05,162.77,163.698705507227,12764430
2024-10-25,165.365,167.4,165.23,166.146276257533,14566410
2024-10-28,170.59,170.606,165.79,167.489455327823,20858254
2024-10-29,169.385,171.86,168.66,170.275308214349,28916106
2024-10-30,182.41,183.79,175.7451,175.250045511718,49698313
2024-10-31,174.72,178.42,172.56,171.817476776534,32801898
2024-11-01,171.54,173.82,170.31,171.777678878155,21752859
2024-11-04,171.24,171.92,169.485,169.817632382991,16193994
2024-11-05,170.83,172.0973,170.37,170.543944028407,12518282
2024-11-06,175.35,178.64,175.04,177.428980447966,27061510
2024-11-07,179.11,182.58,178.89,181.359022912888,16730407
2024-11-08,182.0,182.35,179.57,178.951250060961,15021549
2024-11-11,180.07,182.085,179.99,181.050589200451,12503422
2024-11-12,181.38,184.025,180.99,182.39376827074,14065845
2024-11-13,182.15,182.615,180.12,179.57806696043,13969709
2024-11-14,179.75,180.445,176.03,176.453931937682,17925763
2024-11-15,175.64,175.88,172.745,173.011413727902,21708870
2024-11-18,174.955,176.91,174.42,175.906710834971,18725422
2024-11-19,175.235,180.17,175.116,178.672664772308,15392866
2024-11-20,178.83,179.11,175.33,176.434032988492,15729806
2024-11-21,175.455,175.58,165.31,168.384908041349,38839431
2024-11-22,167.16,168.2645,165.71,165.728398324554,24497042
2024-11-25,167.99,170.46,167.4,168.573948058649,21395652
2024-11-26,169.49,171.495,169.43,169.757935535423,14937478
2024-11-27,170.68,171.14,169.67,169.956925027318,12433371
2024-11-29,170.06,170.87,168.75,169.628592365691,9250712
2024-12-02,170.32,173.6,170.27,172.106011539781,16593444
2024-12-03,173.12,174.32,172.51,172.14580943816,15721483
2024-12-04,172.78,176.43,172.75,175.200298138745,18239842
2024-12-05,177.32,177.71,174.01,173.429291660881,16145520
2024-12-06,173.88,176.8389,173.55,175.598277122534,13319549
2024-12-09,175.715,178.04,175.4,176.404184564708,19887786
2024-12-10,184.535,188.03,182.67,185.79713465192,34317438
2024-12-11,186.7,196.89,186.26,195.937138033448,41664489
2024-12-12,196.3,196.7053,193.28,192.869239171454,25197757
2024-12-13,192.71,194.34,191.26,190.628079288503,18883217
2024-12-16,194.365,200.64,194.11,197.381441069128,32248640
2024-12-17,198.53,202.88,196.69,196.345527167675,24129481
2024-12-18,196.83,198.6899,189.28,189.402911885823,27638416
2024-12-19,193.28,194.6,189.52,188.954679909233,26981196
2024-12-20,187.01,194.1354,186.37,192.201871561864,45319703
2024-12-23,194.03,196.49,191.63,195.219966870904,15235942
2024-12-24,196.17,197.67,195.1979,196.793759144265,6809823
2024-12-26,196.74,198.16,195.87,196.325605746493,7918434
2024-12-27,196.47,196.8,191.972,193.27762830568,14692994
2024-12-30,190.865,193.78,190.36,191.93293237591,12209534
2024-12-31,192.445,193.25,189.58,189.691772492959,14355221
2025-01-02,191.485,193.2,188.71,189.881025994186,17545162
2025-01-03,192.725,194.5,191.35,192.371203641909,12874957
2025-01-06,195.15,199.56,195.06,197.18222685731,19483323
2025-01-07,198.27,202.14,195.94,195.937138033448,16966760
2025-01-08,193.95,197.64,193.75,194.622324235451,14335341
2025-01-10,195.42,197.62,191.6,192.411046484273,20753794
2025-01-13,191.35,192.49,188.66,191.534503952274,13169060
2025-01-14,192.5,193.27,189.64,190.299375839003,13651183
2025-01-15,194.35,197.8,193.33,196.206077219403,12894875
2025-01-16,195.825,196.9799,194.3,193.646174597543,13449581
2025-01-17,198.05,198.81,195.31,196.773837723083,22109129
2025-01-21,200.51,203.84,199.44,198.845665525989,19005232
2025-01-22,200.55,202.12,199.2,199.244093949625,15477376
2025-01-23,199.98,201.94,196.82,198.795861973035,15170838
2025-01-24,199.85,202.57,199.7842,201.106746830122,12732376
2025-01-27,194.19,198.67,192.7,193.008689119726,24970173
2025-01-28,194.65,197.23,192.61,196.295723614721,15939161
2025-01-29,197.37,198.4595,195.19,196.40529143122,12287818
2025-01-30,199.76,203.2384,199.4717,201.833878703257,14571479
2025-01-31,203.715,207.08,203.58,204.792209748752,17087335
2025-02-03,202.215,205.22,201.66,201.843839413848,16719469
2025-02-04,204.5,208.7,204.26,206.89391968343,28285436
2025-02-05,193.1,194.5499,189.91,192.540535721954,43719589
2025-02-06,190.99,193.83,190.49,192.550496432545,20816593
2025-02-07,192.74,193.015,185.1,186.404737997964,29565724
2025-02-10,189.06,189.99,187.61,187.460573320599,16606020
2025-02-11,186.835,188.8,186.08,186.335013023828,13028100
2025-02-12,185.23,186.83,183.63,184.701456486922,17632314
2025-02-13,185.93,187.99,184.88,187.14183058169,12729334
2025-02-14,186.83,188.15,186.11,186.13579881201,12714154
2025-02-18,187.44,187.78,183.58,185.070002778785,19796028
2025-02-19,186.185,187.36,185.5,186.394777287373,13120465
2025-02-20,186.5,187.12,184.6,185.90670246842,12063807
2025-02-21,187.29,187.47,181.13,180.866582909428,19520782
2025-02-24,183.8,185.09,180.88,180.478115196383,18734014
2025-02-25,180.155,180.76,176.77,176.673123750662,20832485
2025-02-26,176.945,178.08,173.59,174.013614022894,23693251
2025-02-27,175.94,176.59,169.752,169.541254967583,25930530
2025-02-28,170.3,172.5,168.39,171.543357796352,30049812
2025-03-03,173.73,175.0,167.64,167.997344825995,24121991
2025-03-04,167.94,175.165,167.54,171.931825509397,30711408
2025-03-05,172.32,175.75,170.93,174.30247463003,18848036
2025-03-06,172.55,176.73,172.508,173.52553920394,19082404
2025-03-07,173.242,176.9,172.25,175.059488634938,16395287
2025-03-10,170.16,170.45,165.565,167.349898637587,28335500
2025-03-11,166.68,168.655,163.24,165.524916130544,23705899
2025-03-12,168.47,169.53,165.48,168.536635896265,19880062
2025-03-13,167.98,168.12,164.07,164.278343379832,15206165
2025-03-14,165.315,168.25,164.51,167.160419579478,18611094
2025-03-17,167.325,168.46,165.81,166.11329846888,17839139
2025-03-18,165.96,166.44,158.8,162.223991486659,24616784
2025-03-19,163.915,168.1334,163.05,165.824093590715,24955717
2025-03-20,163.825,167.03,163.14,164.597466004015,19981512
2025-03-21,163.38,166.47,163.03,165.794175844698,29882064
2025-03-24,169.265,170.5,167.44,169.464086022794,18742848
2025-03-25,171.18,172.91,170.55,172.316244476423,13841592
2025-03-26,171.3,171.9396,166.8606,166.681735643205,22554236
2025-03-27,166.71,167.44,163.85,163.630125549462,21571174
2025-03-28,162.36,163.81,155.3394,155.632114780894,34866462
2025-03-31,154.81,157.13,152.21,155.801648674991,33591554
2025-04-01,155.3,160.08,155.255,158.4443829065,20111376
2025-04-02,156.96,160.275,156.53,158.424437742489,17113321
2025-04-03,152.835,154.6872,152.18,152.21151915294,28416065
2025-04-04,149.9,153.09,147.54,147.334926552155,39832207
2025-04-07,143.39,154.93,142.66,148.830813853009,47823024
2025-04-08,153.575,154.44,145.21,146.178107039494,35304388
2025-04-09,146.33,161.87,145.81,160.618405783742,46479542
2025-04-10,158.76,160.03,152.2,154.944006622501,35270540
2025-04-11,155.585,159.86,155.585,158.962957170796,22581989
2025-04-14,162.31,164.03,159.92,161.027281645975,18255931
2025-04-15,161.57,162.05,157.645,158.244931266386,15690783
2025-04-16,155.47,158.18,153.91,155.073650188575,16921497
2025-04-17,156.61,157.07,150.9,152.939517639356,19513408
2025-04-21,150.965,151.06,148.4,149.449113937362,16147780
2025-04-22,151.07,154.61,150.87,153.478037067663,15910327
2025-04-23,157.91,160.02,156.35,157.287563393839,18575735
2025-04-24,158.525,161.71,158.09,161.027281645975,30787481
2025-04-25,167.1,168.24,163.0,163.400756163331,35148053
2025-04-28,164.26,164.95,160.3801,161.974676936516,20871153
2025-04-29,162.045,162.68,159.39,161.615663984311,15955215
2025-04-30,159.86,161.374,157.155,160.448871889645,20639520
2025-05-01,162.52,163.94,160.93,162.343662470727,21904291
2025-05-02,164.955,166.7,163.66,165.355382236447,16844937
2025-05-05,164.515,167.1,164.47,165.594724204584,15309343
2025-05-06,163.96,166.74,163.13,164.7470547341,10691949
2025-05-07,166.07,166.99,149.4901,152.381053047037,78900429
2025-05-08,155.92,157.41,154.1,155.322964738717,38387507
2025-05-09,155.55,156.43,153.83,153.956721003937,22871035
2025-05-12,159.1,160.44,157.8898,159.142463646899,31884901
2025-05-13,159.92,162.06,157.58,160.448871889645,24944270
2025-05-14,161.31,168.34,160.93,166.352640437017,31769209
2025-05-15,167.14,167.51,163.84,164.946506374214,22717554
2025-05-16,168.93,170.65,166.95,166.97094052137,36271378
2025-05-19,165.715,167.95,165.415,167.409734129621,21374688
2025-05-20,167.76,169.68,164.26,164.866725718168,33563274
2025-05-21,164.95,174.53,164.89,169.593729588868,45567580
2025-05-22,173.35,178.13,171.88,171.508465333962,45024081
2025-05-23,170.28,171.205,169.26,169.125018234601,24963648
2025-05-27,171.3,174.29,171.21,173.502981735101,24341333
2025-05-28,173.98,176.48,173.0146,172.904626814759,25999228
2025-05-29,175.0,175.4,171.78,172.48577837052,21233590
2025-05-30,172.41,173.44,168.525,172.376079968458,36258254
2025-06-02,169.01,171.0624,168.65,169.902879631045,24742877
2025-06-03,168.865,169.8,166.68,167.25017281753,25386713
2025-06-04,168.28,169.58,167.795,168.925566594487,18508735
2025-06-05,171.62,172.36,169.35,169.344415038726,25422883
2025-06-06,172.3,175.83,172.3,174.440404443637,22258115
2025-06-09,175.87,177.915,175.66,177.3523983893,18817587
2025-06-10,177.76,182.445,176.475,179.728678905916,32908000
2025-06-11,181.23,181.75,178.0,178.510585531852,18994398
2025-06-12,177.48,178.13,176.11,176.693429842675,17345924
2025-06-13,173.58,178.3432,173.57,175.605133303553,20873241
2025-06-16,175.905,178.245,175.82,177.661913918775,18132529
2025-06-17,177.0,178.715,175.94,176.953023512558,17656119
2025-06-18,177.28,177.8235,172.84,173.708102639027,32531762
2025-06-20,174.865,175.365,166.27,167.46787018993,55402575
2025-06-23,167.32,168.48,163.33,165.750558219939,36975585
2025-06-24,167.685,169.25,166.91,167.477854561849,27310266
2025-06-25,168.65,173.36,168.5605,171.221994031307,23627355
2025-06-26,173.385,174.65,170.86,174.157399375362,25909119
2025-06-27,174.63,178.84,172.71,177.991398192087,74053110
2025-06-30,180.785,181.58,175.5,177.112773463255,43964599
2025-07-01,176.805,177.22,174.66,176.633523611164,25778460
2025-07-02,176.545,179.935,176.09,179.479069607952,19325861
2025-07-03,179.82,180.77,178.19,180.267834989518,13287389
2025-07-07,180.135,180.34,176.64,177.28250778587,20991357
2025-07-08,178.78,178.79,173.92,174.886258525417,24108642
2025-07-09,176.11,180.28,173.88,177.382351505056,31288035
2025-07-10,176.67,179.59,175.74,178.420726184585,24693712
2025-07-11,177.91,182.61,177.5405,181.026647255328,23975714
2025-07-14,182.07,184.73,180.7109,182.524303043112,20990352
2025-07-15,183.94,185.41,182.39,182.81384982875,23911567
2025-07-16,184.32,185.3352,183.08,183.482802747293,21152555
2025-07-17,183.115,185.1873,181.5,184.411349335719,21654370
2025-07-18,186.62,187.36,184.73,185.649411453619,21033397
2025-07-21,187.1,191.26,187.05,190.851269223187,24664994
2025-07-22,192.42,193.36,188.495,191.809768927368,26212909
2025-07-23,192.36,193.36,190.18,191.210706612255,34068129
2025-07-24,198.11,198.97,191.95,192.898065466491,45252060
2025-07-25,192.93,195.275,192.13,193.776690195324,31101847
2025-07-28,194.41,194.82,191.855,193.117721648699,25553546
2025-07-29,193.3,196.66,192.99,196.123017596184,31891598
2025-07-30,196.3,198.4799,195.56,197.131439159958,21150522
2025-07-31,196.6,196.83,192.08,192.55859682126,27852019
2025-08-01,189.78,191.6175,188.7,189.65314459296,21236711
2025-08-04,191.175,196.08,190.92,195.444080305722,23385950
2025-08-05,195.545,198.7,194.675,195.014752313224,19010151
2025-08-06,195.25,197.38,194.4673,196.612251820193,15383679
2025-08-07,197.71,198.37,195.22,196.971689209261,14660550
2025-08-08,197.98,203.43,197.9,201.774172102086,24379909
2025-08-11,201.555,202.16,199.8,201.314890993833,16690235
2025-08-12,202.095,205.13,201.4,203.840937089227,19871996
2025-08-13,204.98,205.43,198.64,202.712703062431,19573041
2025-08-14,202.56,205.42,202.3245,203.501468443997,17777145
2025-08-15,204.72,207.33,202.085,204.589764983119,21111380
2025-08-18,205.07,206.14,203.41,203.970733924169,13000162
2025-08-19,203.905,204.29,200.93,202.173546978829,13476582
2025-08-20,201.68,202.17,197.46,199.877141437561,13971693
2025-08-21,200.72,203.36,200.4,200.306469430059,11768910
2025-08-22,203.96,209.23,202.13,206.396936300378,25723734
2025-08-25,207.0,211.09,205.95,208.833123048505,22788806
2025-08-26,208.37,208.46,206.4501,207.62501404636,23050971
2025-08-27,206.46,209.57,206.39,207.884607716242,15248979
2025-08-28,207.84,212.9,207.6,212.038106434361,20915705
2025-08-29,211.27,215.34,210.97,213.196293576914,24682224
2025-09-02,208.99,212.369,206.96,211.658700301456,28900069
2025-09-03,226.48,231.8,225.12,230.738835037816,70558470
2025-09-04,230.155,232.77,226.76,232.29639705711,32196009
2025-09-05,232.66,236.1299,232.38,234.802474408668,26127737
2025-09-08,235.79,238.4,233.73,234.003724655183,23128799
2025-09-09,234.19,240.59,233.38,239.779867158203,22854794
2025-09-10,239.25,242.08,238.11,239.40012076527,19990138
2025-09-11,240.14,242.57,236.58,240.619306553105,21308614
2025-09-12,240.8,242.4227,238.5,241.218906120892,14536593
2025-09-15,245.14,252.7499,244.98,251.591978643615,29935150
2025-09-16,252.33,253.23,249.715,251.252205555202,24493512
2025-09-17,251.46,251.95,246.58,249.683253352825,20491324
2025-09-18,251.86,254.14,250.11,252.161598233013,21166359
2025-09-19,253.4,256.7,252.0675,255.069656136783,41616844
2025-09-22,254.78,256.31,250.81,252.711231170152,20078982
2025-09-23,253.655,254.77,251.09,252.171591559143,17521091
2025-09-24,252.15,252.96,247.22,247.664601474608,16958511
2025-09-25,244.84,247.315,241.65,246.405442382254,17379793
2025-09-26,247.785,250.12,246.64,247.015035276171,16594608
2025-09-29,248.275,251.6483,243.2,244.19691730757,23157245
2025-09-30,243.06,243.675,239.5707,243.387457891057,22541189
2025-10-01,241.18,247.15,239.2,245.376129790885,23967662
2025-10-02,245.64,247.635,243.105,246.265535816437,20657524
2025-10-03,245.23,247.1177,242.47,246.285522468696,19941381
2025-10-06,245.78,252.2,245.69,251.342145490371,18309030
2025-10-07,248.93,251.55,246.81,246.965068645522,13811174
2025-10-08,246.2,247.26,245.09,245.296183181847,14136494
2025-10-09,245.06,245.555,239.6801,242.048352189665,19375722
2025-10-10,242.16,244.84,236.685,237.331502256404,22449083
2025-10-13,241.03,244.99,240.75,244.476730439204,12464965
2025-10-14,241.755,248.025,241.1775,246.025695989322,17705370
2025-10-15,248.085,252.76,246.79,251.542012012966,16048087
2025-10-16,252.465,257.58,250.67,251.711898557173,18945987
2025-10-17,251.35,254.88,248.59,253.620623847963,17653826
2025-10-20,255.23,257.88,254.6,256.848468187885,13726831
2025-10-21,255.25,255.38,244.67,251.172258946164,27836425
2025-10-22,255.01,257.18,250.451,252.361464755609,19650244
2025-10-23,253.7,255.86,252.7683,253.560663891184,13241319
2025-10-24,257.3,262.51,256.1,260.336139007182,18405966
2025-10-27,265.36,270.8,264.94,269.749852221445,22987660
2025-10-28,270.2,271.38,267.17,268.250853301977,20101160
2025-10-29,268.61,275.97,268.43,274.986355113456,26287850
2025-10-30,291.72,291.93,280.45,281.711863598805,48570034
2025-10-31,283.205,286.285,277.523,281.631916989767,29932813
2025-11-03,282.42,285.94,280.3701,283.930381999619,19691754
2025-11-04,277.065,281.8336,276.865,277.874426364965,18123709
2025-11-05,279.38,286.7,277.88,284.559961545795,19657321
2025-11-06,285.735,288.81,281.62,285.149567787453,23103777
2025-11-07,284.21,284.5,275.74,279.513331850251,21991128
2025-11-10,285.265,291.46,283.54,290.396064005593,19508185
2025-11-11,288.2,292.34,287.88,291.545296510519,14156729
2025-11-12,292.085,292.36,284.38,287.238172948579,16998821
2025-11-13,282.985,283.51,278.0,278.933718934723,18060224
2025-11-14,271.895,279.15,271.41,276.795147142948,18330487
2025-11-17,286.4,294.52,284.23,285.409394266828,34286093
2025-11-18,288.485,289.435,279.01,284.769821394521,29702228
2025-11-19,287.685,304.25,287.67,292.794462276743,43123599
2025-11-20,304.74,306.89,289.17,289.786471111676,34801371
2025-11-21,296.87,303.96,294.36,299.450017479184,43670586
2025-11-24,311.01,319.8,309.4001,318.25745725545,55311838
2025-11-25,326.8,328.67,317.8164,323.424006864552,50899309
2025-11-26,320.78,324.99,317.2,320.066249284942,29839577
2025-11-28,323.43,326.88,316.94,319.906356066866,19695811
2025-12-01,317.475,319.63,313.98,314.90969300197,28520587
2025-12-02,316.9,318.6,314.22,315.809092353652,24668179
2025-12-03,316.03,322.04,314.28,320.406022373355,32285099
2025-12-04,323.045,323.099,315.59,318.177510646412,20831597
2025-12-05,320.0,323.83,319.98,321.875041314435,15719851
2025-12-08,321.03,321.23,311.91,314.45,21707040
2025-12-09,313.1,318.7089,312.62,317.75,14098016
2025-12-10,316.62,321.87,315.4,321.0,22764499
2025-12-11,321.1,321.99,309.88,313.7,25912059
2025-12-12,314.795,316.14,306.96,310.52,21264787
2025-12-15,312.625,312.7,305.74,309.32,22028947
2025-12-16,306.0,311.845,303.83,307.73,21285166
2025-12-17,309.01,309.195,297.45,298.06,29120355
2025-12-18,303.06,305.26,300.63,303.75,21040496
2025-12-19,303.27,308.99,302.34,308.61,45234430
2025-12-22,311.225,311.7,306.59,311.33,14091373
2025-12-23,311.135,316.3,310.75,315.68,13961424
2025-12-24,316.15,316.29,313.32,315.67,6138155
2025-12-26,315.92,316.5599,313.72,314.96,6730944
2025-12-29,312.82,314.97,311.9,314.39,12317693
2025-12-30,313.41,317.7,313.25,314.55,11052495
2025-12-31,313.37,315.39,312.2,313.8,10821502
2026-01-02,317.59,322.9138,310.65,315.32,22043703
