Date,Open,High,Low,Close,Volume
2018-01-02,246.15,247.09,245.74,217.852528546937,2784283
2018-01-03,247.24,248.7,247.18,219.148587541489,2917652
2018-01-04,249.27,250.12,249.17,220.109610877586,2918028
2018-01-05,250.46,251.4,249.95,221.520287334242,2190162
2018-01-08,251.16,251.88,250.87,221.978757182655,2476193
2018-01-09,252.18,252.94,251.91,222.446043758923,2129810
2018-01-10,251.51,252.17,250.82,222.066924461196,1953626
2018-01-11,252.47,253.73,252.33,223.706835842059,2280293
2018-01-12,254.03,255.56,253.9,225.188046121547,2054913
2018-01-16,256.79,257.4,253.8,224.368090431116,3719563
2018-01-17,255.5,257.35,254.74,226.537005483225,1867698
2018-01-18,256.84,257.27,256.02,226.228420008331,3154233
2018-01-19,257.15,257.69,256.53,227.189443344428,2541164
2018-01-22,257.45,259.78,257.45,229.014506010226,1607788
2018-01-23,259.84,260.63,259.51,229.534692953618,2161081
2018-01-24,261.03,261.63,259.02,229.420075491515,2935509
2018-01-25,261.17,261.22,259.53,229.525876225764,3585564
2018-01-26,261.33,263.37,260.97,232.197344765556,2857269
2018-01-29,262.83,263.25,261.48,230.59270029611,5145000
2018-01-30,259.67,260.35,258.46,228.132833224817,6678947
2018-01-31,259.83,260.38,257.95,228.344434693315,5597301
2018-02-01,258.29,260.12,257.95,228.115199769108,3125707
2018-02-02,257.37,257.5,253.09,223.230732537937,5532170
2018-02-05,251.26,253.47,241.92,214.061335569674,8559206
2018-02-06,238.8,247.81,237.67,218.020046376165,11701703
2018-02-07,246.71,250.28,245.92,216.829788115861,6240150
2018-02-08,246.25,246.43,236.7,208.771298857215,6985672
2018-02-09,239.6,242.2,232.42,211.989404523961,9713095
2018-02-12,242.5,245.32,240.66,214.898924715814,4236207
2018-02-13,242.63,245.0,241.97,215.62189639985,3077691
2018-02-14,243.0,248.12,242.84,218.443249313162,3650816
2018-02-15,249.6,250.97,246.98,221.273418954327,2923845
2018-02-16,250.27,253.0,250.17,221.246968770765,3007455
2018-02-20,250.0,251.51,248.6,219.906826136942,3454368
2018-02-21,249.86,252.44,248.11,218.751834788055,2797969
2018-02-22,249.17,250.9,247.81,219.016336623678,3177722
2018-02-23,249.82,252.49,249.3,222.61356158815,2923105
2018-02-26,253.56,255.5,252.99,225.179229393693,1891991
2018-02-27,255.63,256.34,252.14,222.304976113257,2947118
2018-02-28,253.37,253.82,249.34,219.836292314109,2716623
2018-03-01,249.53,251.03,244.45,216.935588850111,5182334
2018-03-02,244.24,247.86,243.33,218.090580198998,3276498
2018-03-05,246.02,250.79,245.95,220.594530909562,3024611
2018-03-06,251.22,251.25,249.23,221.14998476437,1931994
2018-03-07,248.54,251.07,248.36,221.053000757975,2730204
2018-03-08,251.4,252.02,250.36,222.084557916905,3021617
2018-03-09,253.4,256.26,253.05,225.928651261292,2450814
2018-03-12,256.64,257.25,255.58,225.708233064939,2029174
2018-03-13,257.2,257.71,253.71,224.218206057597,3080622
2018-03-14,255.33,255.51,252.46,223.036764525147,2352702
2018-03-15,253.55,254.21,252.22,222.825163056649,2161474
2018-03-16,253.23,254.08,252.97,223.054397980855,1554574
2018-03-19,252.25,252.26,247.87,220.07434396617,2715818
2018-03-20,249.99,250.66,249.33,220.46227999175,1991443
2018-03-21,249.94,252.12,249.31,219.950909776213,2777343
2018-03-22,247.11,248.08,243.03,214.484538506671,3589391
2018-03-23,243.74,244.09,237.92,209.917473478248,3815476
2018-03-26,240.82,243.81,238.32,215.669242228426,5528998
2018-03-27,244.47,245.04,237.77,211.932026270623,3363565
2018-03-28,239.46,241.22,237.53,211.338676817606,4384132
2018-03-29,239.85,243.61,239.08,214.385127740555,2911487
2018-04-02,241.19,241.7,233.92,209.425789028778,4696395
2018-04-03,237.81,240.0,235.93,212.082577624373,3287873
2018-04-04,235.87,242.81,235.7,214.52682313232,4598042
2018-04-05,243.9,244.89,242.8,216.076616479751,3436604
2018-04-06,241.94,243.51,236.98,211.320964893636,4931574
2018-04-09,240.15,243.25,239.32,212.179993206211,2955982
2018-04-10,242.75,244.38,241.57,215.678098190412,2905551
2018-04-11,242.0,243.99,241.95,214.535679094306,2068330
2018-04-12,243.71,245.25,243.47,216.333439377325,1723600
2018-04-13,245.84,245.84,242.5,215.731233962324,2887665
2018-04-16,245.27,246.35,244.41,217.484714435416,2149239
2018-04-17,247.42,248.81,246.88,219.82268839954,2301788
2018-04-18,248.66,249.22,247.94,219.946671867334,1365069
2018-04-19,247.62,247.89,245.96,218.742261037331,1997232
2018-04-20,246.95,247.13,243.97,216.971068640268,2103856
2018-04-23,245.55,246.08,243.75,216.873653058429,1472625
2018-04-24,245.97,246.12,240.01,213.915761755334,3653453
2018-04-25,241.51,242.63,239.6,214.464831398423,2354538
2018-04-26,243.22,245.47,242.77,216.669965932767,2106791
2018-04-27,245.23,245.57,243.89,216.900220944385,2178868
2018-04-30,245.51,246.05,242.85,215.129028547322,2146101
2018-05-01,242.45,243.52,240.76,215.589538570558,2323139
2018-05-02,243.21,244.02,241.36,214.119448880996,1636419
2018-05-03,240.88,241.9,237.92,213.614659047833,2666472
2018-05-04,240.25,245.06,239.89,216.448566883134,1785210
2018-05-07,245.19,246.19,244.46,217.121619994018,3127179
2018-05-08,244.83,245.53,243.57,217.112764032033,1924488
2018-05-09,245.86,247.9,245.36,219.220482984538,1506163
2018-05-10,248.36,250.2,248.25,221.275066165132,1537619
2018-05-11,250.04,250.92,249.48,221.815279846236,1703455
2018-05-14,251.12,251.76,250.21,222.063246781825,1478203
2018-05-15,249.5,249.52,248.06,220.540021320351,2600622
2018-05-16,249.08,250.54,249.07,221.478753290794,2588718
2018-05-17,249.79,250.99,249.08,221.292778089103,1714614
2018-05-18,249.53,249.85,248.89,220.743708446013,1703135
2018-05-21,250.77,251.68,250.43,222.364349489326,1263289
2018-05-22,251.67,251.94,250.1,221.726720226383,1055352
2018-05-23,249.12,251.15,248.95,222.417485261238,1484145
2018-05-24,250.74,251.0,248.76,221.992399085943,2025388
2018-05-25,250.04,250.64,249.49,221.434473480868,1654804
2018-05-29,248.28,249.08,245.97,218.875100467111,4465821
2018-05-30,248.53,250.88,248.43,221.762144074324,1359687
2018-05-31,249.99,250.3,248.28,220.327478232703,2378804
2018-06-01,250.23,251.65,250.17,222.647740272856,1953882
2018-06-04,252.17,252.8,251.96,223.630752053226,2031482
2018-06-05,252.66,253.13,251.87,223.940710722712,1491157
2018-06-06,253.37,254.96,252.72,225.729615043746,2763168
2018-06-07,255.37,255.7,253.88,225.623343499923,2616287
2018-06-08,254.36,255.62,254.19,226.331820458748,1517453
2018-06-11,255.79,256.67,255.7,226.624067204264,2648046
2018-06-12,256.39,256.63,255.6,227.004873569632,1182220
2018-06-13,256.53,256.77,255.23,226.10156544713,2507760
2018-06-14,256.31,256.62,255.46,226.756906634043,1914094
2018-06-15,255.27,256.07,254.13,226.562075470366,2000057
2018-06-18,254.18,255.36,253.71,226.021861789262,2019689
2018-06-19,252.83,254.46,252.42,225.162833476686,1863323
2018-06-20,254.97,255.37,254.32,225.570207728011,1578179
2018-06-21,254.66,254.67,252.58,224.162109772345,4037572
2018-06-22,254.4,254.52,253.32,224.560628061685,3092670
2018-06-25,252.37,252.51,248.35,221.452185404838,6690013
2018-06-26,250.66,251.53,249.91,221.939263314031,2971320
2018-06-27,251.27,252.73,248.43,220.097223221085,3432673
2018-06-28,247.3,249.6,246.63,221.432082371132,2638408
2018-06-29,249.98,251.36,249.1,221.992602348204,3711575
2018-07-02,247.56,249.89,247.32,222.250619480507,1943137
2018-07-03,250.68,250.76,248.44,221.352008088693,1157884
2018-07-05,250.07,250.94,248.91,223.247099439748,1948090
2018-07-06,250.91,253.39,250.52,225.106602220829,2622491
2018-07-09,254.05,255.32,254.01,227.09956213931,3979469
2018-07-10,255.75,256.3,255.45,227.891407821206,1314531
2018-07-11,254.6,255.41,254.03,226.334407884893,2335052
2018-07-12,255.66,256.66,255.01,228.273984948414,2874031
2018-07-13,256.49,257.16,255.99,228.469722083265,1814928
2018-07-16,256.89,257.01,256.16,228.327367803373,993457
2018-07-17,255.85,258.06,255.8,229.306053477627,1825871
2018-07-18,257.76,258.32,257.28,229.724219174808,2606817
2018-07-19,257.5,257.9,256.75,228.852299210473,2050473
2018-07-20,257.0,257.65,256.78,228.638767790636,2710786
2018-07-23,256.73,257.61,256.4,229.074727772803,1447020
2018-07-24,258.84,259.57,257.82,230.151282014482,2916394
2018-07-25,258.54,261.25,258.43,232.259904785374,2623349
2018-07-26,260.14,261.01,260.1,231.574824813397,2166453
2018-07-27,260.73,260.74,257.58,230.071207732043,2666731
2018-07-30,258.6,258.78,256.64,228.745533500554,1601425
2018-07-31,258.02,259.09,257.6,229.902162024672,1992498
2018-08-01,258.64,259.19,257.35,229.617453464889,1651723
2018-08-02,256.73,259.6,256.48,230.7829791315,1767326
2018-08-03,259.6,260.66,259.39,231.912916228139,2017560
2018-08-06,260.56,261.83,260.2,232.784836192474,1842998
2018-08-07,262.2,262.78,262.08,233.434327594479,2619229
2018-08-08,262.23,262.67,261.79,233.309767599574,1560785
2018-08-09,262.33,262.74,261.76,233.016161897297,1084398
2018-08-10,260.36,260.96,259.43,231.432470533505,2395462
2018-08-13,260.41,261.07,258.9,230.56055056917,3685433
2018-08-14,259.94,261.07,259.55,232.046373365537,1531808
2018-08-15,259.43,259.55,257.39,230.33812200684,2587788
2018-08-16,260.36,261.89,260.35,232.206521930415,1693138
2018-08-17,260.71,262.38,260.35,232.980573327325,2278823
2018-08-20,262.4,262.74,261.9,233.496607591931,1245462
2018-08-21,263.01,263.97,262.86,234.003744714044,1937866
2018-08-22,262.64,263.45,262.39,233.932567574099,1708066
2018-08-23,262.68,263.63,262.21,233.594476159356,2308144
2018-08-24,263.16,264.29,263.11,235.062504670737,2329248
2018-08-27,265.38,266.35,265.26,236.833036026887,2370987
2018-08-28,266.76,266.83,265.89,236.966493164285,3027196
2018-08-29,266.59,268.05,266.34,238.265475968294,2116106
2018-08-30,267.31,267.71,266.12,237.295687436534,2625499
2018-08-31,266.33,267.22,265.83,237.304584579027,3172354
2018-09-04,266.35,266.66,265.26,236.975390306778,3623299
2018-09-05,265.91,266.13,264.52,236.308104619787,4595466
2018-09-06,265.69,265.99,263.7,235.614127505316,1687900
2018-09-07,263.63,265.26,263.45,235.04471038575,2634408
2018-09-10,265.28,265.57,264.51,235.489567510411,2832651
2018-09-11,264.03,266.05,263.68,236.379281759733,3420386
2018-09-12,265.61,266.26,264.83,236.405973187212,3019831
2018-09-13,266.78,267.42,266.47,237.749441703688,2087871
2018-09-14,267.47,267.62,266.47,237.874001698593,1860996
2018-09-17,267.22,267.26,265.59,236.530533182117,2515315
2018-09-18,266.1,267.92,266.09,237.820618843633,1823641
2018-09-19,267.35,268.03,267.23,238.08753311843,2077480
2018-09-20,268.89,270.1,268.79,240.000418754471,3349666
2018-09-21,270.55,270.67,269.37,239.8313730471,1352509
2018-09-24,268.93,269.07,268.02,239.030630222711,2070891
2018-09-25,269.1,269.17,268.15,238.737024520435,2360730
2018-09-26,267.32,268.54,265.95,238.040111348941,2568392
2018-09-27,266.88,268.24,266.6,238.701482838009,3077514
2018-09-28,266.5,267.65,266.43,238.674670480344,1774303
2018-10-01,268.46,269.18,267.39,239.559478283285,1969245
2018-10-02,267.97,268.67,267.55,239.53266592562,3034122
2018-10-03,269.02,269.47,267.72,239.738227334385,2505783
2018-10-04,267.57,267.66,264.37,237.771987772292,5004396
2018-10-05,266.19,266.77,263.02,236.431369889047,2564702
2018-10-08,263.77,264.85,262.38,236.368807721163,3219556
2018-10-09,264.1,265.45,263.55,236.064934334294,2078186
2018-10-10,263.62,263.62,255.37,228.441287304909,5803900
2018-10-11,254.81,256.29,248.45,223.632937830337,9037039
2018-10-12,254.39,254.64,250.3,226.653796793916,7116658
2018-10-15,253.19,254.56,252.04,225.411490888775,3306202
2018-10-16,254.14,258.1,253.7,230.210902910792,3308475
2018-10-17,257.75,258.34,255.07,230.291339983786,2845791
2018-10-18,256.75,257.35,252.69,227.055982158889,3046804
2018-10-19,254.67,256.62,253.15,226.87723310779,2684216
2018-10-22,254.55,254.86,252.17,225.938800589518,2101976
2018-10-23,249.0,252.58,246.84,224.580307801164,5206532
2018-10-24,251.19,251.55,243.25,217.87721838494,4065746
2018-10-25,245.71,249.79,244.67,221.78288515146,4443798
2018-10-26,244.34,246.98,241.04,217.85934347983,5278769
2018-10-29,247.03,248.35,238.79,216.733224457904,5126245
2018-10-30,242.31,246.38,241.8,220.049019355796,3619131
2018-10-31,248.72,251.08,248.27,222.354882114977,4073392
2018-11-01,249.63,251.54,248.46,224.660744874158,2870694
2018-11-02,252.44,252.9,247.75,223.266502275584,3184459
2018-11-05,250.32,251.79,249.39,224.535620538389,1912193
2018-11-06,251.18,252.98,251.12,225.956675494628,2255176
2018-11-07,255.07,258.32,254.65,230.72927515898,3090762
2018-11-08,257.49,258.44,256.65,230.336027246561,2467027
2018-11-09,256.5,256.64,253.81,228.208913538479,3078726
2018-11-12,254.69,254.96,249.95,223.802749428882,2710563
2018-11-13,250.96,253.01,249.28,223.427376421573,3097001
2018-11-14,251.96,252.34,246.66,221.899072034674,3619875
2018-11-15,247.02,251.39,245.43,224.1959973413,3911900
2018-11-16,249.77,252.47,249.26,224.767994304818,2342780
2018-11-19,250.94,251.21,246.35,221.041076589397,2973794
2018-11-20,243.84,245.32,241.83,216.974535676888,5000937
2018-11-21,244.24,245.44,243.52,217.698469333841,2425494
2018-11-23,241.8,243.3459,241.73,216.295289282711,830910
2018-11-26,244.23,245.84,243.85,219.682583801043,2498530
2018-11-27,244.73,246.6,244.12,220.370767647775,2849731
2018-11-28,247.72,252.33,246.75,225.518740319435,3723260
2018-11-29,251.54,253.25,250.36,225.053992786577,3279417
2018-11-30,251.64,253.94,251.35,226.546547363256,2992752
2018-12-03,257.65,257.74,255.06,229.34397001296,3942694
2018-12-04,255.85,256.27,248.06,222.229757779208,3837367
2018-12-06,244.42,248.09,241.1301,221.666698268245,7712736
2018-12-07,247.63,249.24,241.37,216.518725596585,3928373
2018-12-10,242.0,243.62,237.62,216.777911720679,5983702
2018-12-11,245.95,246.12,241.19,216.840473888564,4543174
2018-12-12,245.8,247.16,243.85,218.038092530929,4117033
2018-12-13,244.86,245.76,242.7,217.966592910489,2610765
2018-12-14,241.65,242.63,238.77,213.944739260755,5088580
2018-12-17,237.06,238.22,231.68,209.600243573787,6127188
2018-12-18,235.0,235.68,231.48,209.519361946545,4691397
2018-12-19,233.21,237.0,227.78,206.176254687211,8215557
2018-12-20,228.35,229.9,223.54,202.78821319052,12141874
2018-12-21,226.74,229.46,220.57,198.753118675894,11811553
2018-12-24,219.74,220.8,215.07,193.280128565855,8493506
2018-12-26,216.88,226.1,214.83,203.05781861466,11597965
2018-12-27,222.96,228.12,219.6,204.945056583639,9578360
2018-12-28,229.32,231.07,226.5171,204.68443800697,7436353
2018-12-31,229.31,229.97,227.45,206.526741738592,6683957
2019-01-02,226.18,230.85,226.02,206.688504993076,4891329
2019-01-03,228.1,228.42,223.97,201.754725731317,3330026
2019-01-04,227.54,232.62,227.15,208.413979707571,5100088
2019-01-07,232.29,235.23,231.32,209.977691167582,3706014
2019-01-08,236.05,236.46,233.43,212.017705543574,3546649
2019-01-09,236.71,237.94,235.46,212.997271917949,4564975
2019-01-10,235.65,238.17,234.85,213.88696981761,2813503
2019-01-11,236.85,238.0,236.24,213.788114495426,2551033
2019-01-14,236.1,237.39,235.69,212.610837476682,2653373
2019-01-15,236.97,239.59,236.97,215.100194226239,5103721
2019-01-16,239.72,240.77,239.52,215.57649714222,4066725
2019-01-17,239.0,242.55,238.95,217.185142839588,3058990
2019-01-18,243.56,245.37,242.76,220.105868267769,4943293
2019-01-22,243.39,243.58,239.97,217.176155992116,5786312
2019-01-23,242.68,243.34,239.58,217.499682501084,3076411
2019-01-24,241.9,242.82,240.91,217.715366840396,2197083
2019-01-25,244.11,245.11,243.67,219.56665741949,3677453
2019-01-28,242.09,242.49,240.63,217.868143247409,2407817
2019-01-29,242.55,243.12,241.27,217.598537823269,2436863
2019-01-30,243.66,246.78,242.88,221.040500404787,6028369
2019-01-31,245.86,248.53,245.68,222.88280413641,5308074
2019-02-01,248.31,249.29,247.46,223.071527933308,3718458
2019-02-04,248.3,250.02,247.59,224.662199935733,2541718
2019-02-05,250.44,251.33,249.92,225.65974000505,3613583
2019-02-06,250.75,251.22,249.95,225.381147733439,2052224
2019-02-07,249.04,249.58,246.62,223.170383255492,3907773
2019-02-08,247.01,248.71,246.2,223.457962374575,2512937
2019-02-11,249.28,249.51,248.22,223.574791391702,2986595
2019-02-12,250.38,252.36,250.34,226.46855627747,5980510
2019-02-13,252.82,253.66,252.39,227.151556685291,3569322
2019-02-14,251.65,253.36,250.83,226.648293226896,3247823
2019-02-15,254.03,255.0,253.81,229.146636823925,2806559
2019-02-19,254.15,256.09,254.15,229.542058112664,2509320
2019-02-20,255.41,256.38,254.89,230.072282113472,2156348
2019-02-21,255.33,255.64,254.04,229.236505298639,2020305
2019-02-22,255.69,256.81,255.4514,230.611492961752,2119396
2019-02-25,258.09,258.61,256.88,230.952993165662,2941301
2019-02-26,256.55,257.64,256.41,230.782243063707,4629597
2019-02-27,256.06,257.02,255.1,230.66541404658,2136525
2019-02-28,256.42,256.88,255.85,230.1262031983,2207061
2019-03-01,257.81,258.21,256.33,231.707888353254,2867054
2019-03-04,258.87,259.1,254.49,230.818190453592,3384212
2019-03-05,256.99,257.17,255.96,230.548585029453,2475939
2019-03-06,256.62,256.62,254.6,229.074742044155,2514851
2019-03-07,254.48,254.6,251.95,227.232438312532,6441203
2019-03-08,250.88,252.45,250.34,226.774109091495,4522303
2019-03-11,253.04,256.12,253.02,230.081268960943,1884219
2019-03-12,256.52,257.46,256.37,230.899072080834,2272244
2019-03-13,257.84,259.59,257.69,232.471770388317,1974278
2019-03-14,258.68,259.12,258.04,232.390888761075,1557517
2019-03-15,259.02,260.57,258.87,233.523231542462,3151255
2019-03-18,260.0,260.99,259.77,234.359008357296,1830005
2019-03-19,261.81,262.59,259.88,234.430903137066,4061805
2019-03-20,260.54,261.77,258.84,233.595126322233,3415587
2019-03-21,257.68,261.86,257.68,236.250829618485,2968299
2019-03-22,260.07,260.61,256.37,231.759506422203,4317418
2019-03-25,256.09,257.28,254.95,231.551658467446,2893593
2019-03-26,258.01,259.12,256.73,233.223478973104,3177622
2019-03-27,258.15,258.73,255.23,232.139054861326,2714361
2019-03-28,257.45,258.22,256.27,233.042741621141,1716681
2019-03-29,259.34,259.72,258.18,234.542861642434,2831325
2019-04-01,261.46,262.78,261.19,237.244885054282,3304080
2019-04-02,262.67,262.85,261.81,237.326216862665,1512626
2019-04-03,263.87,264.25,262.4,237.769023374975,1937471
2019-04-04,263.37,263.96,262.67,238.338346033658,1738462
2019-04-05,264.42,265.06,264.12,239.486028218623,1504961
2019-04-08,264.57,265.31,263.91,239.693876173381,1720280
2019-04-09,264.22,264.54,263.29,238.419677842041,2016861
2019-04-10,264.25,264.84,263.85,239.242032793473,2990910
2019-04-11,265.24,265.24,264.09,239.196848455482,1567704
2019-04-12,266.33,266.77,265.63,240.814447755552,1903391
2019-04-15,266.57,266.64,265.47,240.651784138785,1584741
2019-04-16,267.2,267.24,265.86,240.82348462315,2448023
2019-04-17,267.59,267.61,265.4,240.23608822927,1872369
2019-04-18,266.44,266.6,265.08,240.687931609178,2789064
2019-04-22,265.56,266.71,265.47,240.92289016673,1126745
2019-04-23,266.96,269.19,266.71,243.001369714304,2618323
2019-04-24,268.89,269.21,268.23,242.522415731602,1393371
2019-04-25,268.28,268.88,266.98,242.432047055621,1237409
2019-04-26,268.28,269.54,267.46,243.543581770194,2172615
2019-04-29,269.56,270.41,269.46,243.850835268531,1892536
2019-04-30,269.56,270.31,268.11,244.004462017699,2024551
2019-05-01,270.68,270.87,268.0,242.224199100863,2669356
2019-05-02,267.88,268.8,265.93,241.745245118161,3009045
2019-05-03,268.92,270.32,268.7,244.040609488092,1969316
2019-05-06,265.65,269.36,265.31,243.07366465509,3966927
2019-05-07,266.48,267.08,262.48,239.133590382295,4752538
2019-05-08,264.14,265.82,263.47,238.663673267192,2662696
2019-05-09,261.94,263.84,260.2,237.931686991741,3094808
2019-05-10,262.37,265.38,259.27,239.043221706314,3132036
2019-05-13,259.37,260.34,257.07,233.178294635113,5548217
2019-05-14,258.99,261.82,258.84,235.202552977099,4702647
2019-05-15,258.63,262.45,258.4,236.594230587215,2444406
2019-05-16,262.47,265.6,262.45,238.763078810771,3221513
2019-05-17,261.89,265.02,261.86,237.317179995067,2719513
2019-05-20,260.9,262.11,260.02,235.699580694998,2762623
2019-05-21,262.5,263.51,262.25,237.696728434189,2760813
2019-05-22,262.12,263.29,261.87,237.046073967122,3421502
2019-05-23,260.08,260.1,257.68,234.27175561449,3813201
2019-05-24,260.6,260.99,259.06,234.678414656407,1833053
2019-05-28,259.96,260.96,257.29,232.572824506037,2566079
2019-05-29,256.13,256.52,254.1,230.973298941164,4593562
2019-05-30,256.28,257.18,255.14,231.614916540633,2977192
2019-05-31,253.63,254.49,252.77,228.515270954467,3698782
2019-06-03,252.83,253.96,250.77,227.837505884606,3825614
2019-06-04,254.48,257.76,254.03,232.85296740158,3536293
2019-06-05,259.24,259.88,257.42,234.823004537977,2646522
2019-06-06,260.17,262.26,259.51,236.350235162065,2277840
2019-06-07,262.62,265.29,262.45,238.708857605182,1877426
2019-06-10,265.76,267.1,265.3,239.829429187353,2846143
2019-06-11,267.25,267.65,264.69,239.784244849362,1894531
2019-06-12,265.12,265.7,264.36,239.332401469455,1712276
2019-06-13,265.82,266.36,265.11,240.398751846037,1813685
2019-06-14,265.71,266.29,264.91,240.037277142111,1203356
2019-06-17,265.94,266.56,265.62,240.254161964466,1782613
2019-06-18,267.65,269.66,267.3,242.648931877977,2340697
2019-06-19,268.74,269.72,267.76,243.290549477445,1684486
2019-06-20,271.94,272.19,269.73,245.558803244581,3288090
2019-06-21,271.53,272.79,271.17,245.269623481441,2225992
2019-06-24,271.59,271.92,270.9,244.953333115505,3518370
2019-06-25,271.1,271.13,268.27,242.531452599201,2287082
2019-06-26,269.3,269.82,268.02,242.296494041649,2988721
2019-06-27,267.49,268.19,267.17,243.14225448016,2054580
2019-06-28,268.7,269.55,268.18,244.486635757967,2883271
2019-07-01,272.46,272.65,270.3,246.566793275655,4505600
2019-07-02,271.47,272.25,270.62,247.284402200971,3041654
2019-07-03,272.91,274.37,272.76,249.182886573009,2335798
2019-07-05,273.14,274.25,271.86,248.864958568122,3362535
2019-07-08,272.79,273.06,272.03,247.620497520423,3131845
2019-07-09,271.4,273.22,271.34,247.929341868027,2532925
2019-07-10,274.02,275.19,273.46,249.082966342902,2853620
2019-07-11,274.87,275.11,273.85,249.582567493438,2249449
2019-07-12,275.39,276.19,275.06,250.808861226573,2932354
2019-07-15,276.53,276.55,275.71,250.872446827551,1466344
2019-07-16,276.12,276.27,274.99,250.054917672127,1564200
2019-07-17,275.28,275.4,273.42,248.365357417586,1758128
2019-07-18,272.91,274.79,272.47,249.273723145834,3464704
2019-07-19,275.52,275.54,272.7,247.938425525309,2319545
2019-07-22,273.32,274.11,272.79,248.537946905953,1304991
2019-07-23,274.71,275.5,273.89,250.24567447506,1752997
2019-07-24,274.78,276.79,274.67,251.399298949935,1669885
2019-07-25,276.41,276.41,274.68,250.1730052168,1874216
2019-07-26,276.2,277.55,276.1,251.962485701448,1796961
2019-07-29,277.23,277.27,276.26,251.508302837324,2925862
2019-07-30,275.45,276.56,275.04,250.899697799398,1751061
2019-07-31,276.39,276.61,271.07,248.056513069982,4910040
2019-08-01,273.28,276.28,269.94,245.976355552294,6920969
2019-08-02,269.89,270.08,267.15,244.177791410362,5310356
2019-08-05,264.57,264.68,258.7,236.974451185355,7354009
2019-08-06,262.53,264.47,261.06,240.026560032269,4366766
2019-08-07,261.16,265.23,258.99,240.190065863353,4261217
2019-08-08,266.0,269.59,265.4,244.877233021113,3618814
2019-08-09,268.72,269.29,266.0,243.169505452007,2616286
2019-08-12,266.24,266.79,263.57,240.317237065308,2647649
2019-08-13,264.22,270.1,263.91,244.041536551125,3405324
2019-08-14,264.56,265.15,260.57,236.692857809598,4354779
2019-08-15,261.62,262.27,259.34,237.437717706762,2783321
2019-08-16,263.07,265.68,263.02,240.916758445952,2433959
2019-08-19,268.36,269.14,267.64,243.878030720041,1431401
2019-08-20,267.98,268.49,266.29,241.988630005285,1865144
2019-08-21,268.58,268.93,267.92,243.9506999783,2012417
2019-08-22,269.28,269.91,266.7,243.859863405476,1886585
2019-08-23,267.19,268.84,260.33,237.601223537846,4216363
2019-08-26,263.81,264.47,262.27,240.235484149766,2272271
2019-08-27,265.92,266.26,262.71,239.290783792388,2491178
2019-08-28,262.73,265.45,262.0,240.953093075082,3124685
2019-08-29,267.91,269.23,266.9,244.086954837538,3129402
2019-08-30,270.15,270.21,267.66,243.98703460743,4209570
2019-09-03,266.83,267.8,265.68,242.633569672341,3368558
2019-09-04,269.25,270.06,268.48,245.23149565513,1486501
2019-09-05,272.57,274.44,272.46,248.474361304976,1756647
2019-09-06,273.93,274.39,273.19,248.656034450625,1890887
2019-09-09,274.8,274.83,272.96,248.719620051603,2158474
2019-09-10,273.11,273.88,271.87,248.774121995298,1869955
2019-09-11,274.15,275.84,273.5,250.563602479946,2075595
2019-09-12,276.71,277.8,275.94,251.299378719827,2431023
2019-09-13,277.21,277.54,276.15,251.23579311885,2292208
2019-09-16,275.38,276.1,275.04,250.409180306144,1432293
2019-09-17,275.46,276.48,275.34,251.09045460233,1790871
2019-09-18,276.0,276.68,273.95,251.244876776132,2030208
2019-09-19,277.0,277.98,276.23,251.190374832437,2269251
2019-09-20,277.18,277.41,274.5,249.84599355463,2061996
2019-09-23,274.59,275.9,274.33,250.018583042998,1288348
2019-09-24,276.31,276.68,272.06,247.947509182592,5126188
2019-09-25,273.08,275.08,271.6,249.464479948766,2649524
2019-09-26,273.34,273.55,271.35,248.975234167532,2355198
2019-09-27,273.56,273.59,269.72,247.578804282725,2838430
2019-09-30,271.82,273.27,271.79,248.80182130602,2736176
2019-10-01,273.44,274.08,269.09,245.808167696762,3728498
2019-10-02,267.73,267.73,263.25,241.472846158964,4465628
2019-10-03,264.35,266.73,261.59,243.389514628306,2992645
2019-10-04,267.45,270.56,267.36,246.766501931433,1908821
2019-10-07,269.56,271.16,268.9,245.707770776939,1826967
2019-10-08,267.28,268.02,264.96,241.892687823677,2159139
2019-10-09,267.04,268.44,266.39,244.147055023332,1924355
2019-10-10,267.42,270.2,267.25,245.808167696762,1555284
2019-10-11,272.1,274.35,271.94,248.372852648596,2810997
2019-10-14,271.79,272.45,271.48,248.144677830817,1215708
2019-10-15,272.87,275.25,272.77,250.54507691385,1791654
2019-10-16,274.07,274.73,273.62,250.15261622727,1152897
2019-10-17,275.24,275.72,274.19,250.828013687896,3102314
2019-10-18,274.36,274.97,272.81,249.796663511535,1154895
2019-10-21,275.05,275.72,274.57,251.539919119366,3018321
2019-10-22,276.09,276.33,274.52,250.654600826384,1602448
2019-10-23,274.41,275.48,274.18,251.393887235987,1296832
2019-10-24,276.38,276.51,275.05,251.804601907989,2222066
2019-10-25,275.33,277.54,275.28,252.854206069772,5501203
2019-10-28,278.22,279.07,278.22,254.323651896267,1753157
2019-10-29,278.32,279.43,278.18,254.159366027466,1599601
2019-10-30,278.69,279.69,277.38,255.053811313159,1818128
2019-10-31,279.35,279.35,277.15,254.232381969156,2312685
2019-11-01,280.05,281.21,279.91,256.651035037611,2367874
2019-11-04,282.79,282.9,281.96,257.67325822126,3797801
2019-11-05,282.58,282.82,281.71,257.344686483659,3002411
2019-11-06,282.04,282.34,281.12,257.481591374326,1457574
2019-11-07,283.46,284.23,282.58,258.394290645441,2693313
2019-11-08,282.74,283.8,282.0,259.024053142511,2329582
2019-11-11,282.43,283.37,282.24,258.522068543397,1125761
2019-11-12,283.58,284.72,283.03,259.033180135222,1726362
2019-11-13,282.83,284.32,282.59,259.142704047756,1725419
2019-11-14,283.64,284.4,282.99,259.48952977078,2244526
2019-11-15,285.64,286.43,285.0,261.424452225544,1892508
2019-11-18,286.18,286.85,285.71,261.588738094345,2288241
2019-11-19,287.24,287.24,285.88,261.460960196389,3297457
2019-11-20,285.91,286.42,283.89,260.539133932562,2818033
2019-11-21,285.52,285.64,284.17,260.137546253271,2309884
2019-11-22,285.75,285.86,284.6,260.712546794074,1266917
2019-11-25,286.6,287.84,286.57,262.693104212394,2045090
2019-11-26,287.91,288.68,287.57,263.222469789641,1796549
2019-11-27,289.06,289.78,288.76,264.463740798358,1631334
2019-11-29,289.25,289.48,288.48,263.45064460742,1988460
2019-12-02,289.03,289.03,285.84,261.305801320299,4417180
2019-12-03,283.52,284.43,282.1,259.471275785357,3246708
2019-12-04,285.41,286.7,285.07,261.132388458787,3188798
2019-12-05,286.83,286.83,285.29,261.616119072478,1596961
2019-12-06,288.58,289.65,288.55,263.943502213822,1609482
2019-12-09,288.87,289.52,288.27,263.140326855241,1478905
2019-12-10,288.31,288.94,287.35,262.89389805204,1822726
2019-12-11,288.45,289.08,288.08,263.578422505376,1825172
2019-12-12,288.85,292.1,288.61,265.896678654009,3271841
2019-12-13,291.09,292.76,290.3,265.997075573831,3519603
2019-12-16,293.26,294.11,293.22,267.877236072329,3141758
2019-12-17,293.99,294.19,293.5,267.931998028596,3658228
2019-12-18,294.02,294.22,293.57,267.950252014018,3294019
2019-12-19,293.78,294.88,293.75,269.063745124779,2331590
2019-12-20,295.89,296.76,295.78,270.432794031452,4985628
2019-12-23,295.49,295.53,294.99,270.696564120804,2325151
2019-12-24,295.36,295.4,294.85,270.696564120804,1305896
2019-12-26,295.56,296.69,295.52,272.081412378774,2390284
2019-12-27,297.51,297.51,296.15,272.081412378774,2225325
2019-12-30,296.75,296.84,294.51,270.586509954608,2345515
2019-12-31,294.53,295.99,294.17,271.283519673851,2512714
2020-01-02,297.29,298.45,296.34,273.686368969136,3140493
2020-01-03,295.22,297.36,295.04,271.68705161657,3247891
2020-01-06,294.42,297.42,294.35,272.705052653886,2776901
2020-01-07,296.82,297.27,296.06,271.953015851545,2252161
2020-01-08,296.71,299.31,296.47,273.356206470547,3719513
2020-01-09,299.73,300.19,299.09,275.245469656917,2168455
2020-01-10,300.74,300.86,298.79,274.45674813251,3666750
2020-01-13,299.91,301.32,299.48,276.272641874749,2727605
2020-01-14,300.89,301.91,300.32,275.905794654095,2620107
2020-01-15,300.81,302.3,300.69,276.520263748691,2815330
2020-01-16,302.94,304.04,302.71,278.831401238813,2559867
2020-01-17,304.77,305.2,304.2,279.776032831998,2217975
2020-01-21,304.08,305.22,304.0,279.198248459467,2750347
2020-01-22,305.31,305.92,304.32,279.271617903598,2743078
2020-01-23,303.84,304.97,302.66,279.546753319089,2669164
2020-01-24,305.42,305.52,300.81,276.997165135541,3447467
2020-01-27,296.84,298.73,296.45,272.59499848769,4272055
2020-01-28,298.7,301.22,298.22,275.548118613957,3457290
2020-01-29,301.78,301.94,299.92,275.272983198466,2736055
2020-01-30,298.04,301.29,297.3,276.135074167004,4406905
2020-01-31,300.44,300.6,294.72,271.182636688171,6182968
2020-02-03,297.12,299.67,297.03,273.154440499188,3252608
2020-02-04,301.5,303.23,301.16,277.364012356196,2284256
2020-02-05,305.4,306.08,303.87,280.50055609279,3045816
2020-02-06,306.8,307.08,305.81,281.454358866491,1916267
2020-02-07,305.83,306.59,304.74,280.023654705939,2248957
2020-02-10,304.39,307.56,304.35,282.032143239021,2238665
2020-02-11,308.93,309.69,307.61,282.545729347937,2435906
2020-02-12,309.56,310.27,309.17,284.361623090176,2073200
2020-02-13,308.6,310.72,308.36,284.086487674686,2038596
2020-02-14,310.11,310.33,309.0,284.563389061536,1636993
2020-02-18,309.24,309.82,308.03,283.783838717646,3000061
2020-02-19,310.42,311.59,310.12,285.150344614583,2245319
2020-02-20,310.35,311.19,306.67,284.031460591587,4608312
2020-02-21,308.3,308.58,305.62,281.087511645837,2678028
2020-02-24,296.96,299.38,295.17,271.68705161657,7077745
2020-02-25,297.73,298.23,286.36,263.524700957012,8438054
2020-02-26,288.61,292.28,285.48,262.359961031435,10233177
2020-02-27,280.57,284.48,273.36,250.730904136694,14860210
2020-02-28,265.32,272.92,262.25,249.217659351495,23179559
2020-03-02,274.0,284.04,270.49,260.342301317836,12393798
2020-03-03,284.34,288.32,273.36,253.161266973529,9766553
2020-03-04,281.23,287.65,278.7,263.653097484241,5244489
2020-03-05,280.3,283.41,275.61,254.821250646989,6188657
2020-03-06,269.32,274.46,266.6,250.547480526367,6668500
2020-03-09,253.89,260.99,251.15,231.214631997885,16341386
2020-03-10,260.48,263.81,250.0,243.02527826685,10843545
2020-03-11,256.66,257.72,247.62,230.97580842215,11461212
2020-03-12,234.94,243.68,225.81,208.636386118329,24552548
2020-03-13,240.66,247.78,228.1,228.129259353333,19523200
2020-03-16,222.85,234.77,218.14,201.349588987474,17190037
2020-03-17,223.75,233.95,216.6,214.532151179956,15058905
2020-03-18,216.08,224.74,208.31,202.805105987063,20087629
2020-03-19,218.43,226.0,212.11,202.98013651233,12386635
2020-03-20,222.8,224.56,210.05,194.13648891989,11519005
2020-03-23,209.63,210.78,200.55,188.176238927901,14088347
2020-03-24,216.39,224.3,214.83,206.121473834228,13105547
2020-03-25,225.0,235.51,220.32,208.765355979052,11855990
2020-03-26,229.27,241.44,228.85,221.312281000827,12370849
2020-03-27,232.7,239.64,230.66,214.513726914138,11167600
2020-03-30,234.92,241.1,232.97,221.450462994459,8705638
2020-03-31,239.45,241.94,235.44,218.16173154602,10333592
2020-04-01,227.92,231.05,224.13,208.332385732339,13684479
2020-04-02,225.33,232.18,224.72,213.20560404109,6504976
2020-04-03,230.43,232.71,225.34,210.055054586283,5489369
2020-04-06,236.96,245.3,235.93,224.34307272782,7577273
2020-04-07,251.92,252.8,243.46,224.462830455634,12870939
2020-04-08,246.24,253.05,244.05,232.081264371205,6936416
2020-04-09,255.12,258.39,253.14,235.526602079093,8807341
2020-04-13,254.64,254.95,249.38,233.241993117713,7657728
2020-04-14,258.24,261.63,257.21,240.362971856209,6621378
2020-04-15,255.08,256.9,253.11,235.130480364015,4877384
2020-04-16,256.51,257.3,253.4,236.31884550925,5880497
2020-04-17,262.31,264.0,259.5,242.841035608675,6737133
2020-04-20,259.65,263.1,258.58,238.465272476998,6481640
2020-04-21,254.25,255.49,250.0,231.178475346143,6510095
2020-04-22,255.83,258.23,254.48,236.263572711797,5626265
2020-04-23,257.75,260.9,256.2,236.217512047253,7632248
2020-04-24,258.0,260.7,255.94,239.644425489324,4768180
2020-04-27,262.01,264.91,261.57,243.10818746303,3886145
2020-04-28,267.48,267.79,262.3,241.984307248157,5836500
2020-04-29,267.98,271.0,266.91,248.220921227409,6756461
2020-04-30,268.08,268.58,265.23,246.056069993843,7361081
2020-05-01,262.14,262.85,258.74,239.349637236242,4789519
2020-05-04,257.92,260.9,256.53,240.105032134763,4119615
2020-05-05,263.45,265.81,262.6,242.315944032873,4424876
2020-05-06,264.71,265.11,261.14,240.685396508017,3013578
2020-05-07,264.45,266.3,263.9,243.531945576834,3397249
2020-05-08,267.53,269.14,266.38,247.60370832252,3205471
2020-05-11,266.78,270.2,266.43,247.640556854155,3463511
2020-05-12,269.98,270.4,263.33,242.656792950499,5136343
2020-05-13,262.87,263.9,256.36,238.354726882093,5599664
2020-05-14,256.33,262.0,253.97,241.228912349636,7725639
2020-05-15,259.54,263.11,258.56,242.315944032873,3385864
2020-05-18,269.32,272.7,269.06,249.722498891542,6756396
2020-05-19,270.61,272.25,268.34,247.364192866892,4906021
2020-05-20,271.92,273.79,271.69,251.399107080943,4881047
2020-05-21,272.8,273.59,269.95,249.593529030819,3575984
2020-05-22,270.76,271.72,269.5,250.155469138256,2294862
2020-05-26,277.53,277.74,274.55,253.370503523424,4904172
2020-05-27,277.78,279.05,272.86,257.06456881985,5144502
2020-05-28,280.03,282.04,277.81,256.557901509866,4630614
2020-05-29,278.03,280.35,275.36,257.709418123465,7048743
2020-06-01,279.07,281.49,278.57,258.833298338338,3888184
2020-06-02,281.79,283.28,280.46,260.961301040269,4332176
2020-06-03,285.2,287.93,284.93,264.406638748157,5502257
2020-06-04,286.0,287.75,284.2,263.734153045816,3813397
2020-06-05,291.63,295.38,291.61,270.477434335052,6013481
2020-06-08,294.43,297.32,293.88,273.756953650582,5552820
2020-06-09,294.49,296.39,293.63,271.813193606826,4680423
2020-06-10,295.53,296.39,292.59,270.118161151609,5590473
2020-06-11,286.36,286.92,275.8,254.54965653575,7719058
2020-06-12,283.35,284.15,274.5,257.617296794377,6229840
2020-06-15,273.91,283.35,272.77,259.966390686119,4411376
2020-06-16,290.05,290.2,282.83,265.051488051773,5276413
2020-06-17,288.73,289.02,285.88,263.835486507812,2648832
2020-06-18,284.97,287.12,284.55,264.075001963441,2741870
2020-06-19,290.04,290.27,283.67,262.518151501855,3477515
2020-06-22,284.35,287.19,283.26,264.259244621617,2497735
2020-06-23,289.51,290.43,287.76,265.45682189976,2497769
2020-06-24,286.08,286.7,278.97,258.66747994598,4521951
2020-06-25,280.26,284.1,278.22,261.403483419891,3891040
2020-06-26,282.72,282.92,276.52,255.277415035544,4477820
2020-06-29,276.89,279.72,274.72,258.983732468739,3464598
2020-06-30,279.29,284.95,279.15,262.437466190971,5199133
2020-07-01,284.37,286.51,283.95,264.233778100121,3702659
2020-07-02,288.76,290.05,286.18,265.567123022377,3653217
2020-07-06,290.67,291.58,289.9,269.687529205738,3559825
2020-07-07,289.67,291.68,287.89,266.891208604895,3406646
2020-07-08,289.0,290.55,287.29,268.872707308803,2427311
2020-07-09,291.02,291.3,285.41,267.502325027596,3154633
2020-07-10,288.72,292.01,287.34,270.187533551584,2711122
2020-07-13,294.1,296.45,288.61,267.743067860781,3644507
2020-07-14,287.79,293.32,286.63,271.326432339344,4024306
2020-07-15,296.19,296.75,293.35,273.733860671195,6582265
2020-07-16,293.8,295.11,293.15,272.937557453736,3729551
2020-07-17,295.72,296.35,293.75,273.659785953292,2244917
2020-07-20,295.33,298.68,294.6,275.937583528812,2537064
2020-07-21,299.86,300.35,297.66,276.511662592561,3655554
2020-07-22,298.22,300.56,298.11,278.085750348002,4121139
2020-07-23,299.93,300.62,295.38,274.7616473821,3487108
2020-07-24,294.86,295.81,293.3,272.983854152426,2850971
2020-07-27,295.48,297.12,294.74,274.974612196072,2253331
2020-07-28,296.18,297.33,294.79,273.2708936843,3135561
2020-07-29,296.0,299.26,295.9,276.576477970727,2370847
2020-07-30,295.74,298.06,293.67,275.567209939297,2951740
2020-07-31,299.45,300.1,295.24,277.872785534031,4460643
2020-08-03,301.65,302.8222,301.13,279.622800744492,3769021
2020-08-04,301.22,303.26,301.22,280.798736891204,2129215
2020-08-05,304.61,305.4,304.31,282.548752101665,2620744
2020-08-06,304.58,307.29,304.25,284.446916747932,4088158
2020-08-07,306.23,307.6,305.3216,284.595066183738,3319618
2020-08-10,307.88,308.5,305.92,285.502481478051,2118154
2020-08-11,309.52,310.1156,305.07,283.196905883317,3571230
2020-08-12,308.25,310.81,308.2,287.076569233492,2953661
2020-08-13,309.3,310.78,308.56,286.585824227384,4074194
2020-08-14,309.15,310.02,308.34,286.585824227384,2098031
2020-08-17,310.44,310.87,310.09,287.511758201173,2157570
2020-08-18,310.93,311.55,309.28,288.113615284136,2415819
2020-08-19,311.55,312.28,309.31,286.891382438734,2498298
2020-08-20,308.11,311.27,308.02,287.798797733047,2409269
2020-08-21,310.4802,312.1,310.17,288.826584443953,2316223
2020-08-24,314.355,315.17,313.37,291.761795140864,2349556
2020-08-25,315.69,316.26,314.5,292.780322512031,2890833
2020-08-26,316.75,319.63,316.25,295.771089247369,2605983
2020-08-27,320.22,321.5031,318.4695,296.363686990594,2295927
2020-08-28,321.14,322.28,319.95,298.289629656075,3538745
2020-08-31,321.98,322.83,320.8,297.243324265694,5067980
2020-09-01,321.81,324.1,320.94,300.02112618706,3010783
2020-09-02,325.94,329.67,324.78,304.391534543343,5273074
2020-09-03,327.01,327.51,314.81,293.854405921626,6891967
2020-09-04,317.77,319.6,306.9,291.502533628203,5133935
2020-09-08,309.35,310.59,305.85,283.493204754929,4278260
2020-09-09,310.145,314.66,309.29,289.085845956614,3339835
2020-09-10,314.05,314.71,305.82,284.030246459727,3588984
2020-09-11,308.55,309.59,304.17,284.243211273698,3690254
2020-09-14,310.08,312.75,309.61,287.937687829116,3056093
2020-09-15,313.47,314.26,311.52,289.419182187178,2570928
2020-09-16,313.81,315.18,311.04,288.252505380204,2316222
2020-09-17,306.48,310.27,305.96,285.733964971498,2848323
2020-09-18,309.44,309.48,302.55,282.409862005596,3421015
2020-09-21,300.47,301.75,296.83,279.345020552355,4536837
2020-09-22,303.11,305.24,300.67,282.169119172411,2741533
2020-09-23,305.28,305.55,297.17,275.632025317462,2755784
2020-09-24,296.31,301.46,295.04,276.391291175969,3130664
2020-09-25,297.575,304.04,296.72,280.817255570679,2683969
2020-09-28,307.42,309.02,306.43,285.521000157527,2437913
2020-09-29,306.84,307.51,304.65,283.899226802436,2307331
2020-09-30,306.04,310.7499,305.85,286.084497627806,4304504
2020-10-01,310.16,311.11,307.76,287.897807461625,3005650
2020-10-02,304.72,308.58,304.215,285.219688322447,3125089
2020-10-05,308.69,312.29,308.69,290.20396560925,2364454
2020-10-06,312.25,314.32,307.1806,286.149590801328,3389808
2020-10-07,310.6072,313.81,310.6,291.059475889821,1707831
2020-10-08,314.96,315.85,314.05,293.635305756322,1731711
2020-10-09,317.47,319.0999,316.85,296.248331721978,2794077
2020-10-12,321.14,325.222,320.66,301.028030463428,2194283
2020-10-13,323.64,323.73,320.707,299.103132332144,2229739
2020-10-14,322.22,323.3,318.93,297.234028349592,1907791
2020-10-15,315.71,319.7,315.2252,296.880665407617,2487096
2020-10-16,320.65,322.21,318.9,296.62959173832,1669931
2020-10-19,320.3,320.89,313.33,292.147461790112,2229583
2020-10-20,315.48,318.67,314.7792,293.300540863925,3066561
2020-10-21,315.41,317.5224,314.59,292.770496450962,2607729
2020-10-22,315.06,317.16,312.99,294.379227739427,2362400
2020-10-23,317.84,317.84,315.24,295.383522416619,1429454
2020-10-26,314.31,315.08,308.36,289.943592915164,3335822
2020-10-27,312.18,312.47,310.5583,288.985793361916,2196107
2020-10-28,305.13,305.74,299.615,279.035836837887,5650454
2020-10-29,300.32,306.25,298.69,281.974328671152,5365171
2020-10-30,301.56,302.86,296.37,278.803361218167,5892432
2020-11-02,303.37,305.31,300.63,282.048720869462,4080396
2020-11-03,306.57,310.74,306.09,287.023699131477,3378343
2020-11-04,313.19,319.65,312.0,293.486521359701,5750173
2020-11-05,320.94,323.55,320.52,299.233318679187,3950281
2020-11-06,321.44,322.92,319.425,299.196122580032,3640619
2020-11-09,334.36,335.2,325.28,302.925031520345,8097281
2020-11-10,324.77,326.3,322.06,302.534472479215,4120821
2020-11-11,327.42,328.5,326.17,304.663949155853,2773482
2020-11-12,326.74,327.44,322.73,301.846344644843,2539783
2020-11-13,326.45,329.73,325.89,305.947214576709,1998446
2020-11-16,331.65,333.12,330.405,309.657525467445,3018755
2020-11-17,330.73,332.5,329.25,308.113887352503,3052136
2020-11-18,331.63,332.14,327.29,304.3756793874,2647827
2020-11-19,326.76,329.09,325.41,305.649645783467,2962161
2020-11-20,328.41,328.658,326.4,303.603860329929,3517557
2020-11-23,328.28,329.6,326.06,305.398572114169,2222635
2020-11-24,331.02,334.25,330.1,310.345653301817,2597519
2020-11-25,333.67,333.67,332.15,309.834206938433,2256860
2020-11-27,334.285,334.61,333.18,310.71761429337,984710
2020-11-30,333.4,333.63,330.04,309.322760575048,4175707
2020-12-01,335.92,337.8,335.32,312.726203647753,3181534
2020-12-02,335.22,337.11,334.65,313.386434407759,2270336
2020-12-03,336.91,338.3,335.88,313.293444159871,2851086
2020-12-04,337.5045,339.84,337.45,315.990161348626,2907285
2020-12-07,339.07,339.63,337.91,315.404322786931,1943081
2020-12-08,337.89,340.7,337.85,316.315627216235,1948194
2020-12-09,340.79,340.9329,336.26,313.507321730014,2545788
2020-12-10,335.74,337.9999,334.842,313.358537333393,2738559
2020-12-11,335.31,336.8,333.77,312.958679267474,2387889
2020-12-14,338.76,339.79,334.89,311.526629449997,2654634
2020-12-15,337.64,339.64,336.24,315.832077927217,2762601
2020-12-16,339.83,341.04,338.96,316.315627216235,2943154
2020-12-17,341.77,342.25,340.96,318.035946802165,2626995
2020-12-18,342.39,342.5,338.7,316.761980406098,6025650
2020-12-21,336.83,340.38,334.11,315.785582803273,3918085
2020-12-22,338.47,338.55,336.47,315.165244859611,2381325
2020-12-23,338.54,339.75,337.69,315.417347176706,3682167
2020-12-24,338.37,339.18,337.77,316.677858762178,1447667
2020-12-28,341.74,342.46,341.09,319.432310004508,2761273
2020-12-29,343.63,343.77,340.87,318.760037158922,2555542
2020-12-30,342.28,342.91,341.565,319.189544810268,2009135
2020-12-31,341.82,344.37,341.23,320.907575415653,3507320
2021-01-04,345.02,345.09,335.37,316.556476165059,5402614
2021-01-05,338.4,342.39,338.39,318.638654561803,3299716
2021-01-06,339.79,346.5,339.3,320.571438992861,4804950
2021-01-07,345.74,349.2,345.54,325.361383017657,3638857
2021-01-08,349.88,350.619,346.64,327.191459097307,3758462
2021-01-11,347.36,349.82,347.202,325.053257963431,2987858
2021-01-12,348.3,349.15,345.97,325.081269331997,2291537
2021-01-13,348.11,350.06,347.32,325.893599020412,3039926
2021-01-14,349.85,350.3183,347.55,324.791818523481,3497443
2021-01-15,346.27,347.06,343.53,322.476212055353,3622148
2021-01-19,347.8,348.587,346.36,325.025246594865,3433790
2021-01-20,350.32,353.71,349.97,329.441705705447,2920573
2021-01-21,353.46,353.835,352.302,329.749830759674,2582562
2021-01-22,351.38,353.04,350.99,328.573353279899,1812174
2021-01-25,352.71,353.6814,347.97,329.908561848215,3548997
2021-01-26,354.23,354.645,352.6,329.413694336881,2430244
2021-01-27,349.54,349.56,341.99,321.421117172698,5010372
2021-01-28,345.97,351.0707,345.58,324.119545677895,3432188
2021-01-29,345.31,346.22,338.57,317.630245293424,5803647
2021-02-01,343.63,346.85,341.4,322.849696969567,3334009
2021-02-02,349.05,352.34,349.0,327.490247028678,2909313
2021-02-03,351.7,352.8,349.88,327.817046328615,3392809
2021-02-04,352.12,355.04,351.92,331.486535610769,1988342
2021-02-05,356.9,357.1312,355.316,332.81240705623,2091756
2021-02-08,357.92,359.07,357.06,335.268070367188,3371070
2021-02-09,358.22,359.33,357.77,334.997293804382,1882162
2021-02-10,360.53,360.61,356.3,334.866574084407,2388804
2021-02-11,359.71,360.1,356.8376,335.408127210018,2237200
2021-02-12,358.45,361.19,358.36,337.116820692548,2144471
2021-02-16,362.15,362.37,359.98,336.799358515466,4408452
2021-02-17,359.03,360.97,357.9222,336.874055498308,3208028
2021-02-18,358.24,359.93,356.49,335.436138578584,3017068
2021-02-19,360.47,360.71,358.14,334.819888470131,2487098
2021-02-22,355.84,358.19,355.56,332.186819824921,3231900
2021-02-23,353.69,357.56,349.53,332.606990353412,5251055
2021-02-24,355.15,360.58,354.2,336.285816758421,3301220
2021-02-25,359.03,360.27,350.08,328.218542611395,6981285
2021-02-26,353.47,354.4678,347.71,326.416477900312,7450604
2021-03-01,354.55,359.39,354.5,334.381043695929,3725252
2021-03-02,358.38,358.63,355.16,331.794660664996,5462610
2021-03-03,354.7,355.64,350.56,327.415550045835,6317636
2021-03-04,350.49,353.02,341.915,323.381912972322,6604466
2021-03-05,349.77,353.73,342.59,329.310985985472,8721265
2021-03-08,353.63,356.4,350.66,327.695663731496,5663478
2021-03-09,354.75,358.46,354.23,332.280191053474,6075087
2021-03-10,358.3,359.84,356.88,334.334358081652,7231407
2021-03-11,360.66,363.76,360.1605,337.863790520976,3340718
2021-03-12,360.5,362.45,359.666,338.339983786599,4847336
2021-03-15,362.67,364.75,360.45,340.300779586223,3162271
2021-03-16,365.12,365.78,363.25,339.917957549154,3698397
2021-03-17,362.83,366.05,361.62,341.029075168941,5011554
2021-03-18,362.73,364.76,359.28,336.015040195616,5073991
2021-03-19,359.65,361.17,357.14,335.417464332873,5382753
2021-03-22,359.79,363.5,359.76,338.069207223794,3417647
2021-03-23,361.53,362.94,358.51,335.58553254427,4954604
2021-03-24,360.71,362.27,357.42,333.727445096054,4098983
2021-03-25,356.08,360.24,354.14,335.60420678998,5487296
2021-03-26,359.37,364.37,358.75,341.059420818221,3322643
2021-03-29,362.57,364.68,361.1097,340.853291666329,3143331
2021-03-30,362.56,363.47,361.27,339.981927524243,3696168
2021-03-31,363.39,365.82,363.39,341.331136518441,7470344
2021-04-01,366.2,368.29,366.03,344.947766183446,5131981
2021-04-05,370.89,374.07,370.81,349.922974349553,3764095
2021-04-06,373.04,374.33,372.67,349.726214704566,3583491
2021-04-07,373.14,374.0797,372.72,350.166581529061,2768895
2021-04-08,374.97,375.56,374.06,351.871831785618,3949423
2021-04-09,375.42,378.4,375.33,354.40159864974,2627530
2021-04-12,377.7,378.65,377.0799,354.560880267111,2747529
2021-04-13,378.37,380.12,377.92,355.525939478239,2985533
2021-04-14,379.46,380.51,377.7,354.382859635932,3691057
2021-04-15,380.33,382.54,380.28,358.18687943902,3573828
2021-04-16,383.558,384.15,382.19,359.442393364177,3252459
2021-04-19,382.62,383.09,380.37,357.671556559291,3945743
2021-04-20,380.49,381.16,377.465,355.048094626127,4106739
2021-04-21,378.28,382.67,378.14,358.383639084007,3640080
2021-04-22,382.32,383.115,377.96,355.094942160648,3965016
2021-04-23,379.57,384.455,379.46,358.880222949927,3783209
2021-04-26,383.73,384.45,383.32,359.657892022973,3125214
2021-04-27,384.2,384.38,382.72,359.545457940123,3370642
2021-04-28,384.1,385.1692,383.24,359.376806815848,3960389
2021-04-29,386.4,386.74,382.81,361.775400583312,4209880
2021-04-30,383.91,384.76,382.73,359.386176322752,5219206
2021-05-03,385.56,385.94,383.96,360.201323423414,4180812
2021-05-04,382.52,382.96,378.45,358.008858807841,5485646
2021-05-05,383.72,383.91,381.63,358.07444535617,2319217
2021-05-06,382.26,385.37,380.27,360.988362003363,4737289
2021-05-07,386.02,388.68,385.33,363.564976402006,3516620
2021-05-10,388.41,388.66,384.09,360.004563778426,5942697
2021-05-11,379.75,381.74,376.95,356.847039951725,7081501
2021-05-12,378.04,379.27,372.13,349.229630838646,7707441
2021-05-13,374.21,379.05,374.17,353.380322397187,7188191
2021-05-14,379.81,383.79,379.81,358.805266894694,5167919
2021-05-17,381.9,382.75,380.0,357.943272259512,3781587
2021-05-18,382.25,382.47,378.54,354.85133498114,3128310
2021-05-19,374.06,377.84,372.62,353.914384290724,5086270
2021-05-20,378.57,382.99,378.45,357.690295573099,4776714
2021-05-21,383.23,384.45,381.01,357.418579872879,3567453
2021-05-24,383.69,386.4,383.44,361.025840030979,2962453
2021-05-25,386.4,386.76,383.94,360.266909971743,4031807
2021-05-26,385.09,385.75,384.07,360.922775455034,2642705
2021-05-27,386.2816,386.78,385.32,361.082057072404,3015864
2021-05-28,387.03,387.27,385.94,361.784770090216,3371117
2021-06-01,388.5,388.62,385.38,361.503684883091,4389042
2021-06-02,386.45,387.24,385.47,362.112702831862,3209191
2021-06-03,384.17,386.11,382.7,360.735385316951,3390955
2021-06-04,386.81,388.8,386.76,364.005343226501,2628143
2021-06-07,388.52,388.69,387.25,363.696149498664,2500620
2021-06-08,389.0,389.08,386.44,363.752366540089,2386617
2021-06-09,389.08,389.13,387.41,363.180826618936,2968089
2021-06-10,388.86,390.3597,387.58,364.85796835478,2611815
2021-06-11,390.0,390.2,388.73,365.495094824262,2241500
2021-06-14,390.21,391.07,389.0,366.41330650087,2252205
2021-06-15,391.15,391.2,389.4099,365.645006934729,2405039
2021-06-16,390.4186,390.58,386.02,363.639932457239,4100221
2021-06-17,387.62,388.91,385.5,363.508759360581,4065333
2021-06-18,384.79,385.38,382.52,358.68346330494,5211110
2021-06-21,384.5,388.38,383.65,363.705519005568,4389779
2021-06-22,388.24,391.09,387.47,365.635637427825,2705442
2021-06-23,390.35,391.14,389.7,365.24211813785,2404155
2021-06-24,391.89,392.5185,391.67,367.331518177477,2987820
2021-06-25,392.9,393.92,392.54,368.69009667858,2863066
2021-06-28,394.03,394.45,392.83,369.458396244721,2418472
2021-06-29,393.35,393.94,392.66,369.620395019094,2927626
2021-06-30,392.72,394.131,392.72,369.95884079742,3795925
2021-07-01,394.3,395.85,394.2062,372.045923097101,3414515
2021-07-02,396.85,399.05,396.525,374.875705854776,4363111
2021-07-06,398.77,398.99,395.3,374.170610483262,4331346
2021-07-07,398.67,399.66,396.68,375.458584695227,4747830
2021-07-08,394.2,396.88,393.02,372.468980320009,5817105
2021-07-09,397.63,400.65,397.42,376.398711857245,3332168
2021-07-12,400.3,402.03,399.87,377.761896242172,2929163
2021-07-13,401.08,402.5,400.18,376.483323301827,4313092
2021-07-14,402.06,402.57,399.82,377.000393240937,3332211
2021-07-15,399.74,400.38,397.805,375.787629201933,4483895
2021-07-16,400.84,400.88,396.14,372.863833728057,4516552
2021-07-19,391.78,392.26,387.93,367.288879657288,12336206
2021-07-20,391.345,397.5,390.01,372.478381591629,4043076
2021-07-21,397.48,399.62,397.27,375.60900504115,2996601
2021-07-22,399.71,400.56,398.7,376.408113128865,2575749
2021-07-23,402.17,404.75,401.58,380.168621776938,3151949
2021-07-26,403.92,405.42,403.82,381.136952753817,2374331
2021-07-27,404.45,404.45,400.8,379.444723862184,3626075
2021-07-28,404.17,404.76,402.04,379.23789588654,3763730
2021-07-29,404.36,406.13,404.35,380.873717148452,2212865
2021-07-30,402.59,404.53,402.4697,379.012265367656,5204480
2021-08-02,404.78,405.36,401.94,378.241361094801,5814735
2021-08-03,403.08,405.66,400.92,381.29677437136,4129628
2021-08-04,404.31,404.86,403.34,379.472927677045,3880216
2021-08-05,404.7,406.19,404.38,381.842048125331,3052826
2021-08-06,406.44,407.18,406.17,382.500137138744,2486923
2021-08-09,406.75,407.0492,405.69,382.133487545557,1984384
2021-08-10,406.91,407.67,406.23,382.612952398186,2400730
2021-08-11,408.0,408.07,406.91,383.534277016964,3554430
2021-08-12,407.82,409.33,406.97,384.653028339765,2320453
2021-08-13,409.64,409.96,409.18,385.414531341,2223563
2021-08-16,408.71,411.01,407.15,386.335855959778,3385158
2021-08-17,408.41,409.05,405.31,383.788111350709,5186251
2021-08-18,407.22,408.75,403.54,379.660953109449,4878277
2021-08-19,401.09,405.55,400.931,380.196825591799,5505717
2021-08-20,404.68,407.92,404.26,383.205232510257,3263571
2021-08-23,409.25,412.08,409.23,386.599091565143,3259398
2021-08-24,411.9,412.36,411.35,387.210174220455,3006487
2021-08-25,412.06,413.21,411.67,387.924670863589,3261412
2021-08-26,412.41,412.66,410.2,385.658964403125,4707561
2021-08-27,411.09,414.33,411.02,389.081027272871,3882200
2021-08-30,414.66,416.56,414.39,390.867268880706,2811785
2021-08-31,415.66,416.02,414.58,390.199778595673,6062916
2021-09-01,416.05,416.59,415.16,390.613434546961,3256370
2021-09-02,416.8,417.44,415.495,391.779192227864,2836923
2021-09-03,415.58,417.0593,415.16,391.628771881941,3743999
2021-09-07,416.27,416.29,414.42,390.180976052433,3542491
2021-09-08,414.53,415.26,412.6731,389.804925187625,4012604
2021-09-09,414.34,416.07,412.57,388.056288666271,3887829
2021-09-10,414.69,415.1,409.415,385.057283019433,4035509
2021-09-13,412.52,412.71,408.31,385.959805094971,4738340
2021-09-14,412.02,412.18,407.49,383.957334239872,3657667
2021-09-15,408.79,412.2578,407.7,387.163167862354,3891386
2021-09-16,411.27,412.19,408.23,386.495677577321,3351499
2021-09-17,410.35,410.78,406.77,382.706965114388,5396095
2021-09-20,401.11,402.64,395.57,376.455119486966,10942737
2021-09-21,402.66,403.9,399.44,376.088469893779,6418124
2021-09-22,402.17,405.85,401.26,379.71736073917,6004773
2021-09-23,405.71,410.32,405.47,384.305181289819,4098043
2021-09-24,407.17,410.13,406.95,384.944467759991,3417688
2021-09-27,408.4208,409.57,407.59,383.85392025205,3546600
2021-09-28,405.55,405.87,399.33,376.182482609981,8234309
2021-09-29,400.1,401.79,398.86,376.773258518593,4724166
2021-09-30,400.85,401.52,394.34,372.000633754902,9511155
2021-10-01,396.2262,400.85,392.77,376.45256831708,8482196
2021-10-04,398.12,398.94,391.96,371.821424524645,8820427
2021-10-05,395.56,400.3526,394.79,375.43390532404,5523244
2021-10-06,394.65,400.02,393.06,377.103380784856,6589951
2021-10-07,403.07,406.05,402.85,380.348011058986,4409195
2021-10-08,404.04,404.3881,401.94,379.631174137958,3960919
2021-10-11,401.91,404.74,399.56,376.867579166097,3695672
2021-10-12,400.55,400.92,397.87,376.113013986067,6201264
2021-10-13,399.64,400.88,396.75,377.320318274115,6492363
2021-10-14,403.7,406.95,403.22,383.658665786369,3788390
2021-10-15,408.92,410.26,408.275,386.648630312239,3501619
2021-10-18,408.2,411.46,407.53,387.827638406036,3402670
2021-10-19,412.74,414.38,412.14,390.845899126157,2838262
2021-10-20,414.74,416.22,414.65,392.364461550968,3208156
2021-10-21,415.38,417.24,414.9449,393.326532155506,2579450
2021-10-22,416.58,418.0,414.7,392.930385435991,3648855
2021-10-25,417.64,419.14,415.93,394.967711422072,2511465
2021-10-26,420.27,421.5294,418.86,395.344994012087,3085261
2021-10-27,419.66,420.29,417.28,393.628358227518,2873514
2021-10-28,418.78,421.44,418.75,397.476640645673,3643561
2021-10-29,419.15,422.515,418.87,398.184045501951,4637741
2021-11-01,423.19,423.57,421.28,399.023499264735,3824661
2021-11-02,423.15,424.96,423.01,400.570357883797,2957781
2021-11-03,424.14,427.66,423.69,402.984966459893,3562910
2021-11-04,427.85,429.37,427.54,404.871379409969,4287284
2021-11-05,431.55,432.76,429.3,406.248460863524,4942933
2021-11-08,431.88,432.34,430.5,406.738928230544,3511610
2021-11-09,431.56,431.75,428.34,405.314686453237,4652610
2021-11-10,428.09,429.73,424.81,402.051192049606,6350658
2021-11-11,427.7,427.82,426.39,402.183240956111,3634631
2021-11-12,427.66,430.17,426.73,405.173205481981,3643591
2021-11-15,430.95,431.005,428.65,405.361846776989,3122286
2021-11-16,429.52,432.59,429.4721,406.90870539605,3266998
2021-11-17,431.24,431.39,429.84,405.927770662011,3764856
2021-11-18,431.44,432.17,428.8,407.333148309817,4736823
2021-11-19,431.87,432.99,430.3798,406.569151065037,4886525
2021-11-22,432.93,435.41,429.72,405.493895683494,4875928
2021-11-23,429.57,431.29,427.04,406.022091309515,6801311
2021-11-24,428.56,431.75,427.71,407.021890173055,4569588
2021-11-26,425.19,426.52,420.9,398.16518137245,7702478
2021-11-29,426.71,428.98,424.55,402.975534395143,6300761
2021-11-30,424.8,426.63,418.63,395.260105429334,8657643
2021-12-01,424.47,427.2212,413.97,390.713850219652,8370491
2021-12-02,414.42,422.06,414.03,396.674915141891,10417672
2021-12-03,422.12,423.19,412.77,393.16618705475,10228931
2021-12-06,419.41,423.66,417.0,397.863355300438,7289493
2021-12-07,426.98,431.1,426.94,406.040955439016,4731920
2021-12-08,430.95,432.14,429.24,407.182235273811,4476542
2021-12-09,430.46,431.32,428.61,404.4092082372,5035427
2021-12-10,431.44,432.96,428.95,408.266922720105,6238301
2021-12-13,432.36,432.66,428.75,404.64500985596,5923878
2021-12-14,425.8,428.24,423.2,401.890846948849,6522926
2021-12-15,426.11,432.98,423.67,408.172602072601,6871253
2021-12-16,434.56,434.8,427.35,404.484664755203,7159519
2021-12-17,425.85,428.79,422.67,400.287395941285,8883451
2021-12-20,419.39,420.22,416.3,395.958078220862,9903413
2021-12-21,421.65,425.85,419.52,402.95940556442,6916663
2021-12-22,425.45,430.09,425.32,407.029798206782,4992213
2021-12-23,430.91,434.0963,430.87,409.538295998005,5032684
2021-12-27,433.98,438.82,433.95,415.378836138324,4986317
2021-12-28,439.28,440.19,437.655,415.066457168096,4865844
2021-12-29,438.5,439.95,437.54,415.568156726341,4596686
2021-12-30,439.39,440.36,437.32,414.394369080636,3751831
2021-12-31,437.23,438.38,436.39,413.258445552535,4931399
2022-01-03,437.93,439.27,435.64,415.795341431961,6017303
2022-01-04,440.58,441.26,437.22,415.624952902746,6262237
2022-01-05,438.78,439.41,430.525,407.664022176638,7539607
2022-01-06,430.2,432.83,427.9,407.114992471389,7971547
2022-01-07,430.21,431.36,427.2,405.704554090664,6157536
2022-01-10,425.38,428.19,419.77,405.174456444217,10481534
2022-01-11,427.68,431.95,424.78,408.724217469532,7207946
2022-01-12,433.56,435.04,431.14,409.945335262241,8270332
2022-01-13,434.09,434.72,426.09,404.294115709938,7521275
2022-01-14,423.945,427.5799,422.81,404.417174092149,9960814
2022-01-18,422.62,424.98,417.33,397.327118070919,10656865
2022-01-19,421.17,422.535,415.07,393.152599105148,8132697
2022-01-20,417.17,421.75,410.29,388.826623668964,8907603
2022-01-21,409.71,411.9265,402.66,381.187537942484,16225928
2022-01-24,397.26,404.88,386.84,382.777830881826,22997836
2022-01-25,398.17,404.26,392.7325,378.130010446013,16836326
2022-01-26,405.66,408.1954,394.34,377.278067799937,14377346
2022-01-27,402.93,405.97,394.82,375.365929860967,12455226
2022-01-28,397.82,406.33,393.3,384.566910438585,12096807
2022-01-31,405.67,413.97,404.35,391.60017028341,9200435
2022-02-01,414.34,417.04,410.9,394.155998221637,8154891
2022-02-02,418.98,421.18,416.54,397.914011893771,6726476
2022-02-03,414.59,416.43,409.79,388.665701169149,7658271
2022-02-04,410.34,416.24,408.06,390.492644843512,8210024
2022-02-07,413.23,414.62,409.9,389.205264844997,5620912
2022-02-08,410.72,415.46,409.35,392.357452635477,5565685
2022-02-09,418.55,420.87,418.345,398.112798511189,6284459
2022-02-10,414.93,420.8,411.14,391.117402783967,9260462
2022-02-11,413.15,415.2,403.57,383.317394557674,10458586
2022-02-14,404.43,405.99,400.24,382.067878676763,10167584
2022-02-15,408.18,410.29,407.46,388.201865728508,6822294
2022-02-16,408.2,411.89,406.32,388.665701169149,7743764
2022-02-17,407.49,407.98,401.23,380.401857502215,7540991
2022-02-18,402.15,403.31,397.0,377.969087946198,10570832
2022-02-22,397.05,400.37,391.505,373.832433098031,10385026
2022-02-23,397.74,398.32,387.38,367.102086194032,12154856
2022-02-24,377.76,394.17,377.5,372.743839716934,21277220
2022-02-25,394.95,402.52,393.3955,380.884625001658,11665227
2022-02-28,397.18,402.85,396.0,379.928556032173,11855942
2022-03-01,400.01,401.92,392.79,374.230006332866,9124412
2022-03-02,397.72,404.1,396.78,381.102343677877,8185168
2022-03-03,405.02,405.54,398.88,379.190205738907,8745268
2022-03-04,396.93,398.4264,393.37,376.123212213034,6322478
2022-03-07,396.73,397.0,385.56,365.019559725847,8411483
2022-03-08,385.76,392.74,381.64,362.264945170202,9356075
2022-03-09,390.88,394.85,388.72,371.920295159061,5812598
2022-03-10,388.44,392.01,386.53,370.263740013913,6394788
2022-03-11,393.62,394.1899,385.68,365.540191342894,5872799
2022-03-14,387.07,390.268,382.25,362.870771051856,6454976
2022-03-15,385.86,392.37,384.63,370.831701777964,5739361
2022-03-16,395.5,400.55,390.55,379.123943533101,7407331
2022-03-17,398.64,405.56,398.3,383.762297939513,5177527
2022-03-18,403.98,410.28,403.24,388.00307911109,5666909
2022-03-21,409.84,411.75,406.43,388.022011169892,4137298
2022-03-22,411.2,415.52,411.2,392.527841164693,4180514
2022-03-23,412.16,413.62,409.29,387.472981464643,3742563
2022-03-24,409.89,414.1,408.81,393.212897712431,2977317
2022-03-25,414.79,416.3581,412.205,395.207359538421,3496451
2022-03-28,415.5,419.05,413.69,397.93312403394,3395334
2022-03-29,422.96,424.72,420.25,402.966765785246,5510554
2022-03-30,423.26,424.01,419.59,400.459442346859,4794334
2022-03-31,420.97,421.67,415.05,394.305102998092,5876639
2022-04-01,416.68,416.818,412.87,395.397308283753,4663067
2022-04-04,416.45,419.96,415.72,398.749903638868,5117208
2022-04-05,418.56,420.82,413.5,393.820733697495,3956102
2022-04-06,410.76,412.66,407.64,389.831810045516,5540716
2022-04-07,409.6,414.3,407.74,391.797779559706,4954053
2022-04-08,411.85,414.22,409.98,390.848035833044,4752812
2022-04-11,408.5,409.0592,403.925,384.076363061947,3342784
2022-04-12,407.33,409.71,401.37,382.670742346488,6615813
2022-04-13,402.57,408.2,402.48,386.992076302798,4358710
2022-04-14,407.72,408.78,402.34,382.290844855823,3735679
2022-04-18,401.55,404.22,400.44,382.357326916689,4305868
2022-04-19,402.58,409.77,402.36,388.464179079123,3841510
2022-04-20,410.82,411.39,407.67,388.169758523858,4945250
2022-04-21,412.38,413.68,401.8,382.414311540289,4670153
2022-04-22,401.67,401.885,391.1,371.976627984278,6326437
2022-04-25,389.42,394.0584,385.0,374.009079559334,8141182
2022-04-26,391.4,391.59,382.44,363.314965197125,8351899
2022-04-27,383.5,388.75,381.5,364.255211486519,6415702
2022-04-28,388.23,394.9,383.87,373.382248699737,7036192
2022-04-29,389.42,391.45,378.0,359.667949286744,8221944
2022-05-02,378.79,382.27,372.33,361.928339356199,10737019
2022-05-03,381.62,385.0556,380.0,363.49541650519,5607696
2022-05-04,383.35,394.925,380.28,374.521941171731,7344049
2022-05-05,390.22,390.31,376.35,361.367990557468,10477253
2022-05-06,378.01,381.28,372.95,359.098103050747,7959647
2022-05-09,372.36,373.56,364.5,347.511229585476,10793230
2022-05-10,371.9,373.22,362.91,348.403988688538,7870750
2022-05-11,365.97,371.36,360.27,342.791003263968,8026944
2022-05-12,357.835,363.75,354.02,342.525075020502,7679237
2022-05-13,364.73,370.58,363.6416,350.607394134393,5377437
2022-05-16,367.71,371.35,365.45,349.353732415199,4719840
2022-05-17,373.66,375.56,370.08,356.343846243428,4513309
2022-05-18,370.98,371.16,359.0,342.230654465237,6883570
2022-05-19,357.17,362.23,355.85,339.941772083983,6359477
2022-05-20,361.41,361.95,349.76,340.027249019382,8755856
2022-05-23,361.09,365.57,358.85,346.476008923415,5254915
2022-05-24,360.85,363.21,355.7,343.978182922295,5567301
2022-05-25,360.54,367.16,360.27,346.846408976813,5704600
2022-05-26,366.445,374.13,366.27,353.741548432376,4248253
2022-05-27,374.94,381.86,374.8,362.612154839395,3911790
2022-05-31,380.23,382.85,376.92,360.598698138872,5016514
2022-06-01,381.61,382.64,374.1,357.578513088089,4245818
2022-06-02,376.41,383.74,374.2,364.369180733719,3273721
2022-06-03,379.11,380.6,376.48,358.47127219115,2749538
2022-06-06,381.33,382.96,377.41,359.449508229612,2659482
2022-06-07,375.16,382.61,374.71,362.96356001826,2649857
2022-06-08,380.5,382.23,377.26,358.993631240814,3436443
2022-06-09,376.24,378.44,369.02,350.550409510793,3021979
2022-06-10,362.93,363.69,358.23,340.264684951048,7629693
2022-06-13,349.11,350.8353,343.06,327.148724085851,10399708
2022-06-14,346.37,347.32,340.57,326.331944480922,7584190
2022-06-15,346.82,352.84,341.97,331.004683616097,7887624
2022-06-16,340.48,340.84,334.57,320.130117945822,8821869
2022-06-17,337.31,340.87,334.24,320.965892425284,7083981
2022-06-21,343.19,347.5,343.11,328.829770482042,5628348
2022-06-22,342.08,349.51,341.6348,328.136457561579,4876060
2022-06-23,347.63,349.61,344.14,331.584027289361,6708774
2022-06-24,352.03,360.02,351.97,341.907741598172,5458559
2022-06-27,361.0,361.15,357.57,340.625587567179,4608590
2022-06-28,360.08,362.835,350.9,333.265073685552,8801780
2022-06-29,350.43,351.36,347.81,333.42852458091,3775861
2022-06-30,345.88,349.84,342.45,330.796495271211,7159599
2022-07-01,346.16,350.83,343.59,334.1914316272,7481480
2022-07-05,345.48,351.1,342.78,334.782684588074,6180564
2022-07-06,351.23,354.68,348.93,335.993799524059,5450928
2022-07-07,354.01,358.3,354.0,340.924086310707,3737478
2022-07-08,355.9058,359.05,354.471,340.723823211056,4791341
2022-07-11,354.84,355.57,352.51,336.871142627292,3491695
2022-07-12,352.6,354.9,348.38,333.762296413662,4080271
2022-07-13,344.74,351.0,344.37,332.207873306847,5603536
2022-07-14,343.41,347.95,341.045,331.330530203614,4624840
2022-07-15,351.73,354.11,349.8,337.595904321268,4520475
2022-07-18,356.97,357.62,349.92,334.801757264232,3544880
2022-07-19,354.95,361.09,354.25,343.889887453158,3620152
2022-07-20,360.7,364.2399,359.45,346.092781549319,4270636
2022-07-21,362.36,366.62,360.01,349.592617624173,4603979
2022-07-22,366.69,367.84,361.01,346.407480705914,4533862
2022-07-25,363.84,364.44,361.45,346.750788876744,3902230
2022-07-26,362.12,362.21,358.4501,342.592945474465,2987190
2022-07-27,362.49,370.33,362.2205,351.566639606448,4500264
2022-07-28,369.42,373.91,365.98,356.010573151085,4345335
2022-07-29,374.73,379.66,373.93,361.226950080091,5246413
2022-08-01,376.12,380.01,375.44,360.139807539128,4421369
2022-08-02,376.11,379.627,373.95,357.812941047945,4132588
2022-08-03,377.19,382.1,376.91,363.401235162017,3854779
2022-08-04,380.88,381.53,379.19,363.115145019658,3410631
2022-08-05,376.65,380.7,376.54,362.361774311447,2852090
2022-08-08,381.78,383.9068,378.57,362.037538816774,3455348
2022-08-09,379.02,379.41,377.1,360.607088104981,2360524
2022-08-10,384.99,386.23,383.1,368.159867863249,3650992
2022-08-11,388.87,390.65,385.4,368.159867863249,3575370
2022-08-12,387.95,392.72,387.09,374.463387333217,3664357
2022-08-15,390.49,394.76,390.46,376.065492130426,3203933
2022-08-16,393.24,396.89,392.44,376.72349945785,3864849
2022-08-17,391.56,394.85,390.2931,374.148688176623,3222325
2022-08-18,392.42,394.02,391.17,375.302585084136,3258081
2022-08-19,390.7,390.95,387.25,370.124353507444,2899030
2022-08-22,383.43,383.54,379.09,362.323628959132,4153718
2022-08-23,379.56,381.87,378.5233,361.465358532056,2869184
2022-08-24,378.9,381.58,378.18,362.562037411098,2241245
2022-08-25,381.76,385.73,380.7,367.845168706654,2631290
2022-08-26,385.55,386.05,372.51,355.238129766717,5153160
2022-08-29,369.77,373.05,368.78,352.892190599376,4647553
2022-08-30,371.3,371.445,364.02,349.05858269177,5044536
2022-08-31,367.61,368.79,363.11,346.312117325127,4062539
2022-09-01,361.1,364.7,358.51,347.380187189933,6126838
2022-09-02,367.95,369.13,358.78,343.7373060439,4544223
2022-09-06,361.36,362.28,357.0,342.583409136387,5603733
2022-09-07,358.86,366.375,358.6904,348.724810859019,4136951
2022-09-08,363.375,368.48,362.27,351.003995659809,3692037
2022-09-09,370.24,374.61,369.98,356.420635688466,2621561
2022-09-12,375.82,378.51,375.51,360.340070638779,2961354
2022-09-13,369.34,370.53,360.2801,344.624185485212,5549174
2022-09-14,362.58,364.17,359.53,345.911591125825,3555510
2022-09-15,361.16,363.97,357.4,342.049374203984,3807460
2022-09-16,354.56,356.48,352.69,339.360126865813,4452268
2022-09-19,352.8,358.59,352.75,341.963547161276,3412645
2022-09-20,355.38,356.38,351.8332,338.110866577513,3623962
2022-09-21,356.38,359.3,348.31,332.160191616454,5102402
2022-09-22,347.55,348.54,344.67,329.356508221339,5540518
2022-09-23,342.08,342.08,335.31,323.88265016421,10491491
2022-09-26,338.23,341.66,335.07,320.745194936344,5405686
2022-09-27,339.79,341.84,333.08,319.839242818875,5795659
2022-09-28,334.8,342.1,333.18,326.094317691404,8683949
2022-09-29,337.15,337.3,330.53,319.294301080711,7230121
2022-09-30,332.57,336.19,328.12,314.4289370832,7736631
2022-10-03,331.79,338.66,330.1,322.742196826978,5738997
2022-10-04,342.14,347.33,342.13,332.539967239287,5109957
2022-10-05,343.12,348.64,340.86,331.965317948243,4755772
2022-10-06,345.18,347.98,342.49,328.469534761055,3879612
2022-10-07,339.08,339.34,331.65,319.24641363979,5168076
2022-10-10,334.47,334.67,328.66,316.861619081955,3933860
2022-10-11,329.2,333.56,326.85,314.773726657827,4968108
2022-10-12,329.15,330.58,327.44,313.796822863051,3235062
2022-10-13,320.84,337.675,319.87,322.014307724988,6396891
2022-10-14,338.62,340.19,328.025,314.764149169643,4883998
2022-10-17,334.57,338.1,334.46,322.761351803346,3889516
2022-10-18,344.68,345.0,337.765,326.563614612424,4903278
2022-10-19,339.04,341.67,335.9,324.303327400982,4403233
2022-10-20,338.17,342.42,335.05,321.640785685809,3459059
2022-10-21,335.5,344.3905,334.13,329.369818650358,4362430
2022-10-24,345.45,349.23,342.87,333.382786199486,5639417
2022-10-25,348.05,354.03,348.03,338.803644511673,5203396
2022-10-26,350.7,356.17,350.44,336.275187631077,4277708
2022-10-27,352.05,353.79,348.595,334.47461985247,4145263
2022-10-28,349.04,357.98,348.95,342.280272722492,4388078
2022-10-31,355.16,356.92,354.05,339.952943093762,6430961
2022-11-01,358.53,358.765,352.29,338.583362283439,8014279
2022-11-02,352.78,357.125,344.41,329.944467941403,5022535
2022-11-03,341.34,343.81,338.9,326.429529777847,4534774
2022-11-04,346.41,348.02,340.0,331.208696381701,3655444
2022-11-07,347.06,349.71,345.1,334.388422458814,3316597
2022-11-08,350.21,353.87,347.08,336.208145213788,3237196
2022-11-09,349.08,350.22,343.3581,329.341086185806,3570793
2022-11-10,356.52,363.01,354.41,347.365918948236,4603632
2022-11-11,363.69,367.02,361.74,350.68930734811,4877385
2022-11-14,364.57,367.79,362.89,347.873525821992,5274312
2022-11-15,368.65,369.742,362.59,350.746772277215,4597800
2022-11-16,364.7,365.52,362.85,348.084230562042,2755123
2022-11-17,358.8,362.99,358.565,347.078594302714,3284424
2022-11-18,365.46,365.59,361.23,348.610992412166,2574370
2022-11-21,362.77,363.7386,360.87,347.385073924604,2397875
2022-11-22,364.51,367.68,363.21,352.011000717513,2315964
2022-11-23,367.21,370.3599,367.0225,354.21382299985,2590859
2022-11-25,369.39,370.34,369.06,354.175513047114,1423444
2022-11-28,366.86,368.38,363.15,348.57268245943,3557001
2022-11-29,363.93,365.18,361.48,347.959723215649,2507770
2022-11-30,363.45,374.59,361.65,358.667355005445,4748832
2022-12-01,375.87,377.0,372.05,358.715242446366,4608628
2022-12-02,369.66,374.88,369.66,358.198058084426,3595984
2022-12-05,371.28,372.19,365.99,351.819450953831,3706993
2022-12-06,367.09,367.61,359.931,346.733804728087,3911040
2022-12-07,361.05,363.61,360.31,346.063380555202,3337977
2022-12-08,363.13,365.15,361.6,348.792964687663,3604516
2022-12-09,363.0,365.4402,361.3403,346.245352830699,4271355
2022-12-12,362.28,366.68,361.58,351.187336733682,2946216
2022-12-13,377.11,377.19,366.801,353.782836031567,6161825
2022-12-14,369.1,372.8,364.25,351.647056166518,4707115
2022-12-15,362.47,363.24,356.46,342.998584336298,5126752
2022-12-16,355.649,356.83,351.79,338.908996881697,4533074
2022-12-19,354.13,354.34,349.25,335.987862985554,5538489
2022-12-20,348.45,351.165,347.208,336.497098032302,5068210
2022-12-21,352.2,355.9516,351.7,341.530071472142,3832448
2022-12-22,351.98,352.25,344.34,336.728056660516,6462233
2022-12-23,348.93,351.9479,347.35,338.614218790934,4571981
2022-12-27,351.76,352.04,348.85,337.26696012635,4303215
2022-12-28,350.42,352.2,345.9,333.128951370841,4464644
2022-12-29,348.91,353.125,348.47,339.037642942661,4086575
2022-12-30,349.79,351.49,347.7635,338.104185153627,5325447
2023-01-03,353.181,355.0423,347.19,336.805042869921,4957334
2023-01-04,352.1,354.5635,349.2,339.230108466173,3119087
2023-01-05,350.73,350.8,348.06,335.525147138566,3216538
2023-01-06,351.59,357.67,348.7399,343.156405145819,3464777
2023-01-09,358.73,361.73,356.2214,342.906199965253,3775322
2023-01-10,355.84,358.95,354.96,345.350512113856,3495719
2023-01-11,360.41,363.51,359.66,349.757972602282,5710532
2023-01-12,364.48,366.15,360.6,351.066738162164,4743460
2023-01-13,361.6807,366.7297,361.47,352.4332433791,3015160
2023-01-17,366.19,367.72,364.87,351.894339913266,4942003
2023-01-18,366.67,367.66,359.58,346.178113864958,3931803
2023-01-19,357.76,359.355,355.85,343.685685335477,3514877
2023-01-20,358.45,363.91,356.88,350.008177782848,3265062
2023-01-23,364.51,370.0,363.65,354.27128912864,3243283
2023-01-24,366.57,368.61,365.42,353.895981357791,2702380
2023-01-25,363.78,368.16,361.66,354.021083948074,3061683
2023-01-26,370.46,372.06,367.61,357.803031485086,3460934
2023-01-27,370.89,375.08,370.76,358.8230987597,5549522
2023-01-30,370.15,372.29,367.86,354.338652061869,3280594
2023-01-31,368.61,373.54,368.33,359.371625501709,4181686
2023-02-01,372.44,380.16,369.76,363.307545457531,4941692
2023-02-02,381.25,384.41,379.4,368.513737868532,5207926
2023-02-03,378.23,383.2,377.79,364.577817912711,6472509
2023-02-06,376.575,377.93,375.02,362.470320430254,2880098
2023-02-07,375.79,382.7468,374.62,367.147232651596,4504633
2023-02-08,379.69,380.93,376.73,363.124703210194,2921503
2023-02-09,380.97,381.0,372.9486,360.016385005475,3327715
2023-02-10,373.0,375.39,372.2,360.892103137455,3256705
2023-02-13,375.649,379.44,375.2,365.058981721491,2980600
2023-02-14,377.96,381.42,375.45,364.924255855032,4718037
2023-02-15,377.15,380.53,376.33,366.146411929334,2831621
2023-02-16,375.66,379.43,375.09,361.05569883244,3077501
2023-02-17,373.179,374.45,371.32,360.122241043406,3285327
2023-02-21,370.4,371.335,366.48,352.972146844934,3109176
2023-02-22,367.18,368.6,364.84,352.529476140856,3872004
2023-02-23,369.07,369.57,364.13,354.300158957167,2867193
2023-02-24,363.31,365.03,361.73,350.508588143979,4055007
2023-02-27,367.49,368.77,364.5936,351.721120942105,3300148
2023-02-28,365.01,366.86,364.05,350.393108829872,3022200
2023-03-01,363.34,364.51,361.45,349.113213098517,3764724
2023-03-02,360.81,366.36,360.53,351.721120942105,2730814
2023-03-03,367.29,371.67,366.7,357.292997847779,4913599
2023-03-06,372.26,374.44,371.3,357.726045275681,2638325
2023-03-07,371.63,371.89,365.385,352.19266147471,3546141
2023-03-08,366.11,367.2987,364.44,352.741188216719,2906258
2023-03-09,367.35,368.88,358.85,346.28396990289,4409629
2023-03-10,359.33,361.24,353.14,341.318359396279,8360402
2023-03-13,350.76,358.67,349.76,340.740962825742,6478693
2023-03-14,358.88,361.51,355.63,346.399449216997,4798811
2023-03-15,354.46,357.88,352.565,344.263081906013,6610393
2023-03-16,355.54,364.26,354.99,350.152526925482,5049842
2023-03-17,362.76,363.79,358.4201,346.322463007592,5189907
2023-03-20,360.47,363.58,359.82,349.450027764663,3099753
2023-03-21,366.42,368.41,364.88,354.021083948074,4117629
2023-03-22,367.78,371.219,361.66,348.150885480957,4094840
2023-03-23,364.48,368.286,360.12,348.978487232058,4787193
2023-03-24,359.98,363.63,357.72,351.295194738573,3740941
2023-03-27,365.725,366.43,363.4,351.874953559244,4144795
2023-03-28,363.54,364.2,361.682,351.256544150528,2413653
2023-03-29,367.4,368.94,366.29,356.25213265531,3636069
2023-03-30,371.23,371.48,369.102,358.37791499777,3316742
2023-03-31,371.78,376.34,371.65,363.383166149563,4159844
2023-04-03,375.6,377.91,375.22,364.822900554229,3525296
2023-04-04,378.19,378.4,374.13,362.764756740847,2713278
2023-04-05,374.71,375.42,372.89,361.88545586283,3227735
2023-04-06,373.67,376.185,372.72,363.267214385429,3076223
2023-04-10,373.55,376.39,372.96,363.663382912887,2671117
2023-04-11,376.9,377.76,375.69,363.711696147943,3069001
2023-04-12,378.4,378.62,374.32,362.262299096266,3624173
2023-04-13,375.91,380.17,375.4448,366.958345543701,2680870
2023-04-14,379.27,381.33,376.72,366.204659076829,2981653
2023-04-17,378.84,380.32,377.68,367.451140541271,2705286
2023-04-18,381.84,381.915,379.24,367.702369363562,3019268
2023-04-19,378.73,381.33,378.67,367.68304406954,2671311
2023-04-20,377.78,380.07,376.94,365.605574962135,2953173
2023-04-21,378.68,379.1,376.82,365.818153196381,2762306
2023-04-24,378.48,379.47,377.23,366.30128554694,2310373
2023-04-25,377.18,377.7,373.02,360.513359987242,3795428
2023-04-26,373.66,374.68,370.98,358.909360583385,3743370
2023-04-27,373.89,379.13,373.67,366.030731430627,4302377
2023-04-28,378.04,382.12,378.0,369.161429062251,3386907
2023-05-01,381.73,383.64,381.52,368.91020023996,3069297
2023-05-02,381.06,381.11,374.67,364.774587319173,4311590
2023-05-03,377.91,380.2,374.6,362.233311155232,5513039
2023-05-04,373.84,374.11,370.92,359.585745874168,4421484
2023-05-05,375.74,380.09,375.43,366.185333782806,3139394
2023-05-08,379.41,379.62,377.88,366.388249370041,2957618
2023-05-09,377.71,378.58,377.33,364.803575260207,2271049
2023-05-10,380.28,380.83,375.64,366.397912017052,3512947
2023-05-11,378.47,378.88,376.67,365.88579172546,2676622
2023-05-12,379.85,380.01,375.835,365.392996727889,2531015
2023-05-15,378.74,379.84,376.91,366.658803486354,3882561
2023-05-16,378.39,379.28,376.91,364.233479086547,2277616
2023-05-17,378.85,382.09,377.28,368.58167024158,3222645
2023-05-18,381.26,385.57,381.0,372.185837576751,3340620
2023-05-19,386.02,386.54,383.44,371.596416109069,3649043
2023-05-22,384.66,386.23,383.47,371.799331696304,2784012
2023-05-23,383.19,384.11,380.08,367.644393481495,2887264
2023-05-24,378.91,379.25,376.57,364.890539083308,3611592
2023-05-25,380.99,382.28,378.92,368.069549949987,3315872
2023-05-26,381.64,386.57,381.535,372.852560220523,3042792
2023-05-30,387.76,388.26,384.76,372.968511984657,3968451
2023-05-31,384.31,385.16,382.42,370.939356112308,4164677
2023-06-01,384.2,388.57,382.97,374.495210212424,3563555
2023-06-02,390.08,393.96,389.54,379.993256361787,7368902
2023-06-05,393.54,394.77,391.79,379.258895188937,3481154
2023-06-06,392.05,393.79,391.41,380.041569596843,2894663
2023-06-07,393.67,394.76,391.54,378.7950881324,3942893
2023-06-08,391.96,394.73,391.29,381.065810180028,3460351
2023-06-09,395.05,396.93,394.08,381.703544882766,3062868
2023-06-12,395.98,398.685,395.3,385.211085747826,3797245
2023-06-13,400.019,401.85,399.4,387.752361911767,3913085
2023-06-14,401.61,403.436,398.46,388.051903969114,5161278
2023-06-15,401.0,407.93,400.89,393.028167179873,5284984
2023-06-16,408.69,408.76,404.89,391.578770128195,5141885
2023-06-20,403.49,404.32,401.26,389.771855137104,4246881
2023-06-21,402.31,403.06,400.67,387.636410147633,3423543
2023-06-22,400.28,402.72,399.95,389.047156611265,3141021
2023-06-23,399.33,401.28,398.93,386.129037213888,4215307
2023-06-26,399.04,400.86,397.73,384.534700457043,3250700
2023-06-27,398.8,402.93,398.39,388.795927788975,4302361
2023-06-28,401.35,403.485,400.71,388.969855435176,4320672
2023-06-29,400.6,402.67,400.19,390.454231269034,3914849
2023-06-30,405.4,408.22,405.29,395.081362727018,5173692
2023-07-03,406.92,408.06,406.68,395.838000575494,2372019
2023-07-05,406.01,407.84,406.01,394.955256418939,4234124
2023-07-06,403.78,404.35,401.56,391.7346953203,6040271
2023-07-07,403.03,406.679,402.71,390.822849708035,3673249
2023-07-10,402.63,404.11,402.06,391.870502113616,3362277
2023-07-11,404.77,407.0,403.77,394.382927789964,3181871
2023-07-12,410.19,411.13,408.79,397.487083065761,4246359
2023-07-13,411.54,413.81,411.13,400.727045134873,3273427
2023-07-14,413.94,414.71,412.08,400.406929122057,3680945
2023-07-17,412.65,415.2495,412.63,401.803798996165,2968267
2023-07-18,413.91,417.93,413.54,404.849751360541,3597284
2023-07-19,418.07,419.37,417.49,405.722795031859,3494916
2023-07-20,417.3,418.16,414.82,403.074562562195,4084997
2023-07-21,417.11,417.3,415.48,403.123064988379,3176713
2023-07-24,416.58,418.1,416.015,404.830350390067,3471126
2023-07-25,417.08,419.65,417.0674,406.023510074201,3949308
2023-07-26,417.62,419.89,416.58,406.12051492657,6138837
2023-07-27,421.79,422.15,414.92,403.365577119301,4149443
2023-07-28,418.93,420.62,418.16,407.294273640231,2702729
2023-07-31,420.32,420.97,419.05,408.080012944417,3454537
2023-08-01,419.26,420.08,418.55,406.818949863624,3137275
2023-08-02,416.46,416.7,412.88,401.182967941006,4979068
2023-08-03,411.68,414.19,411.09,400.048011168293,3028199
2023-08-04,414.15,416.1285,410.03,398.088513150446,5717266
2023-08-07,412.29,414.24,411.64,401.677692688086,2597977
2023-08-08,411.76,412.74,409.125,399.941305830687,3780086
2023-08-09,412.66,412.73,408.85,397.283372875787,3145934
2023-08-10,411.8,415.05,408.62,397.516184521471,4588326
2023-08-11,407.95,410.41,407.34,397.14756608247,2918862
2023-08-14,408.56,411.74,408.31,399.388378172186,2772912
2023-08-15,410.09,411.7125,406.41,394.809749140386,4686119
2023-08-16,406.59,408.11,403.87,391.88990308409,3353653
2023-08-17,405.33,405.58,400.37,388.717844411635,7102504
2023-08-18,398.17,402.02,397.85,389.076762365399,4157667
2023-08-21,402.14,404.39,399.99,391.647390953168,3292434
2023-08-22,405.35,405.4,402.06,390.551236121403,2648051
2023-08-23,403.56,407.67,403.47,394.761246714202,3249964
2023-08-24,408.6,409.079,401.4,389.513284201058,3458791
2023-08-25,403.08,405.8,399.71,392.093613274064,4417835
2023-08-28,406.36,407.44,405.1,394.67394234707,3236711
2023-08-29,406.78,412.98,406.57,400.280822813978,3482664
2023-08-30,413.03,415.0292,412.4,401.949306274718,3004516
2023-08-31,414.982,416.12,413.66,401.435180557165,4751131
2023-09-01,416.46,416.88,413.21,402.288823258009,3587971
2023-09-05,414.2,414.47,412.77,400.533035430136,4426687
2023-09-06,412.1,412.13,407.83,397.76839713763,3744068
2023-09-07,407.17,409.43,406.855,396.584937938732,2245759
2023-09-08,408.82,410.84,408.49,397.128165111997,4125223
2023-09-11,411.88,412.38,410.29,399.737595640713,3346563
2023-09-12,410.7,412.15,409.29,397.593788403366,7595296
2023-09-13,410.03,411.4,408.99,398.059411694736,2529748
2023-09-14,412.67,414.51,411.42,401.503083953823,3660901
2023-09-15,412.34,412.67,408.48,396.4976335716,4004030
2023-09-18,408.58,410.34,408.16,396.934155407259,3014571
2023-09-19,408.22,408.805,405.71,396.138715617837,3629773
2023-09-20,409.46,409.84,404.33,392.433130257354,4009415
2023-09-21,401.8,402.05,397.69,386.001708545313,4633139
2023-09-22,398.795,400.326,396.555,385.070461962574,7206528
2023-09-25,395.76,398.6392,395.37,386.671042026657,3227900
2023-09-26,395.72,396.36,391.96,380.996258163091,5734734
2023-09-27,393.84,394.39,389.45,381.083562530223,4837698
2023-09-28,390.87,395.27,390.33,383.297698285537,4065775
2023-09-29,396.62,396.74,391.3,382.382395378342,5766585
2023-10-02,391.9,393.7599,389.97,382.353183583431,5886153
2023-10-03,390.58,391.93,386.03,377.211907679184,6886663
2023-10-04,387.73,390.85,386.4,379.987028195681,4333740
2023-10-05,389.89,390.7889,386.95,379.665698451666,3329091
2023-10-06,387.69,396.085,386.4104,384.193526662792,4897219
2023-10-09,392.8,397.69,392.31,386.754427349945,2959502
2023-10-10,397.77,401.68,397.3875,388.750566668829,3289640
2023-10-11,400.27,401.09,397.99,390.396164448787,4181784
2023-10-12,401.48,401.8,396.2,388.049483590977,3872929
2023-10-13,399.81,400.96,394.96,386.004657947243,3772219
2023-10-16,398.57,401.6,398.34,390.045622909861,5150941
2023-10-17,397.63,402.5,397.3075,390.055360174831,4214609
2023-10-18,398.89,399.81,394.22,384.836186150823,7329261
2023-10-19,395.97,397.6,391.135,381.574202385818,6708903
2023-10-20,391.38,391.82,386.84,376.822417080378,7549614
2023-10-23,385.48,389.94,383.85,376.160283062407,5537131
2023-10-24,388.28,390.26,386.55,378.974352638784,4451513
2023-10-25,387.6,387.68,383.12,373.628594170164,5471214
2023-10-26,382.63,383.3971,378.15,369.042342369217,6959401
2023-10-27,380.53,380.89,375.945,367.406481854229,5638752
2023-10-30,379.91,382.8,378.71,371.827200150684,5795761
2023-10-31,382.35,384.48,380.56,374.076508358792,4523160
2023-11-01,385.09,389.08,384.62,378.195371441171,5549159
2023-11-02,391.93,395.9096,391.92,385.381472989152,4752164
2023-11-03,397.92,400.85,397.84,388.945311968232,5981435
2023-11-06,400.12,400.733,398.46,389.695081370935,4007105
2023-11-07,400.26,402.04,399.23,390.795392312563,3358578
2023-11-08,401.99,402.5026,399.56,391.116722056579,3731858
2023-11-09,402.81,402.88,398.21,388.166330770619,4145615
2023-11-10,400.59,405.109,399.14,394.222909582061,3994439
2023-11-13,403.59,405.49,402.82,393.823681718284,2872941
2023-11-14,410.04,413.51,409.8856,401.389536600102,6973115
2023-11-15,413.54,414.72,412.37,402.265890447417,4414807
2023-11-16,412.74,413.95,411.75,402.830651815686,3798889
2023-11-17,413.94,414.79,412.87,403.424624978866,4700139
2023-11-20,413.99,418.2,413.9799,406.462651649557,3524412
2023-11-21,416.4,416.84,415.3,405.401289767809,5248187
2023-11-22,418.07,419.31,417.06,407.153997462439,3694064
2023-11-24,418.19,418.49,417.84,407.377954556753,1351272
2023-11-27,417.79,418.5273,417.23,406.667134213931,3632552
2023-11-28,417.25,419.25,416.71,407.066362077707,3382442
2023-11-29,420.0594,421.12,417.365,406.803455923513,4092618
2023-11-30,418.54,419.7,416.57,408.38089284868,4405690
2023-12-01,418.83,422.37,418.25,410.77626003134,4973625
2023-12-04,418.65,419.87,417.5,408.711959857665,5806079
2023-12-05,418.34,420.47,418.0,408.585375413053,3419283
2023-12-06,421.61,421.67,417.46,406.881354043274,4187876
2023-12-07,419.81,421.67,419.28,410.065439688518,3248251
2023-12-08,420.37,423.37,420.15,411.808410118177,5125278
2023-12-11,422.41,424.71,422.22,413.405321573284,5247086
2023-12-12,424.22,426.67,423.2739,415.459884481989,5982557
2023-12-13,426.88,432.61,426.51,421.117235429654,8659116
2023-12-14,434.22,435.3642,431.24,422.353868080865,8349143
2023-12-15,433.19,434.25,432.24,421.711208592834,5326041
2023-12-18,434.64,436.4,434.45,424.096838510524,4280475
2023-12-19,436.04,438.22,435.95,426.677213727618,4037929
2023-12-20,435.51,437.305,429.9,420.543807895561,5783234
2023-12-21,433.13,434.64,430.8552,424.640807488861,4621606
2023-12-22,435.46,436.838,433.48,425.628389729728,4037829
2023-12-26,435.6656,437.92,435.58,427.398215329698,3835837
2023-12-27,436.895,438.02,436.42,428.180458688801,4250474
2023-12-28,438.25,438.84,437.66,428.248904982722,4703655
2023-12-29,437.87,438.34,434.94,427.104874070034,4376885
2024-01-02,433.91,435.27,432.36,424.376800355164,9076041
2024-01-03,432.32,433.0,430.25,421.228270834776,4805049
2024-01-04,430.33,432.78,429.21,419.898457124302,3945259
2024-01-05,429.59,432.3,428.64,420.436249433685,5693235
2024-01-08,430.45,436.27,430.37,426.449745256786,7222362
2024-01-09,433.62,436.43,433.1633,425.413272805975,7939567
2024-01-10,435.77,438.735,435.48,428.219570856756,4278841
2024-01-11,438.94,439.355,434.0,428.072900226924,4796587
2024-01-12,439.11,439.8,436.73,428.2684610667,5182669
2024-01-16,436.79,437.98,434.74,426.811532810371,5730839
2024-01-17,433.6,434.48,431.81,424.435468607097,6044611
2024-01-18,435.58,438.39,434.16,428.209792814767,4331285
2024-01-19,439.0,443.61,438.31,433.450823320755,4836802
2024-01-22,444.77,445.92,443.68,434.438405561622,5870412
2024-01-23,444.83,445.82,443.78,435.729107104141,3251586
2024-01-24,448.32,449.1896,445.75,436.090894657726,4226967
2024-01-25,448.14,448.76,446.11,438.54518319691,4167055
2024-01-26,448.1,449.51,447.16,438.281176063213,6404023
2024-01-29,448.23,451.6098,447.7112,441.468817751556,4543252
2024-01-30,450.84,451.81,450.44,441.155920407915,3409953
2024-01-31,449.04,449.465,443.75,433.96905954616,7108043
2024-02-01,445.35,449.66,444.6502,439.679436067609,6138360
2024-02-02,450.01,455.88,449.69,444.196891466427,6253482
2024-02-05,453.73,454.15,450.54,442.573736496289,7101857
2024-02-06,453.58,454.29,452.21,443.952440416707,4383601
2024-02-07,456.15,458.18,455.27,447.599650078523,6763415
2024-02-08,457.81,458.33,457.03,447.902769380176,4184592
2024-02-09,458.54,461.03,458.17,450.445060297259,4002594
2024-02-12,460.61,462.74,459.75,450.239721415495,4564233
2024-02-13,454.48,455.7,450.995,443.893772164775,8152242
2024-02-14,456.575,458.67,454.4,448.117886303929,5624009
2024-02-15,458.9,461.54,458.43,451.149079320451,5695711
2024-02-16,461.08,462.15,458.4,448.841461411099,5527893
2024-02-20,457.44,458.06,454.43,446.377394829925,5306784
2024-02-21,455.32,457.12,453.6,446.827184761409,4223078
2024-02-22,463.22,467.33,462.315,456.214105070641,4328536
2024-02-23,468.09,468.87,466.0907,456.419443952405,4050621
2024-02-26,467.19,467.59,464.94,454.747398772323,3450804
2024-02-27,465.71,466.12,463.91,455.588310383359,3586943
2024-02-28,464.49,465.83,464.11,454.884291360166,2800602
2024-02-29,466.97,468.49,464.47,456.566114582237,7332921
2024-03-01,467.83,471.77,467.43,460.966233477189,4839421
2024-03-04,470.61,472.6,470.6,460.418663125818,3970242
2024-03-05,468.95,469.38,464.06,455.803427307112,4616503
2024-03-06,469.25,470.66,467.3199,458.218603678341,5325050
2024-03-07,471.63,474.19,470.78,462.755615161137,7149802
2024-03-08,473.77,476.2994,469.82,459.949317110356,6285625
2024-03-11,469.2,470.46,467.39,459.567973472793,5304156
2024-03-12,471.92,475.55,469.57,464.486328593151,4785237
2024-03-13,475.31,475.47,472.9,463.782309569959,3530683
2024-03-14,475.16,475.325,470.45,462.765393203125,5137814
2024-03-15,470.41,471.7814,468.7201,459.577751514782,6807087
2024-03-18,473.95,475.279,472.5,462.452495859484,3939105
2024-03-19,472.2,475.74,471.29,465.043676986512,4550248
2024-03-20,475.54,480.02,474.93,469.101564411857,6179356
2024-03-21,482.62,483.235,481.21,470.666051130062,5044680
2024-03-22,479.87,480.32,478.82,470.052870116945,5881503
2024-03-25,477.73,478.79,477.55,468.836488884538,6081277
2024-03-26,479.06,479.37,476.43,467.522012391452,8073502
2024-03-27,479.51,480.87,477.45,471.602775235658,4951429
2024-03-28,480.87,482.1598,480.5034,471.543918079251,4065018
2024-04-01,481.44,481.96,478.83,470.92591793698,5709120
2024-04-02,476.33,476.99,474.71,467.84572675169,4789607
2024-04-03,475.84,478.802,475.79,468.267536372605,6167918
2024-04-04,481.2,481.48,471.27,462.499535044738,6801625
2024-04-05,472.85,478.33,472.42,467.414107604707,5550779
2024-04-08,477.15,478.07,475.97,467.600488599995,4725041
2024-04-09,478.38,478.6,472.74,468.179250637995,5173820
2024-04-10,471.91,474.39,470.67,463.64724959467,6933388
2024-04-11,473.98,477.43,470.67,466.992297983791,5109901
2024-04-12,472.77,474.05,467.91,460.625915565787,6959723
2024-04-15,473.47,473.59,462.85,454.779438029377,9530044
2024-04-16,464.05,465.51,461.59,453.96524736575,6761419
2024-04-17,465.11,465.24,458.73,451.228389592833,7156229
2024-04-18,461.36,463.3,458.21,450.198389355714,5637286
2024-04-19,458.99,459.94,453.9,446.431531345678,9787454
2024-04-22,457.55,461.7299,455.35,450.30629414246,5818088
2024-04-23,461.18,465.13,460.67,455.986009735717,4257400
2024-04-24,465.57,466.31,462.44,455.652485849412,7687837
2024-04-25,458.77,463.46,457.26,453.769056844394,4876228
2024-04-26,465.33,468.63,464.81,458.310867413786,4907113
2024-04-29,468.84,469.42,466.21,459.909820162838,3253205
2024-04-30,467.42,468.34,461.36,452.640961346596,4364836
2024-05-01,460.77,467.07,459.44,451.169532436426,6115377
2024-05-02,463.36,464.95,459.16,455.377819119513,3972424
2024-05-03,469.76,471.0,467.4401,461.028106134567,4586859
2024-05-06,472.22,474.81,471.82,465.677821490706,4782542
2024-05-07,475.7,476.64,474.71,466.344869263316,3451302
2024-05-08,473.59,475.86,473.5,466.364488315452,3214878
2024-05-09,475.59,478.15,474.94,469.042488931962,3486049
2024-05-10,479.69,480.39,477.59,469.621250969962,3347159
2024-05-13,480.35,480.42,477.73,469.650679548165,3108442
2024-05-14,478.98,481.47,478.48,471.877441965557,3257724
2024-05-15,483.34,487.23,482.735,477.625824241289,4399485
2024-05-16,487.05,488.57,485.83,476.713538316983,3347381
2024-05-17,486.09,486.73,484.7,477.419824193865,3274035
2024-05-20,486.78,488.6099,486.45,477.890681445119,2599585
2024-05-21,486.53,488.58,486.35,479.175729360001,2453576
2024-05-22,487.79,488.43,484.94,477.782776658373,3250581
2024-05-23,489.91,489.99,482.29,474.231728221829,3811307
2024-05-24,485.18,487.4,484.33,477.459062298136,2555241
2024-05-28,487.4,487.645,484.525,477.84163381478,4034716
2024-05-29,483.19,484.68,482.96,474.476966373524,5604961
2024-05-30,482.12,482.7504,479.2,471.288870401488,3393589
2024-05-31,481.24,484.91,476.475,475.38925229783,5333971
2024-06-03,486.3,486.41,480.4,475.909157179423,4211256
2024-06-04,484.0,486.41,482.56,476.487919217424,2560269
2024-06-05,487.87,491.55,486.06,482.187253862817,3026146
2024-06-06,491.84,492.18,489.6401,482.079349076071,21343964
2024-06-07,490.55,493.53,489.54,481.451539407732,3063587
2024-06-10,490.17,492.69,489.56,483.030873104648,3465222
2024-06-11,490.99,493.66,489.109,484.129540024241,4028423
2024-06-12,497.93,500.15,496.71,488.161255238108,3698787
2024-06-13,499.3,499.45,496.06,489.083350688482,8808879
2024-06-14,497.26,499.04,496.29,489.475731731194,5812046
2024-06-17,498.48,504.18,497.91,493.360304054043,4609539
2024-06-18,503.05,504.3552,502.63,494.674780547129,3431665
2024-06-20,505.14,505.74,501.19,493.301446897636,4810867
2024-06-21,502.1,503.2157,500.85,492.222399030178,4347838
2024-06-24,502.03,504.4395,500.43,490.898113011025,7022844
2024-06-25,501.71,502.83,500.32,492.938494433128,6336724
2024-06-26,501.47,503.77,500.89,493.487827892925,3202700
2024-06-27,503.0,504.48,502.32,494.252970926213,3619655
2024-06-28,502.97,505.73,499.01,492.353356203183,5598571
2024-07-01,501.49,501.6799,498.6,493.485474571675,4368526
2024-07-02,499.69,504.61,499.61,496.684939526107,4210083
2024-07-03,504.22,507.14,504.22,498.929487247986,2131086
2024-07-05,507.13,510.1,506.49,501.912373036273,3156922
2024-07-08,510.5,511.205,509.32,502.394753906325,3143379
2024-07-09,511.21,512.01,510.54,502.946046329243,3145823
2024-07-10,511.98,516.185,511.69,507.789544044876,3446923
2024-07-11,516.0,516.79,510.825,503.438271706848,5546308
2024-07-12,512.49,518.03,512.17,506.549136093312,5238170
2024-07-15,516.58,519.12,514.34,508.084879271439,7771524
2024-07-16,517.33,519.4,516.6,510.969319984205,4164300
2024-07-17,513.56,515.11,511.56,503.832052008932,4984306
2024-07-18,513.25,514.19,505.871,500.041916601374,5055850
2024-07-19,507.64,509.2,503.56,496.704628541212,4039437
2024-07-22,508.27,510.32,506.44,501.863150498512,4342929
2024-07-23,509.66,511.65,508.49,501.026367356584,3116045
2024-07-24,504.43,504.7,496.545,489.557516058387,6157402
2024-07-25,497.55,503.14,493.92,487.08654466281,5646601
2024-07-26,498.36,502.885,497.67,492.550246354225,3635984
2024-07-29,501.82,502.765,498.7746,492.914493133653,3096178
2024-07-30,502.05,503.01,494.915,490.335232155003,3817800
2024-07-31,504.48,508.6532,503.305,498.063170583401,5367587
2024-08-01,507.84,509.9,495.75,491.270460372452,6939217
2024-08-02,492.41,493.52,485.8,482.292269484937,8561166
2024-08-05,470.17,481.18,468.89,467.810998875798,15244276
2024-08-06,477.39,486.86,475.94,472.477295455493,8255040
2024-08-07,485.7,488.55,476.11,469.199074440644,5976351
2024-08-08,481.49,488.27,479.64,480.146166838579,4177234
2024-08-09,486.93,491.21,485.82,482.203668916968,7661331
2024-08-12,490.94,492.35,487.98,482.449781605771,3578134
2024-08-13,493.14,498.38,492.92,490.46321075318,3247887
2024-08-14,498.92,500.85,496.478,492.028487453964,3700503
2024-08-15,505.09,508.59,504.4857,500.475074933666,4278953
2024-08-16,506.84,510.11,506.65,501.528437241741,3449286
2024-08-19,509.86,514.35,509.06,506.35224594227,3804313
2024-08-20,513.92,515.4799,512.25,505.515462800341,3155981
2024-08-21,514.47,516.6599,512.85,507.287474159719,3344050
2024-08-22,517.05,517.63,510.1,503.182314510493,3677087
2024-08-23,514.33,517.55,512.2521,508.626327186805,5102791
2024-08-26,517.64,518.29,513.875,507.376074727688,3398640
2024-08-27,514.26,516.59,513.16,508.055345748783,3031778
2024-08-28,515.8,516.23,510.16,505.151216020914,3940428
2024-08-29,514.99,518.09,512.13,505.22997208133,3487145
2024-08-30,515.42,518.58,512.12,509.984869228995,5637725
2024-09-03,515.12,515.43,505.1,499.667825314394,5866441
2024-09-04,505.68,509.53,505.02,498.427417362829,3568039
2024-09-05,506.36,508.94,502.84,497.196853918817,3425569
2024-09-06,505.34,506.94,495.8,488.9176230675,7411439
2024-09-09,500.6,503.37,498.75,494.420702789124,3656797
2024-09-10,503.95,504.705,499.4997,496.458515852409,2975385
2024-09-11,504.31,510.44,496.25,501.538281749293,4945832
2024-09-12,510.09,514.1398,508.06,505.850176057113,4099538
2024-09-13,514.43,517.53,514.23,508.537726618836,4416641
2024-09-16,516.34,517.59,514.65,509.3055982079,4256253
2024-09-17,519.44,520.735,515.5,509.54186638915,8149957
2024-09-18,518.18,522.73,515.47,507.887989120397,6921278
2024-09-19,524.88,526.6,522.19,516.748045917287,5558371
2024-09-20,523.51,524.92,521.12,515.734061639421,5612678
2024-09-23,525.0,525.83,523.83,517.004003113642,29289155
2024-09-24,526.01,526.84,523.38,518.490523754009,4650608
2024-09-25,526.61,527.3,524.65,517.437161445935,35418049
2024-09-26,529.67,529.92,525.49,519.494663524323,5273915
2024-09-27,527.09,527.77,524.32,518.823858779723,5598594
2024-09-30,524.32,527.955,522.19,521.085282200115,8017349
2024-10-01,527.04,527.1,520.23,516.216802958835,9198657
2024-10-02,521.85,523.85,519.5801,516.305679861819,3270583
2024-10-03,521.56,523.755,519.82,515.328033928986,4007952
2024-10-04,526.16,527.02,522.3,520.078010632954,5358175
2024-10-07,525.14,525.7201,520.81,515.397160409085,3970505
2024-10-08,524.32,527.38,523.5,520.275514861809,2626667
2024-10-09,526.87,531.03,526.31,523.830590981203,2941785
2024-10-10,529.27,530.9,528.09,522.951697162797,3637633
2024-10-11,529.5,533.43,529.39,526.062388767266,5429168
2024-10-14,534.25,537.98,533.97,530.36798095631,2638929
2024-10-15,537.38,537.61,531.82,526.329019476221,4811330
2024-10-16,532.93,535.73,532.215,528.541066839399,3237216
2024-10-17,538.62,538.76,535.15,528.620068530941,3225297
2024-10-18,536.9,538.1,535.56,530.65436208815,5070412
2024-10-21,536.72,537.61,533.71,529.834719538401,3671431
2024-10-22,534.11,537.28,533.47,529.469336715018,3366595
2024-10-23,534.28,534.72,528.02,524.640358319509,5227754
2024-10-24,533.17,533.18,530.04,525.82538369264,4477762
2024-10-25,534.65,537.2601,531.414,525.618004252342,4327190
2024-10-28,535.53,535.57,533.6708,527.25728935184,3407971
2024-10-29,533.12,535.82,531.75,528.096682324475,3027611
2024-10-30,534.35,536.2,532.59,526.50677328219,3067015
2024-10-31,529.09,529.23,522.51,516.147676478735,7972774
2024-11-01,525.16,529.08,524.5401,518.389349476242,6106942
2024-11-04,525.06,526.28,522.0301,517.263575371767,3681461
2024-11-05,524.72,530.17,524.48,523.484958580706,3300279
2024-11-06,541.65,544.14,538.17,536.520237685149,7483337
2024-11-07,545.22,548.475,545.15,540.697452125437,6051276
2024-11-08,548.07,551.24,548.06,543.087253294585,6797976
2024-11-11,551.43,551.73,548.85,543.531637809509,4893129
2024-11-12,550.39,550.94,546.43,541.902227921453,4818613
2024-11-13,549.16,550.88,546.97,542.178733841851,3701570
2024-11-14,549.1,549.57,544.88,538.732285048327,3940282
2024-11-15,542.13,542.57,536.75,531.780136192624,7360114
2024-11-18,538.92,541.93,538.145,533.98230834436,4504246
2024-11-19,537.5,543.37,536.9,535.927724998584,6978373
2024-11-20,542.78,543.07,537.44,536.125229227439,3949060
2024-11-21,545.58,547.07,540.04,538.831037162755,4530619
2024-11-22,545.82,548.0496,545.37,540.63820085678,5574588
2024-11-25,551.2,552.38,547.1999,542.376238070706,4305001
2024-11-26,550.5,552.8199,549.85,545.417803195076,4438574
2024-11-27,552.04,552.38,549.11,543.67976598115,3312219
2024-11-29,551.29,554.7,551.07,546.543577299551,3981847
2024-12-02,554.36,555.57,553.89,548.084110284621,5441011
2024-12-03,554.8,555.4301,553.79,548.212488033377,4202906
2024-12-04,556.83,558.88,556.171,551.668812038343,5490321
2024-12-05,558.63,559.41,557.46,550.750417374166,3021561
2024-12-06,558.47,559.96,558.08,551.846565844313,5134880
2024-12-09,558.71,558.865,555.38,548.972879314469,4412276
2024-12-10,556.58,556.88,553.57,547.412595906513,4110113
2024-12-11,556.92,559.39,556.66,551.560184712473,3514417
2024-12-12,557.67,558.2,555.62,548.716123816958,4048602
2024-12-13,557.51,558.16,554.2044,548.676622971187,4666863
2024-12-16,557.13,558.7983,556.415,550.829419065708,22846779
2024-12-17,555.47,556.385,554.29,548.518619588103,6110880
2024-12-18,555.3,557.53,538.53,532.412149724961,24584930
2024-12-19,543.69,545.1,538.65,532.214645496106,16792125
2024-12-20,536.61,549.54,535.85,538.238524476189,9389413
2024-12-23,543.31,547.36,540.32,542.078500445707,7063355
2024-12-24,548.06,552.9,547.54,547.655908580923,3439250
2024-12-26,551.2,553.97,549.9201,547.646001994538,4496268
2024-12-27,549.37,549.62,543.2001,541.969527995463,7077135
2024-12-30,540.56,544.09,537.4,535.936416886498,6505089
2024-12-31,542.45,543.0651,537.4001,533.776781054389,6040750
2025-01-02,542.02,543.5399,533.795,532.439391892303,7142698
2025-01-03,540.19,544.88,539.2,539.314562844063,6419663
2025-01-06,548.28,551.43,545.82,542.454950728368,5983435
2025-01-07,549.32,549.6,539.56,536.352493514702,5383235
2025-01-08,541.32,543.0,538.08,537.075674320867,4316999
2025-01-10,538.71,538.75,532.0,528.902740552565,7935202
2025-01-13,529.4,534.91,529.02,529.586295013187,5621011
2025-01-14,537.32,537.9064,531.8149,530.259942887423,8820003
2025-01-15,542.84,546.13,541.76,539.958490959141,5307318
2025-01-16,546.35,546.51,543.39,539.15605746189,3632752
2025-01-17,548.92,551.12,547.68,544.327295555288,6558651
2025-01-21,552.32,554.46,550.5,549.280588748198,5301678
2025-01-22,557.19,558.9299,556.73,552.401163459731,4780036
2025-01-23,557.04,560.7,556.8,555.46229865295,6217878
2025-01-24,560.76,561.66,558.02,553.788085553746,3612141
2025-01-27,546.93,551.39,546.83,546.080761345578,7617385
2025-01-28,552.3,556.65,549.22,550.657604255827,4164674
2025-01-29,555.17,555.5,550.9701,548.240397177687,4174471
2025-01-30,555.37,557.78,552.38,551.103400643189,4296538
2025-01-31,558.62,560.89,552.71,548.1611444866,6243322
2025-02-03,544.99,551.9599,542.98,544.565053628548,7824037
2025-02-04,549.7,553.83,549.23,548.180957659372,4181413
2025-02-05,552.34,555.73,550.41,550.429752768953,3424184
2025-02-06,557.29,557.65,554.19,552.411070046117,3606299
2025-02-07,558.1,559.2,551.795,547.041700225003,10161554
2025-02-10,555.44,556.7755,554.24,550.954801847402,3517552
2025-02-11,554.1,557.115,553.99,551.450131166693,2752923
2025-02-12,551.0,555.915,550.39,549.627319271702,3579483
2025-02-13,555.87,560.88,554.695,555.432578893792,3388498
2025-02-14,560.9,561.86,560.07,555.452392066564,3380570
2025-02-18,561.8,562.31,559.49,557.057259061067,3844905
2025-02-19,561.02,563.92,560.531,558.404554809538,3857561
2025-02-20,562.39,562.4845,558.22,556.056693836099,4446782
2025-02-21,561.1,561.2,551.265,546.595903837641,6148694
2025-02-24,553.61,554.51,548.5133,544.010284790941,4772255
2025-02-25,549.18,549.77,542.1684,541.305786707612,5491494
2025-02-26,548.01,551.345,544.25,541.64261064473,4180803
2025-02-27,548.83,549.88,537.6,532.94462779798,5521351
2025-02-28,538.42,546.89,535.58,541.226534016526,7328051
2025-03-03,548.2,549.29,533.251,531.904436227469,7289998
2025-03-04,533.06,538.2799,526.16,525.494874835843,10477435
2025-03-05,530.25,537.7901,526.93,531.389293735406,6221745
2025-03-06,529.19,533.43,524.22,521.750185182003,7228926
2025-03-07,524.9,530.88,520.13,524.563655715576,7308280
2025-03-10,521.9,523.7,510.83,510.694434775428,10653050
2025-03-11,514.33,517.5299,507.53,506.503948734225,11208914
2025-03-12,516.89,517.74,509.1,508.960782157909,8590555
2025-03-13,513.51,514.06,505.42,502.313462693023,21649997
2025-03-14,511.28,518.42,510.84,512.626219120663,7412261
2025-03-17,517.45,523.84,517.08,516.539320743061,6269843
2025-03-18,519.32,519.52,514.0708,511.09069823086,6010598
2025-03-19,517.54,524.96,516.4191,516.460068051975,5373949
2025-03-20,517.96,524.615,517.32,515.271277685677,6029737
2025-03-21,515.79,520.95,514.655,515.400063308692,5059011
2025-03-24,526.48,530.39,525.88,524.444776678946,22376267
2025-03-25,530.59,531.6,529.11,525.69300656356,6260199
2025-03-26,530.56,531.41,523.1,519.560829590737,4429626
2025-03-27,521.29,524.678,519.23,518.13636153432,5534928
2025-03-28,519.76,520.46,510.16,507.787750564514,5831793
2025-03-31,505.31,515.33,502.64,510.87941051803,8196668
2025-04-01,512.36,517.35,508.88,512.758264959233,7697017
2025-04-02,510.14,521.49,509.9298,515.849924912749,6308643
2025-04-03,501.0,503.66,493.5,491.245878658889,16226023
2025-04-04,481.28,483.3,464.24,462.774772205937,30966508
2025-04-07,449.54,480.76,442.8,460.826330563207,31285267
2025-04-08,479.68,482.49,449.6,454.04654892881,19002684
2025-04-09,453.49,502.0612,453.16,496.156746880871,29286594
2025-04-10,489.15,490.3,468.33,479.217233823668,16651303
2025-04-11,480.69,493.0,478.0,487.657167265901,11541195
2025-04-14,500.05,500.26,490.69,492.558094459095,7701488
2025-04-15,496.03,499.27,493.42,491.176291457363,8200583
2025-04-16,488.65,491.765,478.23,480.380334192033,6374869
2025-04-17,484.79,488.16,481.5,481.046383120925,5638939
2025-04-21,479.02,479.49,467.33,469.584376926702,7762501
2025-04-22,478.07,486.48,477.19,481.434083243713,6236319
2025-04-23,496.69,501.18,490.7,489.168203641896,8047601
2025-04-24,493.26,503.0,492.2231,499.447227410175,6184333
2025-04-25,502.44,506.52,499.75,503.125408062268,6933423
2025-04-28,506.81,508.74,500.96,503.43357995474,4210016
2025-04-29,504.54,510.5497,504.26,506.485475793098,6525457
2025-04-30,503.26,511.5,497.76,506.734001512834,7873686
2025-05-01,515.13,518.44,512.77,510.322712905821,5784483
2025-05-02,519.12,522.41,516.89,517.639310094848,6285390
2025-05-05,517.08,520.85,516.27,514.93535026412,4793497
2025-05-06,512.89,517.825,511.94,510.551356567978,4694270
2025-05-07,514.92,518.18,511.1,512.857675247128,5467344
2025-05-08,519.54,524.23,516.345,516.277389150695,5088200
2025-05-09,520.69,521.6306,517.36,515.591458164223,4739506
2025-05-12,534.5,535.92,530.39,532.759614883583,7793576
2025-05-13,536.33,541.48,535.78,536.258857017466,7356804
2025-05-14,540.37,541.42,538.24,536.924905946358,5031301
2025-05-15,538.26,543.2489,537.84,539.559278575559,7362193
2025-05-16,543.47,546.47,541.7,543.038638651863,7255342
2025-05-19,540.63,547.45,540.58,543.595336264071,7766058
2025-05-20,545.22,546.06,541.99,541.66677667892,7158205
2025-05-21,540.91,544.6905,534.82,532.610499451742,6339491
2025-05-22,535.6,539.225,534.44,532.859025171478,5816572
2025-05-23,529.43,534.8099,529.11,529.260372749701,6455875
2025-05-27,538.72,543.52,537.18,540.135858245347,6118091
2025-05-28,543.79,544.9,539.61,537.054139320621,4910507
2025-05-29,545.15,545.28,538.74,539.121873308824,4668939
2025-05-30,541.35,543.39,536.16,538.565175696616,6171491
2025-06-02,540.25,544.91,537.8,541.696599765289,5933526
2025-06-03,544.53,548.87,544.09,544.768377661225,4993615
2025-06-04,548.75,549.65,547.4426,544.420441653595,4543355
2025-06-05,549.48,550.63,543.3375,541.875538283499,6387510
2025-06-06,550.3,552.32,548.6999,547.412691319216,4735972
2025-06-09,551.3,552.7,550.2,547.999212017793,4516381
2025-06-10,551.78,554.74,550.74,551.120695057676,5984087
2025-06-11,555.41,556.225,550.91,549.599717652892,20800557
2025-06-12,551.6,555.0,551.1322,551.677392669885,8422943
2025-06-13,550.24,553.245,547.41,545.533836878012,7100626
2025-06-16,551.94,555.69,551.87,550.802582136414,7421327
2025-06-17,551.79,553.16,548.635,546.110416547799,4753344
2025-06-18,550.16,552.71,548.39,546.001065231115,4602329
2025-06-20,551.72,552.72,546.62,544.490028855121,9978477
2025-06-23,548.66,553.7,545.75,550.096769092364,9820188
2025-06-24,557.18,560.43,556.37,556.140914596343,6770036
2025-06-25,560.52,561.02,558.34,556.419263402447,16472305
2025-06-26,561.52,564.55,560.96,560.823139156168,6081444
2025-06-27,565.11,568.33,563.21,563.606627217211,6056524
2025-06-30,567.5,569.15,565.375,566.414669619364,5750571
2025-07-01,566.56,568.8,565.8,566.155408992106,7412742
2025-07-02,567.37,570.34,566.81,568.668242763986,6164018
2025-07-03,572.18,575.67,572.13,573.58422311929,4836962
2025-07-07,573.0,573.59,567.98,568.987332766764,6417829
2025-07-08,571.15,571.83,569.48,568.608413388465,6944624
2025-07-09,572.46,574.26,570.76,571.978801542811,7156477
2025-07-10,573.78,576.26,572.7,573.654024057398,4961691
2025-07-11,572.45,574.3757,571.37,571.589910601925,4428852
2025-07-14,572.85,574.679,571.58,572.716697174236,4747041
2025-07-15,576.85,577.16,571.85,570.233778090117,5398956
2025-07-16,573.4,574.26,568.17,572.10843185644,6141184
2025-07-17,574.02,577.65,573.8,575.538649386307,6495346
2025-07-18,578.47,578.5,575.84,575.27938875905,4262378
2025-07-21,577.98,580.53,577.59,576.306459705493,5913837
2025-07-22,578.28,578.84,575.64,576.306459705493,4767703
2025-07-23,580.57,582.96,578.87,581.202496935624,4257345
2025-07-24,583.34,584.75,582.72,581.601359439096,3840901
2025-07-25,583.81,586.04,583.59,583.91476195924,4210090
2025-07-28,586.04,586.5,584.24,583.775160083024,4193101
2025-07-29,586.82,587.08,583.12,582.259482569827,5053447
2025-07-30,584.66,586.15,580.55,581.551501626162,6974729
2025-07-31,587.83,588.161445,579.84,579.367729419648,7046843
2025-08-01,575.73,575.74,569.29,569.824944024057,8781254
2025-08-04,575.17,580.21,575.08,578.490231912007,6640089
2025-08-05,580.79,581.5,576.4,575.708165950284,4647381
2025-08-06,578.25,582.27,577.41,579.985966300031,4545015
2025-08-07,584.87,585.52,578.3127,579.636961609492,4594260
2025-08-08,582.93,586.17,582.6,584.074306960629,4342341
2025-08-11,586.03,587.36,583.44,582.87771945021,5373949
2025-08-12,586.75,590.96,585.435,589.099974504388,5874245
2025-08-13,592.86,594.03,590.81,591.154116397274,5392973
2025-08-14,590.92,593.51,590.5,591.164087959861,6236666
2025-08-15,593.86,593.95,590.66,589.887727948747,7196315
2025-08-18,590.98,592.02,590.35,589.678325134424,5311743
2025-08-19,591.25,592.12,586.94,586.45751041888,6739284
2025-08-20,587.81,588.0,581.85,584.911918217922,7113572
2025-08-21,584.93,586.46,582.65,582.608487260366,4807277
2025-08-22,586.27,594.32,585.84,591.523064212986,6389278
2025-08-25,592.05,593.2299,590.55,589.020202003694,6483035
2025-08-26,590.38,593.43,589.795,591.373490774184,4776577
2025-08-27,592.52,595.14,592.44,592.729623285992,6171422
2025-08-28,595.07,597.07,593.27,594.823651429225,5058689
2025-08-29,595.24,595.55,591.245,591.393433899358,7512032
2025-09-02,586.06,588.8,583.67,587.035861048916,11116704
2025-09-03,590.81,592.23,588.78,590.03730138755,6663405
2025-09-04,592.47,596.77,591.6,594.893452367333,8045575
2025-09-05,598.91,599.6,591.45,593.268087665681,6641512
2025-09-08,596.31,597.41,595.03,594.803708304051,9472235
2025-09-09,596.61,598.37,595.01,596.249584879141,7844787
2025-09-10,600.92,601.75,598.16,597.974665206661,21641066
2025-09-11,601.43,605.23,600.89,602.850759311619,9109717
2025-09-12,604.59,605.98,603.95,602.72112899799,8130498
2025-09-15,606.47,607.77,606.2,605.862171212839,7710693
2025-09-16,608.16,608.42,606.0609,605.064446205893,6393185
2025-09-17,606.84,608.33,601.55,604.366436824816,11613628
2025-09-18,608.55,611.31,607.07,607.208332162061,11057536
2025-09-19,610.62,612.67,608.85,610.040255936718,6065655
2025-09-22,610.52,615.22,610.51,613.011781587592,11583809
2025-09-23,614.705,615.26,610.341,609.800938434635,10752999
2025-09-24,612.63,612.74,608.19,607.766739666923,23787299
2025-09-25,606.62,607.93,603.35,604.865014954157,6965655
2025-09-26,608.03,610.7,606.565,608.424862797653,6438634
2025-09-29,610.79,611.68,608.48,610.13,5658835
2025-09-30,609.43,612.86,608.27,612.38,6515666
2025-10-01,609.7,615.39,609.57,614.57,10019981
2025-10-02,616.41,616.48,613.02,615.25,7139472
2025-10-03,615.95,618.42,614.288,615.3,7210689
2025-10-06,617.46,618.28,615.48,617.4,6056437
2025-10-07,618.3,618.7393,613.82,615.2,7466277
2025-10-08,616.215,618.9,615.4642,618.77,5035243
2025-10-09,619.23,619.59,615.28,617.1,5898496
2025-10-10,617.99,619.6,600.23,600.51,13664157
2025-10-13,607.37,611.0272,606.575,609.61,6968434
2025-10-14,604.2,612.14,600.51,608.75,7493479
2025-10-15,613.07,616.205,605.82,611.43,6504851
2025-10-16,613.11,614.8,604.14,607.39,7594824
2025-10-17,606.34,612.02,605.1,610.76,6910972
2025-10-20,613.51,618.01,613.51,617.17,4086209
2025-10-21,617.33,618.74,615.981,617.09,4216197
2025-10-22,617.83,617.83,609.83,613.97,6961589
2025-10-23,614.25,618.474,613.99,617.44,5851842
2025-10-24,621.92,623.7899,621.207,622.55,5694867
2025-10-27,627.74,630.29,627.16,630.0,7804316
2025-10-28,631.71,633.39,629.64,631.69,5625627
2025-10-29,633.21,634.13,627.87,631.95,6104537
2025-10-30,628.81,630.63,625.1,625.24,6243275
2025-10-31,629.84,629.94,624.5,627.04,7058629
2025-11-03,630.42,630.54,625.16,628.27,5568052
2025-11-04,621.65,625.17,620.2,620.99,8390532
2025-11-05,620.59,626.0,619.83,622.86,10261166
2025-11-06,621.96,622.79,614.82,616.24,7099355
2025-11-07,614.09,617.02,607.92,616.89,7571254
2025-11-10,622.69,627.21,620.66,626.47,8424969
2025-11-11,625.16,628.49,624.07,627.91,5639205
2025-11-12,629.65,629.77,626.1,628.22,6090220
2025-11-13,625.67,626.02,616.51,617.99,13065765
2025-11-14,611.75,621.2199,609.83,617.83,9681664
2025-11-17,615.74,619.4485,608.81,612.04,8902509
2025-11-18,608.72,611.51,603.0,607.0,8542623
2025-11-19,607.52,613.5699,605.67,609.2,7449382
2025-11-20,618.72,621.1288,599.36,599.96,13984992
2025-11-21,602.25,611.01,598.38,605.93,9821397
2025-11-24,609.28,616.09,608.305,614.94,6242684
2025-11-25,614.78,621.75,610.99,620.66,7389540
2025-11-26,623.06,626.81,622.26,624.95,5323215
