Date,Open,High,Low,Close,Volume
2018-01-02,177.68,181.58,177.55,180.317817874655,17694891
2018-01-03,181.88,184.78,181.33,183.548073128169,16595495
2018-01-04,184.9,186.21,184.1,183.210138732417,13554357
2018-01-05,185.59,186.9,184.93,185.714828959758,13042388
2018-01-08,187.2,188.9,186.33,187.136141271304,14719216
2018-01-09,188.7,188.8,187.1,186.728632147014,12342722
2018-01-10,186.94,187.89,185.63,186.698814406213,10464528
2018-01-11,188.4,188.4,187.38,186.629239677676,8855144
2018-01-12,178.06,181.48,177.4,178.280272253207,76645626
2018-01-16,181.5,181.75,178.04,177.306226053686,35027166
2018-01-17,179.26,179.32,175.8,176.521025545908,27356988
2018-01-18,178.13,180.98,177.08,178.707659871364,22783759
2018-01-19,180.85,182.37,180.17,180.188607664514,26266081
2018-01-22,180.8,185.39,180.41,184.243820413542,20567285
2018-01-23,186.05,189.55,185.55,188.19964069323,24956444
2018-01-24,189.89,190.66,186.52,185.416651551741,22992031
2018-01-25,187.95,188.62,186.6,186.341001516593,16698537
2018-01-26,187.75,190.0,186.81,188.845691743933,16652197
2018-01-29,188.75,188.84,185.63,184.850114476509,20022931
2018-01-30,187.62,188.18,181.84,185.983188626973,20382841
2018-01-31,188.37,189.83,185.22,185.754585947493,27299152
2018-02-01,188.22,195.32,187.89,191.916919046506,53608910
2018-02-02,192.04,194.21,189.98,189.123990658082,25514560
2018-02-05,186.93,190.61,180.61,180.158789923712,29852293
2018-02-06,178.57,185.77,177.74,184.184184931938,36829710
2018-02-07,184.15,185.08,179.95,179.085351254852,26891282
2018-02-08,181.01,181.84,171.48,170.537598891706,35672214
2018-02-09,174.76,176.9,167.18,175.040077752758,37214470
2018-02-12,177.06,177.55,171.84,175.338255160775,31697374
2018-02-13,175.62,175.97,173.1,172.098060660327,20880702
2018-02-14,173.45,179.81,173.21,178.429360957215,27963758
2018-02-15,180.5,180.5,176.84,178.866687822307,20554092
2018-02-16,178.99,179.88,176.3,176.282483619495,20475445
2018-02-20,175.77,177.95,175.11,174.940685283419,20887317
2018-02-21,176.71,181.27,176.4,176.829142200859,22844006
2018-02-22,178.7,180.21,177.41,177.902580869719,17085490
2018-02-23,179.9,183.39,179.51,182.176457051292,18621950
2018-02-26,184.58,185.66,183.22,183.80649354845,17418814
2018-02-27,184.45,184.7,181.46,180.35757486239,15649326
2018-02-28,182.3,182.88,178.14,177.236651325148,18208084
2018-03-01,179.01,180.12,174.41,174.871110554882,23201626
2018-03-02,173.29,177.11,172.99,175.546979346387,20025905
2018-03-05,176.2,181.15,175.89,179.304014687398,16189280
2018-03-06,181.78,182.38,179.11,178.687781377496,15086784
2018-03-07,178.74,183.82,178.07,182.593905422516,19097293
2018-03-08,183.56,184.4,181.45,181.232228592573,15336555
2018-03-09,183.91,185.51,183.21,184.104670956467,17952177
2018-03-12,185.23,186.1,184.22,183.637526350574,14873538
2018-03-13,185.61,185.99,181.11,180.775023233614,17742312
2018-03-14,182.6,184.25,181.85,183.070989275342,16426843
2018-03-15,183.24,184.0,182.19,182.742994126524,15461869
2018-03-16,184.49,185.33,183.41,183.965521499393,23090480
2018-03-19,177.01,177.17,170.06,171.511645091227,86897749
2018-03-20,167.47,170.2,161.95,167.128437193381,128925534
2018-03-21,164.8,173.4,163.3,168.360903813183,105350867
2018-03-22,166.13,170.27,163.72,163.888242692932,73389988
2018-03-23,165.44,166.6,159.02,158.421656879292,52306891
2018-03-26,160.82,161.1,149.02,159.087586423863,125438294
2018-03-27,156.31,162.85,150.75,151.295216827692,76787884
2018-03-28,151.65,155.88,150.8,152.100295829337,60029170
2018-03-29,155.15,161.42,154.14,158.819226756648,59434293
2018-04-02,157.81,159.2,154.11,154.445958105736,36795991
2018-04-03,156.55,157.39,150.81,155.161583884976,42543865
2018-04-04,152.03,155.56,150.51,154.157719944653,49885584
2018-04-05,161.56,161.57,156.65,158.371960644623,41449609
2018-04-06,157.73,161.42,156.81,156.24496180077,41644812
2018-04-09,157.82,160.53,156.04,156.970526826944,34915227
2018-04-10,157.93,165.98,157.01,164.037331396941,58947041
2018-04-11,165.36,168.65,163.25,165.309555004479,56144633
2018-04-12,166.98,167.45,163.1,162.874439505676,38262956
2018-04-13,164.58,165.7,163.77,163.520490556378,19990561
2018-04-16,165.72,165.78,163.39,163.828607211329,18119435
2018-04-17,165.83,169.0,165.66,167.635338787009,22743029
2018-04-18,166.88,168.12,165.77,165.349311992214,20969568
2018-04-19,166.2,168.33,165.2,167.078740958712,22234961
2018-04-20,167.79,168.43,165.81,165.269798016743,19119438
2018-04-23,167.27,168.45,165.09,164.832471151652,23088102
2018-04-24,165.43,166.1,158.19,158.719834287309,35079926
2018-04-25,160.14,161.06,156.19,158.719834287309,41083581
2018-04-26,173.22,176.27,170.8,173.10192460065,77556934
2018-04-27,176.81,177.1,172.6,172.535387525418,29804657
2018-04-30,173.79,175.72,171.71,170.955047262929,20750478
2018-05-01,172.0,174.02,170.23,172.803747192633,26025932
2018-05-02,174.25,178.08,174.2,175.000320765023,30424450
2018-05-03,175.13,176.12,172.12,172.962775143575,24026071
2018-05-04,173.08,176.98,173.06,175.537040099453,17677844
2018-05-07,177.35,179.5,177.17,176.888777682462,18697195
2018-05-08,178.25,179.04,177.11,177.833006141182,15577211
2018-05-09,179.67,183.01,178.78,181.550284494457,23282811
2018-05-10,183.15,186.13,182.5,184.402848364484,21071403
2018-05-11,184.85,188.32,184.18,185.853978416832,21207848
2018-05-14,187.71,187.86,186.2,185.506104774146,15646744
2018-05-15,184.88,185.29,183.2,183.200199485483,15429433
2018-05-16,183.7,184.32,182.66,182.087003828887,16975495
2018-05-17,182.68,184.06,182.22,182.643601657185,14840675
2018-05-18,183.49,184.19,182.61,181.570162988325,13130451
2018-05-21,183.77,185.3,183.13,183.369166683359,13532864
2018-05-22,184.93,185.42,183.43,182.683358644921,12731419
2018-05-23,182.5,186.91,182.18,185.764525194427,16628100
2018-05-24,185.88,186.8,185.03,184.80041824184,12354742
2018-05-25,186.02,186.33,184.45,183.796554301517,10965061
2018-05-29,184.34,186.81,183.71,184.611572550096,16398937
2018-05-30,186.54,188.0,185.25,186.529847208337,13736866
2018-05-31,187.87,192.72,187.48,190.614877698166,30782631
2018-06-01,193.07,194.55,192.07,192.811451270556,17307245
2018-06-04,191.84,193.98,191.47,192.10576473825,18939795
2018-06-05,194.3,195.0,192.62,191.767830342497,15544294
2018-06-06,191.03,192.53,189.11,190.177550833075,22558920
2018-06-07,190.75,190.97,186.77,187.036748801965,21503171
2018-06-08,187.53,189.48,186.43,187.951159519883,12677092
2018-06-11,188.81,192.6,188.8,190.376335771753,12928907
2018-06-12,192.17,193.28,191.56,191.231111008067,11562704
2018-06-13,192.74,194.5,191.91,191.241050255001,15853821
2018-06-14,193.1,197.28,192.91,195.614318905913,19120866
2018-06-15,195.79,197.07,194.64,194.66015120026,21860931
2018-06-18,194.8,199.58,194.13,197.105205945997,16826023
2018-06-19,196.24,197.96,193.79,196.290187697418,19993996
2018-06-20,199.1,203.55,198.81,200.772788064603,28230933
2018-06-21,202.76,203.39,200.09,200.275825717908,19045717
2018-06-22,201.16,202.24,199.31,200.514367644322,17420188
2018-06-25,200.0,200.0,193.11,195.157113546954,25275137
2018-06-26,197.6,199.1,196.23,197.791013984435,17897576
2018-06-27,199.18,200.75,195.8,194.650211953326,18734408
2018-06-28,195.18,197.34,193.26,195.037842583748,18172439
2018-06-29,197.32,197.6,193.96,193.139446419374,15811602
2018-07-02,193.37,197.45,192.22,196.160977487277,13961578
2018-07-03,194.55,195.4,192.52,191.559106156886,13489514
2018-07-05,194.74,198.65,194.03,197.244355403071,19684193
2018-07-06,198.45,203.64,197.7,201.995315437471,19740131
2018-07-09,204.93,205.8,202.12,203.496141724489,18149437
2018-07-10,204.5,204.91,202.26,202.303432092422,13190067
2018-07-11,202.22,204.5,201.75,201.309507399033,12927377
2018-07-12,203.43,207.08,203.19,205.662897556077,15454706
2018-07-13,207.81,208.43,206.45,206.060467433433,11503401
2018-07-16,207.5,208.72,206.84,205.971014211028,11078209
2018-07-17,204.9,210.46,204.84,208.714246364782,15349892
2018-07-18,209.82,210.99,208.44,208.088073807947,15334907
2018-07-19,208.77,209.99,207.76,206.825789447343,11350429
2018-07-20,208.85,211.5,208.5,208.664550130112,16241508
2018-07-23,210.58,211.62,208.8,209.6286570827,16731969
2018-07-24,215.11,216.2,212.6,213.365813929843,28468681
2018-07-25,215.72,218.62,214.27,216.178620812134,64592585
2018-07-26,174.89,180.13,173.75,175.189166456767,169803668
2018-07-27,179.87,179.93,173.0,173.827489626824,60073749
2018-07-30,175.3,175.3,166.56,170.020758051143,65280787
2018-07-31,170.67,174.24,170.0,171.531523585095,40356471
2018-08-01,173.93,175.08,170.9,170.607173620243,34042109
2018-08-02,170.68,176.79,170.27,175.29849817304,32399954
2018-08-03,177.69,178.85,176.15,176.699931990718,24763434
2018-08-06,178.97,185.79,178.38,184.561876315426,49716192
2018-08-07,186.5,188.3,183.72,182.693297891855,33398562
2018-08-08,184.75,186.85,183.76,184.054974721798,22205230
2018-08-09,185.85,186.57,182.48,181.977672112614,19732120
2018-08-10,182.04,182.1,179.42,179.164865230323,21500410
2018-08-13,180.1,182.61,178.9,178.956141044712,17423264
2018-08-14,180.71,181.99,178.62,180.009701219704,19101995
2018-08-15,179.34,180.87,174.78,178.439300204149,33020231
2018-08-16,180.42,180.5,174.01,173.63864393508,31351784
2018-08-17,174.5,176.22,172.04,172.74411171103,24893176
2018-08-20,174.04,174.57,170.91,171.452009609624,21518006
2018-08-21,172.81,174.17,171.39,171.57128057283,19578514
2018-08-22,172.21,174.24,172.13,172.585083760087,16894083
2018-08-23,173.09,175.55,172.83,171.849579486979,18053567
2018-08-24,173.7,174.82,172.92,173.58894770041,14631556
2018-08-27,175.99,178.67,175.79,176.381876088834,17921935
2018-08-28,178.1,178.24,175.83,175.189166456767,15910675
2018-08-29,176.3,176.79,174.75,174.831353567147,18678301
2018-08-30,175.9,179.79,175.7,176.560782533644,24216532
2018-08-31,177.15,177.62,174.98,174.662386369271,18065159
2018-09-04,173.5,173.89,168.8,170.120150520482,29808971
2018-09-05,169.49,171.13,166.67,166.164330240794,31226744
2018-09-06,166.98,166.98,160.0,161.542580416534,41514834
2018-09-07,160.31,164.63,160.16,162.049482010163,24300600
2018-09-10,163.51,165.01,162.16,163.182556160626,20197680
2018-09-11,163.94,167.19,163.72,164.931863620991,20457088
2018-09-12,163.25,164.49,161.8,161.015800329038,24078118
2018-09-13,162.0,163.32,160.86,160.379688525269,25453775
2018-09-14,161.72,162.84,160.34,161.333856230922,21770405
2018-09-17,161.92,162.06,159.77,159.604427264425,21005321
2018-09-18,159.39,161.76,158.87,159.326128350276,22465236
2018-09-19,160.08,163.44,159.48,162.06936050403,19628996
2018-09-20,164.5,166.45,164.47,165.011377596462,18936038
2018-09-21,166.64,167.25,162.81,161.94015029389,45994800
2018-09-24,161.03,165.7,160.88,164.405083533495,19222775
2018-09-25,161.99,165.59,161.15,163.9081211868,27622806
2018-09-26,164.3,169.3,164.21,165.935727561314,25252231
2018-09-27,167.55,171.77,167.21,167.814245231819,27266856
2018-09-28,168.33,168.79,162.56,163.460855074775,34265638
2018-10-01,163.03,165.88,161.26,161.453127194129,26407677
2018-10-02,161.58,162.28,158.67,158.362021397689,36030977
2018-10-03,160.0,163.66,159.53,161.443187947195,23109456
2018-10-04,161.46,161.46,157.35,157.884937544862,25739635
2018-10-05,159.21,160.9,156.2,156.374172010911,25744047
2018-10-08,155.54,158.34,154.39,156.29465803544,24045968
2018-10-09,157.69,160.59,157.42,156.940709086142,18844425
2018-10-10,156.82,157.69,151.31,150.460320085245,30609970
2018-10-11,150.13,154.81,149.16,152.418351731222,35338901
2018-10-12,156.73,156.89,151.3,152.805982361644,25293492
2018-10-15,153.32,155.57,152.55,152.587318929098,15433521
2018-10-16,155.4,159.46,155.01,157.815362816325,19180095
2018-10-17,159.56,160.49,157.95,158.451474620094,17592003
2018-10-18,158.51,158.66,153.28,153.978813499843,21675084
2018-10-19,155.86,157.35,153.55,153.114099016594,19761347
2018-10-22,154.76,157.34,154.46,153.839664042768,15424658
2018-10-23,151.22,154.77,150.85,153.452033412347,19095032
2018-10-24,154.28,154.65,145.6,145.152762222547,27744597
2018-10-25,147.73,152.21,147.0,150.032932467088,22105696
2018-10-26,145.82,149.0,143.8,144.486832677977,31303341
2018-10-29,148.5,148.83,139.03,141.22675968366,31336784
2018-10-30,139.94,146.64,139.74,145.331668667357,50528278
2018-10-31,155.0,156.4,148.96,150.867829209535,60101251
2018-11-01,151.52,152.75,149.35,150.828072221799,25640786
2018-11-02,151.8,154.13,148.96,149.436577651055,24708695
2018-11-05,150.1,150.19,147.44,147.776723413095,15969849
2018-11-06,149.31,150.97,148.0,149.029068526765,16667124
2018-11-07,151.57,153.01,149.83,150.609408789254,21877372
2018-11-08,150.49,150.94,146.74,146.97164441145,24145814
2018-11-09,146.75,147.76,144.07,144.079323553687,17326898
2018-11-12,144.48,145.04,140.49,140.69004034923,18542123
2018-11-13,142.0,144.88,141.62,141.296334412198,15141710
2018-11-14,143.7,145.58,141.55,143.343819280579,22068384
2018-11-15,142.33,144.84,140.83,142.976067144025,30320280
2018-11-16,141.07,141.77,137.77,138.682312468584,37250560
2018-11-19,137.61,137.75,131.21,130.750793415339,44362729
2018-11-20,127.03,134.16,126.85,131.625447145522,41939475
2018-11-21,134.4,137.19,134.13,134.000927162721,25469735
2018-11-23,133.65,134.5,131.2551,130.929699860149,11886128
2018-11-26,133.0,137.0,132.78,135.551449684409,24263640
2018-11-27,135.75,136.61,133.71,134.179833607532,20750318
2018-11-28,136.28,136.79,131.85,135.929141067896,29847505
2018-11-29,135.92,139.99,135.66,137.837476479204,24238713
2018-11-30,138.26,140.97,137.36,139.755751137445,25732577
2018-12-03,143.0,143.68,140.76,140.232834990271,24819226
2018-12-04,140.73,143.39,137.16,137.092032959162,30307400
2018-12-06,133.82,139.7,133.67,138.781704937923,28218145
2018-12-07,139.25,140.87,136.66,136.585131365533,21195460
2018-12-10,139.6,143.05,139.01,140.988217757247,26422173
2018-12-11,143.88,143.88,141.1,141.216820436727,20300349
2018-12-12,143.08,147.19,142.51,143.622118194728,23696936
2018-12-13,145.57,145.85,143.19,144.129019788357,18148610
2018-12-14,143.34,146.01,142.51,143.184791329637,21785820
2018-12-17,143.08,144.92,138.42,139.338302766221,24333959
2018-12-18,141.08,145.93,139.83,142.787221452281,24709084
2018-12-19,141.21,144.91,132.5,132.430526147167,57404894
2018-12-20,130.7,135.57,130.0,132.589554098109,40297944
2018-12-21,133.39,134.9,123.42,124.190890438971,56901491
2018-12-24,123.1,129.74,123.02,123.306297461855,22066002
2018-12-26,126.0,134.24,125.89,133.364815358952,39723370
2018-12-27,132.44,134.99,129.67,133.702749754705,31202509
2018-12-28,135.34,135.92,132.2,132.390769159431,22627569
2018-12-31,134.45,134.64,129.95,130.29358805638,24625308
2019-01-02,128.99,137.51,128.56,134.855702399036,28146193
2019-01-03,134.69,137.17,131.12,130.939639107083,22717948
2019-01-04,134.01,138.0,133.75,137.111911453029,29002059
2019-01-07,137.56,138.87,135.91,137.211303922368,20089337
2019-01-08,139.89,143.14,139.54,141.664086548752,26263793
2019-01-09,142.95,144.7,141.27,143.353758527513,22205879
2019-01-10,143.08,144.56,140.84,143.323940786711,16125004
2019-01-11,143.15,145.36,142.57,142.926370909356,12908031
2019-01-14,142.0,146.57,141.27,144.506711171845,20520278
2019-01-15,146.01,150.68,145.99,148.04508308031,24068822
2019-01-16,149.0,149.65,147.0,146.643649262631,18025714
2019-01-17,146.95,149.0,146.5,147.399032029607,15787914
2019-01-18,149.75,152.43,148.55,149.128460996104,31029612
2019-01-22,149.2,151.53,146.37,146.673467003433,22378694
2019-01-23,148.28,148.8,143.06,143.42333325605,20098415
2019-01-24,144.64,146.44,142.52,144.944038036936,20955518
2019-01-25,147.48,149.83,146.54,148.104718561913,22250954
2019-01-28,148.05,148.96,146.21,146.574074534094,15508483
2019-01-29,148.09,148.1,143.43,143.314001539778,17631953
2019-01-30,146.22,150.95,145.7,149.506152379592,44613240
2019-01-31,165.6,171.68,165.0,165.677307141033,77233602
2019-02-01,165.84,169.1,165.66,164.703260941512,30806513
2019-02-04,165.7,169.3,163.62,168.221754356109,20036470
2019-02-05,169.15,171.98,168.69,170.120150520482,22556985
2019-02-06,171.2,172.47,169.27,169.454220975912,13281161
2019-02-07,168.2,169.24,165.25,165.369190486082,17517609
2019-02-08,164.47,167.37,164.21,166.313418944802,12561422
2019-02-11,167.9,168.3,165.08,164.782774916983,12811176
2019-02-12,166.86,168.34,164.5,164.037331396941,16292290
2019-02-13,165.38,166.22,163.73,163.073224444353,14205146
2019-02-14,163.19,164.87,162.25,162.953953481147,12755151
2019-02-15,164.51,164.7,160.86,161.512762675732,15504415
2019-02-19,160.5,164.15,160.33,161.304038490121,14345390
2019-02-20,162.25,163.72,161.25,161.572398157336,11770692
2019-02-21,161.93,162.24,159.59,159.067707929995,15607828
2019-02-22,160.58,162.41,160.31,160.906468612765,15858468
2019-02-25,163.07,166.07,162.9,163.619883025717,18737106
2019-02-26,164.34,166.24,163.8,163.132859925957,13784063
2019-02-27,162.9,163.93,160.41,161.820879330683,12697485
2019-02-28,162.37,163.5,160.86,160.469141747674,11114185
2019-03-01,162.6,163.13,161.69,161.294099243187,11097770
2019-03-04,163.9,167.5,163.83,166.353175932537,18894689
2019-03-05,167.37,171.88,166.55,170.219542989821,28187890
2019-03-06,172.9,173.57,171.27,171.461948856558,21531723
2019-03-07,171.5,171.74,167.61,168.102483392902,18306504
2019-03-08,166.2,169.62,165.97,168.569627998795,13184831
2019-03-11,171.6,174.3,171.58,171.024621991466,18883983
2019-03-12,172.09,173.8,171.22,170.875533287458,12155264
2019-03-13,172.32,174.03,172.12,172.316724092872,11973280
2019-03-14,169.76,171.15,168.16,169.136165074027,18037364
2019-03-15,167.16,167.58,162.51,164.971620608727,37126000
2019-03-18,163.57,163.9,159.28,159.495095548153,37524191
2019-03-19,161.48,163.82,160.82,160.588412710881,25611488
2019-03-20,161.5,166.12,161.24,164.434901274296,20211474
2019-03-21,164.89,166.39,163.75,165.071013078065,16223007
2019-03-22,165.65,167.42,164.09,163.341584111568,16389185
2019-03-25,163.0,166.54,162.0,165.279737263677,12631230
2019-03-26,167.35,169.45,166.35,166.661292587488,15437920
2019-03-27,167.85,168.94,164.79,164.862288892454,10620299
2019-03-28,164.57,166.72,163.33,164.544232990569,10689171
2019-03-29,166.39,167.19,164.81,165.677307141033,13455454
2019-04-01,167.83,168.9,167.28,167.675095774745,10381490
2019-04-02,170.14,174.9,169.55,173.141681588385,23946529
2019-04-03,174.5,177.96,172.95,172.485691290748,27590058
2019-04-04,176.02,178.0,175.53,174.950624530353,17847731
2019-04-05,176.88,177.0,175.1,174.652447122337,9594133
2019-04-08,175.21,175.5,174.23,173.867246614559,7297379
2019-04-09,175.62,179.19,175.55,176.50114705204,19751031
2019-04-10,178.18,178.79,176.54,176.739688978454,11701479
2019-04-11,178.24,178.4,177.0,176.431572323503,8070967
2019-04-12,178.0,179.63,177.95,178.011912585992,12329812
2019-04-15,178.5,180.5,176.87,178.558571167356,10834762
2019-04-16,179.0,180.17,178.3,177.783309906512,11215193
2019-04-17,179.6,180.74,178.36,177.693856684107,9973732
2019-04-18,178.8,178.88,177.34,177.196894337413,11655608
2019-04-22,178.25,181.67,178.25,180.337696368522,13389889
2019-04-23,182.74,184.22,181.48,182.663480151053,19954814
2019-04-24,184.49,185.14,181.65,181.470770518986,37289871
2019-04-25,196.98,198.48,192.12,192.085886244382,54148789
2019-04-26,192.5,192.9,189.09,190.326639537083,22075002
2019-04-29,190.95,195.41,190.65,193.596651778333,19641310
2019-04-30,194.19,197.39,192.28,192.225035701456,23494689
2019-05-01,194.78,196.18,193.01,191.857283564902,15996646
2019-05-02,193.0,194.0,189.75,191.360321218208,13209452
2019-05-03,194.38,196.16,193.71,194.282459816772,14575434
2019-05-06,191.24,194.28,190.55,192.702119554283,13994932
2019-05-07,192.54,192.9,187.85,188.617089064454,16253001
2019-05-08,189.39,190.72,188.55,188.388486384974,12505737
2019-05-09,187.2,189.77,186.26,187.503893407858,12967033
2019-05-10,188.25,190.0,184.59,187.195776752907,12578508
2019-05-13,183.5,185.43,180.84,180.437088837861,16833347
2019-05-14,182.52,183.49,178.1,179.632009836216,17628142
2019-05-15,180.42,187.28,180.02,185.138352637592,16746904
2019-05-16,185.05,188.58,185.05,185.853978416832,12953111
2019-05-17,184.84,187.58,184.28,184.174245685004,10485370
2019-05-20,181.88,184.23,181.37,181.60991997606,10351981
2019-05-21,184.57,185.7,183.89,183.697161832178,7502820
2019-05-22,184.73,186.74,183.61,184.194124178872,9213801
2019-05-23,182.42,183.9,179.67,179.771159293291,12768835
2019-05-24,182.33,183.63,180.83,179.960004985035,8807701
2019-05-28,181.54,184.71,181.45,183.190260238549,14843308
2019-05-29,183.5,184.56,181.35,181.083139888564,12797685
2019-05-30,183.08,183.48,180.89,181.898158137143,8581544
2019-05-31,180.28,180.54,177.16,176.391815335768,15226536
2019-06-03,175.0,175.05,161.01,163.152738419824,56059609
2019-06-04,163.71,168.28,160.84,166.482386142678,46044256
2019-06-05,167.48,168.72,164.63,167.148315687249,19758317
2019-06-06,168.3,169.7,167.23,167.307343638191,12446354
2019-06-07,170.17,173.87,168.84,172.296845599004,16917343
2019-06-10,174.75,177.86,173.8,173.757914898286,14767918
2019-06-11,178.48,179.98,176.79,177.017987892603,15266644
2019-06-12,178.38,179.27,172.88,173.976578330832,17699806
2019-06-13,175.53,178.03,174.61,176.391815335768,12253569
2019-06-14,180.51,181.84,180.0,180.22836465225,16773691
2019-06-17,185.01,189.5,184.41,187.861706297478,29459881
2019-06-18,194.0,194.53,187.28,187.324986963048,37571352
2019-06-19,187.0,188.1,184.55,186.341001516593,21417092
2019-06-20,190.95,191.16,187.64,188.37854713804,14635740
2019-06-21,188.75,192.0,188.75,189.978765894397,22751159
2019-06-24,192.42,193.98,191.57,191.429895946745,15508955
2019-06-25,192.88,193.14,188.13,187.692739099602,16750309
2019-06-26,189.54,190.76,187.31,186.519907961403,12808604
2019-06-27,189.88,198.88,188.27,188.348729397239,11158983
2019-06-28,190.55,193.2,189.94,191.827465824101,16378878
2019-07-01,195.21,195.28,191.93,191.827465824101,14204690
2019-07-02,193.0,195.0,192.71,193.815315210879,9049979
2019-07-03,194.16,197.4,194.16,196.001949536335,10246119
2019-07-05,196.18,197.07,194.17,195.206809781624,11164107
2019-07-08,195.19,196.68,193.64,194.570697977855,9723858
2019-07-09,194.97,199.46,194.89,197.999738170047,14698611
2019-07-10,200.0,202.96,199.67,201.498353090777,20571702
2019-07-11,203.26,203.8,200.21,200.007466050693,13678457
2019-07-12,199.68,205.3,199.16,203.62535193463,15366272
2019-07-15,204.25,205.33,201.82,202.671184228976,16030335
2019-07-16,203.89,205.47,203.1,202.601609500439,12132720
2019-07-17,204.18,204.36,201.59,200.574003125925,12083714
2019-07-18,200.15,202.47,199.38,199.560199938668,11956554
2019-07-19,202.18,202.33,198.07,197.154902180666,12098262
2019-07-22,199.91,202.57,198.81,201.090843966487,13589024
2019-07-23,202.84,204.24,200.96,201.130600954223,14583680
2019-07-24,197.63,204.81,197.22,203.416627749018,32532540
2019-07-25,206.7,208.66,198.26,199.490625210131,39889869
2019-07-26,200.19,202.88,196.25,198.536457504477,24433985
2019-07-29,199.0,199.63,195.3,194.749604422665,16530801
2019-07-30,195.39,198.71,193.5,195.842921585393,11903558
2019-07-31,196.95,198.76,192.68,193.049993196969,14593544
2019-08-01,194.17,198.47,190.88,191.559106156886,17777013
2019-08-02,191.1,192.62,188.07,187.871645544412,15296975
2019-08-05,184.69,185.67,179.34,180.625934529605,23086655
2019-08-06,183.69,185.79,183.09,183.389045177227,18035686
2019-08-07,183.6,186.37,181.22,184.025156980996,15833197
2019-08-08,186.62,190.34,184.05,189.004719694876,14828916
2019-08-09,190.0,190.98,187.12,186.708753653147,11058811
2019-08-12,186.85,187.59,184.46,184.243820413542,10936283
2019-08-13,185.52,191.38,185.37,187.30510846918,13653319
2019-08-14,185.8,185.99,179.31,178.618206648959,18903716
2019-08-15,180.95,183.2,180.03,181.48070976592,13059640
2019-08-16,183.75,185.1,182.36,182.583966175582,12844832
2019-08-19,186.01,187.5,184.85,185.038960168253,9699661
2019-08-20,185.45,186.0,182.39,182.693297891855,10087592
2019-08-21,185.0,185.9,183.14,182.434877471573,8409548
2019-08-22,183.43,184.11,179.91,180.934051184556,10829509
2019-08-23,180.84,183.13,176.66,176.670114249917,17331221
2019-08-26,179.4,180.5,178.24,179.264257699662,8780477
2019-08-27,181.93,184.04,181.01,180.198546911448,14408946
2019-08-28,180.53,181.95,178.92,180.655752270407,9364533
2019-08-29,183.77,186.08,183.47,184.442605352219,10135033
2019-08-30,186.78,186.8,183.46,184.541997821558,10785722
2019-09-03,184.0,185.67,182.11,181.281924827242,9792187
2019-09-04,184.65,187.75,183.89,186.00306712084,11314571
2019-09-05,188.53,191.36,187.94,189.740223967983,13896621
2019-09-06,190.21,190.21,186.35,186.350940763527,15226820
2019-09-09,187.73,188.98,185.85,187.613225124131,14722402
2019-09-10,187.44,188.1,184.55,185.038960168253,15455867
2019-09-11,186.46,189.44,186.08,187.344865456916,11761660
2019-09-12,189.86,190.93,187.23,186.331062269659,11419775
2019-09-13,187.33,187.97,186.54,186.05276335551,11441116
2019-09-16,186.93,187.79,185.77,185.088656402922,8444844
2019-09-17,186.66,188.32,185.54,186.937356332626,9751570
2019-09-18,188.09,189.08,186.01,186.99699181423,9945798
2019-09-19,188.66,191.1,188.15,188.984841201008,10474685
2019-09-20,190.66,193.1,188.12,188.776117015396,20359878
2019-09-23,189.34,190.1,185.21,185.685011218956,14370089
2019-09-24,187.98,188.04,180.39,180.17866841758,18775666
2019-09-25,181.45,183.42,177.87,181.689433951532,18339960
2019-09-26,181.33,181.4,177.67,179.015776526315,16280691
2019-09-27,180.49,180.76,175.66,176.024063199214,14663575
2019-09-30,177.87,178.67,176.85,176.998109398735,11071425
2019-10-01,179.15,179.84,174.88,174.741900344742,17261556
2019-10-02,174.84,176.53,173.09,173.539251465741,16374148
2019-10-03,175.57,179.84,173.63,178.290211500141,16789319
2019-10-04,179.55,180.98,178.1,179.353710922067,10476395
2019-10-07,180.0,181.18,178.09,178.588388908158,9359793
2019-10-08,178.26,180.37,177.72,176.670114249917,10084896
2019-10-09,179.16,180.72,177.94,178.757356106034,7648874
2019-10-10,180.32,181.61,179.17,178.936262550844,8980978
2019-10-11,182.15,186.49,182.14,183.070989275342,14998754
2019-10-14,184.2,184.62,182.57,182.166517804358,7203665
2019-10-15,183.8,190.38,183.66,187.742435334271,15143119
2019-10-16,188.32,189.7,186.9,188.398425631908,10560343
2019-10-17,190.3,190.84,188.77,189.233322374355,9761548
2019-10-18,190.23,191.49,183.92,184.720904266368,16584992
2019-10-21,187.04,189.91,186.75,188.60714981752,8122598
2019-10-22,190.0,190.65,181.5,181.232228592573,19854192
2019-10-23,182.01,186.38,182.0,185.019081674385,12370819
2019-10-24,184.62,186.73,182.8,185.247684353865,11505406
2019-10-25,185.83,189.0,185.09,186.748510640882,8061240
2019-10-28,187.2,189.53,185.08,188.2493369279,13377192
2019-10-29,191.69,192.53,188.47,188.159883705495,13574874
2019-10-30,189.56,190.45,185.98,187.106323530502,28734559
2019-10-31,196.7,198.09,188.25,190.485667488025,42286529
2019-11-01,192.85,194.11,189.91,192.443699134002,21711829
2019-11-04,194.55,197.37,193.81,193.53701629673,16371292
2019-11-05,195.37,195.75,193.6,193.139446419374,9941954
2019-11-06,194.03,194.37,191.35,190.386275018686,10973019
2019-11-07,191.91,193.44,189.47,189.263140115157,13472998
2019-11-08,190.0,192.34,189.7,189.68058848638,10764784
2019-11-11,189.93,190.08,188.54,188.458061113512,8637768
2019-11-12,190.0,195.06,189.74,193.288535123383,17615454
2019-11-13,194.7,195.7,192.74,192.016311515845,11009800
2019-11-14,192.93,194.03,191.45,191.976554528109,9059897
2019-11-15,194.26,195.3,193.38,193.914707680218,11530232
2019-11-18,194.56,198.63,193.05,196.200734475013,16176107
2019-11-19,197.4,200.0,196.86,198.10906988632,19070291
2019-11-20,198.58,199.59,195.43,196.310066191286,12370240
2019-11-21,197.42,199.09,196.86,196.727514562509,12130985
2019-11-22,198.38,199.3,197.62,197.612107539625,9959817
2019-11-25,199.52,200.97,199.25,198.576214492213,15286442
2019-11-26,200.0,200.15,198.04,197.761196243634,11748664
2019-11-27,199.9,203.14,199.42,200.772788064603,12760568
2019-11-29,201.6,203.8,201.21,200.414975174983,7985231
2019-12-02,202.13,202.18,198.05,198.486761269808,11542020
2019-12-03,197.6,198.93,195.08,197.612107539625,13014170
2019-12-04,200.0,200.03,198.05,197.502775823353,8459939
2019-12-05,199.86,201.29,198.21,198.148826874055,9755350
2019-12-06,200.5,201.57,200.06,199.828559605883,12279525
2019-12-09,200.65,203.14,200.21,200.116797766966,12013218
2019-12-10,201.66,202.05,200.15,199.649653161073,9485568
2019-12-11,200.28,202.63,200.28,201.031208484884,8041827
2019-12-12,202.35,203.66,194.1,195.55468342431,23766986
2019-12-13,196.4,196.8,193.17,192.930722233763,18806020
2019-12-16,195.27,199.12,194.81,196.717575315575,14922733
2019-12-17,198.84,199.0,196.13,197.184719921468,10177605
2019-12-18,200.09,204.3,200.09,201.269750411297,23284746
2019-12-19,202.78,206.3,202.51,204.808122319763,16808184
2019-12-20,207.48,207.71,203.43,205.046664246176,27315226
2019-12-23,206.7,208.59,205.68,204.927393282969,13353194
2019-12-24,206.3,206.79,205.0,203.873833107977,6046273
2019-12-26,205.57,207.82,205.31,206.527612039326,9368273
2019-12-27,208.67,208.93,206.59,206.835728694276,10287634
2019-12-30,207.86,207.9,203.9,203.168146575671,10534441
2019-12-31,204.0,205.56,203.6,204.003043318117,8962756
2020-01-02,206.75,209.79,206.27,208.50552217917,12090707
2020-01-03,207.21,210.4,206.95,207.402265769508,11197416
2020-01-06,206.7,212.78,206.52,211.308389814527,17073861
2020-01-07,212.82,214.58,211.75,211.765595173486,15111857
2020-01-08,213.0,216.24,212.61,213.912472511207,13492703
2020-01-09,217.54,218.38,216.28,216.973760566845,12679579
2020-01-10,219.2,219.88,217.42,216.735218640432,12127432
2020-01-13,219.6,221.97,219.21,220.56182870998,14295658
2020-01-14,221.61,222.38,218.63,217.729143333821,13315361
2020-01-15,220.61,221.68,220.14,219.806445943004,10036475
2020-01-16,222.57,222.63,220.39,220.422679252906,10015288
2020-01-17,222.03,222.29,220.53,220.79043138946,15905944
2020-01-21,222.16,222.37,219.12,220.094684104087,14162007
2020-01-22,222.31,222.75,221.28,219.975413140881,12212814
2020-01-23,220.75,221.49,219.27,218.424890619194,11195000
2020-01-24,220.8,221.78,216.11,216.615947677225,11905824
2020-01-27,213.1,216.06,212.5,213.564598868521,13810655
2020-01-28,216.14,218.74,213.52,216.466858973217,13413835
2020-01-29,221.44,224.2,218.45,221.873809305254,33610005
2020-01-30,206.53,211.43,204.75,208.257041005823,48775500
2020-01-31,208.43,208.69,201.06,200.683334842198,31359917
2020-02-03,203.44,205.14,202.5,202.949483143125,15510509
2020-02-04,206.62,210.6,205.2,208.55521841384,19628890
2020-02-05,212.51,212.73,208.71,208.833517327989,12538154
2020-02-06,210.47,211.19,209.34,209.569021601096,10567533
2020-02-07,210.3,212.82,209.93,211.040030147312,12242530
2020-02-10,211.52,213.8,210.66,211.765595173486,11856350
2020-02-11,210.19,210.86,206.51,205.931257223292,25030810
2020-02-12,207.85,211.22,207.4,209.479568378691,13813704
2020-02-13,209.52,214.33,209.18,211.845109148958,15396625
2020-02-14,214.0,214.93,212.65,212.878790830082,10741747
2020-02-18,213.55,217.98,213.4,216.476798220151,15630026
2020-02-19,217.99,218.32,216.11,216.1686815652,12135114
2020-02-20,216.52,218.77,212.95,213.276360707438,13109213
2020-02-21,213.48,214.24,208.83,208.903092056526,14098432
2020-02-24,201.8,203.65,198.17,199.500564457065,23080057
2020-02-25,202.25,203.5,195.95,195.574561918178,21433487
2020-02-26,197.19,201.21,195.49,196.001949536335,16555210
2020-02-27,191.82,195.88,189.5,188.597210570586,21682626
2020-02-28,182.7,192.74,181.82,191.300685736604,32583494
2020-03-02,194.03,196.57,188.85,195.246566769359,24948955
2020-03-03,196.22,197.24,183.97,184.760661254104,27984104
2020-03-04,189.17,191.83,186.39,190.594999204298,23062473
2020-03-05,186.78,188.99,183.89,184.045035474864,19333425
2020-03-06,178.33,183.78,176.26,179.989822725836,24559550
2020-03-09,169.6,175.0,165.19,168.470235529456,29949041
2020-03-10,174.67,178.29,169.5,177.107441115008,24517791
2020-03-11,174.01,175.88,167.66,169.205739802564,20397204
2020-03-12,159.54,166.6,154.34,153.531547387818,43266335
2020-03-13,163.53,170.79,157.6,169.2454967903,35028627
2020-03-16,152.32,159.13,143.1,145.122944481746,39120419
2020-03-17,150.74,153.94,140.0,148.512227686203,34255596
2020-03-18,139.75,148.18,137.1,146.067172940465,37553136
2020-03-19,146.62,159.93,144.8,152.199688298676,39862312
2020-03-20,156.02,159.27,148.0,148.820344341153,32568398
2020-03-23,149.66,152.31,142.25,147.200247090929,29830765
2020-03-24,155.21,161.31,152.57,160.001997141781,30440369
2020-03-25,158.92,162.99,153.06,155.260976354315,35184271
2020-03-26,158.25,164.0,157.02,162.347659418179,26579021
2020-03-27,158.2,160.09,154.75,155.837452676481,24879869
2020-03-30,159.18,166.75,158.06,164.941802867925,22515225
2020-03-31,165.48,170.93,164.2,165.786638857306,23676283
2020-04-01,161.62,164.15,158.04,158.630381064904,19507559
2020-04-02,159.1,161.35,155.92,157.228947247225,20886309
2020-04-03,157.15,157.91,150.83,153.243309226735,25983317
2020-04-06,160.15,166.2,158.51,164.544232990569,28453581
2020-04-07,171.79,173.39,166.01,167.804305984886,31411919
2020-04-08,171.25,175.0,167.74,173.221195563856,21664198
2020-04-09,175.9,177.08,171.57,174.12566703484,23534287
2020-04-13,173.67,175.0,169.45,173.728097157485,19355355
2020-04-14,178.98,181.23,176.62,177.08756262114,21011815
2020-04-15,175.19,178.19,172.82,175.894852989073,17423003
2020-04-16,177.95,178.05,172.51,175.179227209833,23593229
2020-04-17,179.2,180.28,176.66,178.151062043066,20974750
2020-04-20,177.41,180.5,176.77,177.157137349677,16110664
2020-04-21,175.25,175.38,168.34,169.762337630862,24850528
2020-04-22,178.45,184.78,178.14,181.172593110969,33369931
2020-04-23,184.08,187.05,183.15,184.005278487128,21426604
2020-04-24,183.23,190.41,180.83,188.915266472471,28868528
2020-04-27,192.66,193.75,187.41,186.36088001046,29197750
2020-04-28,188.66,189.2,182.56,181.798765667804,21730986
2020-04-29,190.93,196.91,190.0,193.010236209234,45954521
2020-04-30,206.92,209.69,201.57,203.466323983687,46230116
2020-05-01,201.6,207.28,199.05,201.041147731818,30415581
2020-05-04,200.2,205.91,198.76,204.012982565051,19250673
2020-05-05,207.02,210.38,206.5,205.811986260086,21071223
2020-05-06,208.12,211.6,206.66,207.20348083083,21856963
2020-05-07,211.16,211.6,209.04,209.976530725386,15151976
2020-05-08,212.24,213.21,210.85,211.05990864118,12524048
2020-05-11,210.89,215.0,210.37,211.884866136693,12911948
2020-05-12,213.29,215.28,210.0,208.823578081055,14704647
2020-05-13,209.43,210.78,202.11,203.853954614109,20684559
2020-05-14,202.56,206.93,200.69,205.553565839804,17178947
2020-05-15,205.27,211.34,204.12,209.598839341898,19383154
2020-05-18,212.15,214.64,210.94,211.894805383627,20167443
2020-05-19,213.27,220.49,212.83,215.562387502233,31843152
2020-05-20,223.5,231.34,223.19,228.572861738697,50162875
2020-05-21,234.72,237.2,231.2,229.984234803309,47577915
2020-05-22,231.51,235.99,228.74,233.482849724039,33925564
2020-05-26,239.77,240.9,231.67,230.789313804954,33178318
2020-05-27,229.07,230.56,221.13,227.747904243184,34697553
2020-05-28,224.3,231.63,224.0,224.090261371512,29423013
2020-05-29,225.2,227.49,222.88,223.722509234958,23322476
2020-06-01,224.59,232.44,223.5,230.501075643871,18223839
2020-06-02,230.94,233.0,226.56,231.306154645517,20919018
2020-06-03,232.11,232.65,228.53,228.76170743044,15380282
2020-06-04,229.56,231.63,224.61,224.915218867025,17041481
2020-06-05,226.71,231.35,225.31,229.368001493408,16750438
2020-06-08,229.03,231.55,227.41,229.994174050243,15466499
2020-06-09,231.52,239.77,230.41,237.220006571182,27462872
2020-06-10,240.96,241.21,235.28,235.291792666007,20720709
2020-06-11,229.94,232.89,223.55,223.066518937321,26708163
2020-06-12,229.9,231.66,224.5,227.191306414886,22091387
2020-06-15,225.09,233.77,224.8,231.087491212971,15340264
2020-06-16,237.14,238.46,233.0,234.218353997147,15236691
2020-06-17,235.0,237.59,231.73,234.09908303394,19578125
2020-06-18,234.99,236.14,232.15,234.50659215823,15782452
2020-06-19,237.79,240.83,235.55,237.339277534389,30081291
2020-06-22,238.56,240.7,236.91,237.766665152546,18917782
2020-06-23,241.28,245.19,239.86,240.768317726581,24017915
2020-06-24,241.2,243.22,232.68,232.598256746922,20834904
2020-06-25,234.62,237.3,232.74,234.248171737948,18704339
2020-06-26,232.64,233.09,215.4,214.767247747522,76343939
2020-06-29,209.75,220.75,207.11,219.299544349376,58514281
2020-06-30,220.59,227.5,218.47,225.690480127868,33927068
2020-07-01,228.5,239.0,227.56,236.106810914586,43403869
2020-07-02,239.0,240.0,232.61,232.001901930889,30635970
2020-07-06,233.76,240.4,232.27,238.820225327538,26208488
2020-07-07,239.41,247.65,238.82,239.396701649704,27887936
2020-07-08,238.11,246.99,236.59,242.100176815722,29793184
2020-07-09,245.0,246.53,239.24,243.01458753364,22175054
2020-07-10,243.69,245.49,239.32,243.581124608872,22982716
2020-07-13,247.01,250.15,238.42,237.54800172,24674883
2020-07-14,236.76,240.33,232.03,238.273566746174,23378056
2020-07-15,241.55,244.82,238.05,238.820225327538,19134627
2020-07-16,238.0,241.76,236.33,239.466276378241,18880800
2020-07-17,241.0,244.16,237.86,240.559593540969,18152413
2020-07-20,240.06,246.05,235.64,243.928998251558,20797388
2020-07-21,246.22,246.91,240.08,240.28129462682,18646840
2020-07-22,240.26,241.9,238.12,238.412716203249,15427885
2020-07-23,239.63,242.42,231.75,231.18688368231,21771802
2020-07-24,230.19,233.49,226.9,229.308366011804,18325813
2020-07-27,231.46,234.95,230.83,232.08141590636,13163083
2020-07-28,234.63,234.96,229.83,228.721950442705,14170112
2020-07-29,231.14,233.7,230.31,231.872691720748,13588317
2020-07-30,230.22,234.893,229.0,233.075340599749,20615306
2020-07-31,255.82,255.85,249.0,252.128876972019,53030037
2020-08-03,252.65,255.4,250.33,250.429265746323,23134103
2020-08-04,251.56,252.8,247.43,248.312206149405,17183533
2020-08-05,250.19,252.2698,247.77,247.606519617098,13088361
2020-08-06,249.04,266.6,248.665,263.668342662266,45241611
2020-08-07,264.08,278.89,263.43,266.809144693376,72766364
2020-08-10,268.04,273.86,259.69,261.402194361339,30248826
2020-08-11,260.185,265.915,255.13,254.573931717756,28238283
2020-08-12,258.97,263.8973,258.1125,258.311088564899,21428329
2020-08-13,261.55,265.16,259.57,259.712522382578,17373970
2020-08-14,262.305,262.65,258.6801,259.652886900974,14792708
2020-08-17,262.5,264.0973,259.4,259.573372925503,13303174
2020-08-18,260.95,265.15,259.26,260.746204063702,18690383
2020-08-19,261.388,267.908,261.35,260.99468523705,23291463
2020-08-20,261.5,269.63,261.46,267.375681768608,20299688
2020-08-21,268.69,270.49,266.42,265.38783238183,15538615
2020-08-24,271.07,277.2478,268.7701,269.741222538874,23685603
2020-08-25,272.41,283.09,270.2601,279.113932397533,42127240
2020-08-26,284.0,304.67,284.0,302.063653567888,69015151
2020-08-27,300.16,301.23,292.02,291.438598595559,30301309
2020-08-28,295.0,297.23,290.98,291.87592546065,17172415
2020-08-31,293.95,296.88,291.55,291.418720101691,17345134
2020-09-01,294.71,301.49,292.71,293.645111414882,17320872
2020-09-02,298.88,303.6,293.05,300.66221975021,24341369
2020-09-03,295.99,297.6,283.63,289.351356739441,32294092
2020-09-04,287.25,289.0,271.14,281.012328561907,30333671
2020-09-08,271.28,279.3,269.42,269.512619859394,24863997
2020-09-09,275.77,278.48,271.35,272.057067074471,22918769
2020-09-10,275.51,279.16,267.0319,266.46127105069,24814669
2020-09-11,270.06,271.39,262.64,264.990262504474,18913883
2020-09-14,270.95,276.64,265.7,264.533057145515,24093830
2020-09-15,270.67,274.52,269.3,270.764964973065,18478530
2020-09-16,267.29,272.44,261.79,261.919035201902,29207594
2020-09-17,258.28,261.5,250.19,253.271890369416,31281441
2020-09-18,258.405,259.2,250.05,250.995802821555,28130767
2020-09-21,247.54,249.95,244.13,246.642412664511,24709378
2020-09-22,253.31,255.32,248.22,253.202315640879,30293103
2020-09-23,255.26,257.9921,248.15,247.507127147759,19641266
2020-09-24,246.5,252.24,245.62,248.014028741388,20006750
2020-09-25,249.4,255.75,246.61,253.271890369416,18351311
2020-09-28,259.4,259.6,254.8208,255.259739756194,18826254
2020-09-29,257.81,263.33,256.9,260.199545482338,20215504
2020-09-30,261.98,266.085,260.1,260.308877198611,20142546
2020-10-01,265.35,268.33,264.8,265.010140998342,20009801
2020-10-02,261.21,265.15,259.18,258.360784799569,16367597
2020-10-05,262.2,264.865,260.8401,263.042170105431,12822252
2020-10-06,261.78,265.69,258.24,257.08856119203,18696917
2020-10-07,259.21,260.18,254.82,256.5518418576,23133417
2020-10-08,259.75,264.62,259.1488,262.157577128315,16312762
2020-10-09,264.52,264.75,262.17,262.843385166753,14107803
2020-10-12,270.2,280.18,267.87,274.074734202051,31019256
2020-10-13,277.58,279.1,273.39,274.462364832472,18063343
2020-10-14,277.62,278.75,271.5,270.168610157031,15601154
2020-10-15,267.6,269.04,263.67,265.099594220747,15416064
2020-10-16,267.375,271.37,265.3,264.314393712969,16622702
2020-10-19,265.53,268.55,259.88,259.811914851917,13586955
2020-10-20,263.06,269.7,262.88,265.934490963194,18763246
2020-10-21,279.56,283.05,276.37,277.03662978835,28998638
2020-10-22,279.87,282.45,275.04,276.430335725383,16720026
2020-10-23,278.8024,285.24,276.82,283.059813430288,17535155
2020-10-26,283.16,285.23,274.26,275.42647178506,21322925
2020-10-27,278.76,284.51,276.31,281.568926390205,16287249
2020-10-28,278.79,278.79,267.26,266.043822679466,23121808
2020-10-29,276.55,283.6,273.78,279.123871644467,32368118
2020-10-30,274.5,276.7,259.1,261.511526077612,47299002
2020-11-02,264.6,270.47,257.34,259.772157864181,27165679
2020-11-03,263.16,270.05,260.88,263.688221156134,17961859
2020-11-04,281.0,288.94,278.62,285.634078386166,35364424
2020-11-05,291.8965,297.38,288.95,292.889728647907,23823633
2020-11-06,293.95,294.6,288.06,291.627444287302,13890974
2020-11-09,289.87,292.58,278.53,277.076386776086,25117650
2020-11-10,273.1,274.0,264.0,270.774904219999,29067691
2020-11-11,273.47,278.4,272.48,274.800299228225,14956950
2020-11-12,277.18,279.75,274.43,273.40880465748,12914206
2020-11-13,277.72,277.76,273.1,275.267443834118,10400101
2020-11-16,275.05,279.41,274.63,277.26523246783,12970352
2020-11-17,277.68,277.68,273.29,273.329290682009,15040297
2020-11-18,274.52,277.3889,271.84,270.31769886104,12152945
2020-11-19,271.025,273.47,269.19,271.281805813627,12963658
2020-11-20,272.56,273.0,269.41,268.061489807046,18122412
2020-11-23,270.89,270.9471,264.53,266.799205446442,20990786
2020-11-24,268.49,277.8199,267.87,275.237626093316,16852501
2020-11-25,278.14,280.18,272.65,273.915706251108,12467009
2020-11-27,277.39,279.13,274.82,276.122219070432,7808426
2020-11-30,276.03,277.7,271.01,275.287322327985,16693336
2020-12-01,279.16,289.3,278.96,284.809120890653,20602115
2020-12-02,285.36,291.78,280.825,285.77322784324,17361624
2020-12-03,286.25,286.65,281.07,280.137674831724,12921694
2020-12-04,280.3,283.46,279.3,278.000736740938,10880299
2020-12-07,279.19,288.49,278.2,283.845013938066,13007665
2020-12-08,286.01,286.4272,281.55,281.678258106477,10747650
2020-12-09,283.66,287.63,271.75,276.231550786705,25189707
2020-12-10,275.535,278.73,271.86,275.436411031994,20065091
2020-12-11,274.53,276.48,270.25,271.888099876594,14391401
2020-12-14,273.3722,277.22,271.56,272.524211680364,16376880
2020-12-15,274.83,276.08,267.47,273.875949263373,23979461
2020-12-16,274.76,277.86,272.51,273.995220226579,15884999
2020-12-17,277.07,280.44,273.61,272.812449841446,16377844
2020-12-18,275.775,278.0,271.14,274.720785252753,26693249
2020-12-21,272.978,274.67,267.79,271.132717109619,16553740
2020-12-22,271.5,271.5,264.63,265.467346357301,17334999
2020-12-23,266.89,272.1699,266.23,266.481149544558,14329038
2020-12-24,268.875,270.4,266.2,265.775463012251,6702033
2020-12-28,268.74,277.3,265.66,275.317140068787,23123385
2020-12-29,276.95,280.51,276.28,275.098476636241,16382995
2020-12-30,277.95,278.08,271.71,270.218306391701,11803795
2020-12-31,272.0,277.09,269.81,271.500469246173,12900408
2021-01-04,274.78,275.0,265.2,267.306107040071,15106113
2021-01-05,268.29,272.4,268.2111,269.323774167651,9871557
2021-01-06,262.0,267.75,260.01,261.71031101629,24354149
2021-01-07,265.9,271.61,264.78,267.107322101393,15789756
2021-01-08,268.31,268.95,263.18,265.944430210128,18528251
2021-01-11,260.48,263.47,255.9,255.279618250062,30412286
2021-01-12,256.63,259.72,250.3,249.564551263075,25772128
2021-01-13,251.55,253.95,249.2,250.111209844439,19528938
2021-01-14,253.4,255.03,244.61,244.147661684104,29739404
2021-01-15,247.9,253.86,247.16,249.83291093029,24942930
2021-01-19,256.9,262.2,252.7201,259.5137374439,28028546
2021-01-20,268.93,270.32,263.6,265.854976987723,25199919
2021-01-21,269.26,273.6,267.4901,271.21223108509,20838687
2021-01-22,272.01,278.47,272.0,272.832328335314,21954042
2021-01-25,278.14,280.1,271.51,276.32100400911,19086990
2021-01-26,278.1398,285.39,277.81,280.336459770402,19373636
2021-01-27,282.53,283.45,268.1201,270.486666058916,35346194
2021-01-28,277.18,286.79,264.7,263.390043748117,37758844
2021-01-29,265.3,266.56,254.85,256.760566043212,30389499
2021-02-01,259.52,264.17,254.91,260.418208914884,22914255
2021-02-02,264.0,268.85,263.27,265.457407110367,16964380
2021-02-03,265.62,269.2,263.84,265.03001949221,14223377
2021-02-04,267.01,268.16,264.0,264.870991541267,16059958
2021-02-05,266.8,269.17,265.67,266.471210297624,12454367
2021-02-08,268.75,269.86,265.0,264.960444763672,13755191
2021-02-09,266.44,273.39,265.75,267.813008633699,14420322
2021-02-10,272.4465,273.7999,267.72,270.218306391701,14188230
2021-02-11,271.89,273.58,268.49,268.747297845485,12828572
2021-02-12,270.52,271.18,268.34,268.856629561758,9097597
2021-02-16,270.8,276.6,270.05,272.305548247818,15417243
2021-02-17,271.24,273.97,269.58,271.907978370462,12619051
2021-02-18,269.565,271.95,266.03,267.753373152096,15249134
2021-02-19,269.86,270.27,260.15,259.970942802859,25622587
2021-02-22,257.95,263.07,257.53,258.74841542999,17298474
2021-02-23,259.5,267.46,254.96,264.239849360965,21924557
2021-02-24,262.325,266.38,258.39,262.704235709679,15736123
2021-02-25,262.3,266.94,254.04,253.142680159276,18430701
2021-02-26,256.47,265.55,256.47,256.054879510906,26313472
2021-03-01,260.82,266.65,257.9039,263.300590525712,22157255
2021-03-02,265.78,266.71,258.65,257.426495587783,15191722
2021-03-03,260.29,260.9899,255.1,253.858305938516,15513515
2021-03-04,256.47,266.49,253.5,256.074758004774,31626463
2021-03-05,260.67,265.45,255.61,262.674417968877,26820055
2021-03-08,265.55,265.58,255.05,253.758913469177,18391768
2021-03-09,261.175,268.53,259.81,264.125548021225,22039740
2021-03-10,268.64,268.97,262.87,263.290651278779,14210318
2021-03-11,268.11,277.9,267.82,272.216095025413,21833979
2021-03-12,269.14,269.74,264.02,266.76938770564,20600198
2021-03-15,269.08,275.96,268.5,272.086884815272,16856746
2021-03-16,276.085,282.14,274.8,277.583288369714,22437665
2021-03-17,275.705,286.23,275.41,282.284552169445,21315044
2021-03-18,279.87,285.1899,278.28,276.927298072077,18754853
2021-03-19,281.22,292.8,281.195,288.347492799118,38930536
2021-03-22,290.45,299.705,286.7501,291.756654497443,28273073
2021-03-23,293.15,298.0,289.81,288.864333639681,23000929
2021-03-24,291.0,291.72,281.16,280.425912992807,18675046
2021-03-25,280.98,288.06,277.75,277.046569035284,24505648
2021-03-26,278.3018,284.5,277.77,281.300566722989,17629185
2021-03-29,285.77,293.18,284.7,289.053179331425,21718831
2021-03-30,289.83,292.47,286.7,286.250311696067,17474537
2021-03-31,289.99,296.5,288.61,292.740639943898,19498157
2021-04-01,298.4,302.4,296.6,296.845548927595,17615980
2021-04-05,300.89,310.765,300.68,307.033277034834,28237006
2021-04-06,308.8365,311.35,305.25,304.399376597353,17335246
2021-04-07,306.34,314.25,305.5,311.1878822532,22855241
2021-04-08,314.85,315.88,310.05,311.118307524663,20894148
2021-04-09,311.4,314.74,310.33,310.561709696365,15988568
2021-04-12,311.05,312.15,307.93,309.647298978447,10881935
2021-04-13,312.21,314.428,309.32,307.878113024215,14036927
2021-04-14,307.3,308.03,301.95,300.980275652094,17421393
2021-04-15,306.34,310.14,304.1,305.94989911904,14558273
2021-04-16,308.17,308.95,304.61,304.319862621882,13059163
2021-04-19,305.007,307.7,300.56,300.403799329928,14553507
2021-04-20,301.99,305.1,297.21,300.811308454218,16796442
2021-04-21,301.945,301.98,297.39,299.638477316019,14863474
2021-04-22,301.33,302.92,296.04,294.718550083743,16375350
2021-04-23,298.76,302.59,297.15,299.300542920266,17559498
2021-04-26,303.3396,305.8,301.56,301.19893908464,16172593
2021-04-27,304.28,305.34,301.11,301.725719172136,15309256
2021-04-28,307.36,310.92,305.37,305.2342733398,33907210
2021-04-29,330.12,331.81,321.61,327.50812571865,56526771
2021-04-30,326.1435,329.82,324.5,323.105039326936,26332423
2021-05-03,326.17,328.55,321.84,320.620227593463,18719462
2021-05-04,320.025,322.19,313.12,316.425865387361,24032557
2021-05-05,318.19,321.06,314.49,313.106156911441,15577605
2021-05-06,314.52,320.24,313.275,318.075780378387,19012241
2021-05-07,322.38,322.935,318.75,317.141491166601,15916743
2021-05-10,314.35,314.5786,304.83,304.11113843627,24239170
2021-05-11,300.75,306.84,299.69,304.667736264568,18920086
2021-05-12,301.13,304.96,298.19,300.711915984879,24641010
2021-05-13,306.0833,308.86,302.7701,303.405451903964,18079160
2021-05-14,309.54,316.85,309.08,314.020567629359,19245724
2021-05-17,313.55,315.68,311.58,313.543483776533,15401343
2021-05-18,315.59,316.5,309.81,308.076897962892,14522403
2021-05-19,304.185,314.66,303.57,311.684844599895,19106244
2021-05-20,313.58,319.25,313.16,316.674346560708,17320241
2021-05-21,319.29,319.93,315.8101,314.308805790442,13600901
2021-05-24,318.21,325.95,318.03,322.657773214911,16445356
2021-05-25,327.08,329.18,324.8,325.798575246021,16436965
2021-05-26,328.35,329.8299,325.82,325.66936503588,9686917
2021-05-27,328.0,333.78,326.76,330.728441725231,20477726
2021-05-28,331.0,332.8684,328.33,326.732864457806,12037430
2021-06-01,330.15,331.42,326.64,327.130434335162,11765906
2021-06-02,330.38,331.87,327.1215,327.15031282903,11654275
2021-06-03,325.78,327.375,323.48,324.05920703259,12610788
2021-06-04,325.9,332.455,325.18,328.343022461097,13289383
2021-06-07,329.48,337.69,328.93,334.535173300911,20136707
2021-06-08,336.7,338.2999,332.24,331.652791690082,14580464
2021-06-09,335.74,336.8,330.0,328.243629991758,13727946
2021-06-10,330.785,333.94,328.545,330.440203564148,13240229
2021-06-11,332.58,332.83,328.93,329.247493932081,13587916
2021-06-14,331.9,336.82,329.81,334.724018992655,12250799
2021-06-15,336.99,339.92,335.03,334.704140498787,15795226
2021-06-16,336.695,337.55,328.72,329.068587487271,17031281
2021-06-17,330.49,337.98,330.15,334.465598572374,17794080
2021-06-18,334.53,336.15,329.0,327.657214422658,23039457
2021-06-21,331.09,332.92,327.65,330.271236366272,11337522
2021-06-22,332.685,339.92,332.6,336.970288799714,15345299
2021-06-23,339.35,343.4199,338.2,338.520811321401,14817824
2021-06-24,341.85,344.9,341.79,341.095076277279,12329096
2021-06-25,342.59,344.12,339.68,339.296072582245,14594444
2021-06-28,342.46,358.14,341.77,353.479377956908,29156132
2021-06-29,356.27,356.74,349.05,349.752160356698,21417305
2021-06-30,352.165,352.92,347.17,345.597555138332,15107514
2021-07-01,346.82,354.6699,346.5,352.236972090171,17137021
2021-07-02,355.1,356.44,352.62,352.545088745122,11524614
2021-07-06,356.5,358.79,349.18,350.636753333815,13488455
2021-07-07,355.26,356.49,350.0,348.360665785954,14218866
2021-07-08,345.73,348.33,342.56,343.55007026995,14406457
2021-07-09,345.32,350.71,345.265,348.291091057416,13018694
2021-07-12,351.23,354.19,349.64,351.014444717303,10018624
2021-07-13,351.5,358.49,348.8,349.950945295376,11455963
2021-07-14,354.56,355.2,346.73,345.518041162861,13894221
2021-07-15,349.2348,349.2348,340.22,342.367299884817,14781594
2021-07-16,344.91,345.9899,340.14,339.087348396633,11026093
2021-07-19,337.57,339.79,334.54,334.902925437465,14372345
2021-07-20,338.8,343.45,334.5,339.584310743328,11024277
2021-07-21,341.5,346.52,341.25,344.126546592116,9279657
2021-07-22,346.68,351.54,345.21,349.056413071326,12385441
2021-07-23,360.91,375.33,357.19,367.543412368364,33694328
2021-07-26,369.58,374.44,368.22,370.197191299713,14925222
2021-07-27,371.91,373.15,364.55,365.575441475453,15705447
2021-07-28,374.56,377.5499,366.93,371.012209548292,29676910
2021-07-29,361.0,365.52,356.74,356.14309613519,32210926
2021-07-30,354.0,360.73,352.94,354.135368254544,15976179
2021-08-02,358.1,359.4,350.74,349.811795838302,13180439
2021-08-03,352.73,353.7699,347.7,349.106109305995,12406054
2021-08-04,352.42,360.48,351.51,356.739450951224,14180572
2021-08-05,359.64,363.9,356.9,360.76484595945,10247207
2021-08-06,361.4,365.15,361.395,361.30156529388,8925017
2021-08-09,363.7623,365.775,360.75,359.413108376441,7798872
2021-08-10,361.825,364.1,359.0435,358.936024523614,7469878
2021-08-11,362.1,362.36,357.81,357.773132632349,8400332
2021-08-12,358.45,363.0,357.11,360.446790057565,7175206
2021-08-13,362.97,364.6607,361.48,360.973570145062,7184414
2021-08-16,362.52,366.95,357.38,364.333035608717,11232269
2021-08-17,362.98,364.67,355.07,356.272306345331,12328737
2021-08-18,356.25,359.86,355.15,353.290532265164,10042381
2021-08-19,351.345,357.57,351.0,352.962537116345,12004535
2021-08-20,354.6,359.9898,353.31,357.186717063249,8697667
2021-08-23,359.44,365.69,359.1,361.142537342938,10942007
2021-08-24,363.66,367.9559,361.84,363.289414680658,9235148
2021-08-25,365.6,370.86,365.4,366.151917797619,9684519
2021-08-26,368.375,369.44,364.13,362.166279777128,7888683
2021-08-27,365.1,373.74,364.08,370.366158497589,11219142
2021-08-30,372.56,381.49,370.52,378.347373785503,13547261
2021-08-31,379.95,382.759,378.8,377.075150177965,12345350
2021-09-01,379.59,384.33,378.81,379.728929109314,11567163
2021-09-02,381.5,381.75,374.06,373.00005893507,14838274
2021-09-03,374.75,377.16,373.11,373.974105134591,7511356
2021-09-07,375.88,382.96,373.15,379.858139319455,10798920
2021-09-08,380.16,380.87,374.79,375.276146482931,11067166
2021-09-09,377.64,379.83,376.565,375.703534101088,9098941
2021-09-10,381.361,383.79,378.26,376.389342139527,11549595
2021-09-13,381.68,381.75,374.3451,374.222586307939,13026275
2021-09-14,377.4,378.59,375.11,374.242464801806,8711569
2021-09-15,377.0,377.555,367.67,371.648321352061,17940297
2021-09-16,372.79,373.56,369.71,370.793546115746,11934217
2021-09-17,371.405,371.41,361.59,362.504214172881,26298966
2021-09-20,359.3,361.03,349.8,353.539013438511,19822772
2021-09-21,358.5,360.04,355.19,355.308199392744,11751917
2021-09-22,347.23,349.84,340.6901,341.124894018081,43692859
2021-09-23,345.355,349.67,343.0,343.858186924901,21806264
2021-09-24,343.2387,354.35,342.37,350.815659778625,18801933
2021-09-27,349.805,355.15,347.08,351.431893088526,15205843
2021-09-28,347.97,349.6,338.92,338.580446803005,21710286
2021-09-29,343.15,345.23,338.88,337.54676512188,14452241
2021-09-30,340.445,342.8,338.15,337.328101689334,16547094
2021-10-01,341.61,345.02,338.64,340.926109079403,14905311
2021-10-04,335.53,335.94,322.7,324.248052724333,42884975
2021-10-05,328.58,335.18,326.1638,330.937165910842,35377947
2021-10-06,329.74,334.38,325.8,331.613034702347,26443010
2021-10-07,337.0,338.84,328.98,327.219887557567,28307456
2021-10-08,331.51,333.4,328.71,328.04484505308,15946110
2021-10-11,327.625,330.46,325.31,323.47279146349,14708224
2021-10-12,323.03,324.38,317.37,321.802997978596,31658684
2021-10-13,326.97,327.0,322.66,322.568319992506,14761470
2021-10-14,328.355,330.52,327.1,326.534079519128,14302154
2021-10-15,328.68,329.07,322.51,322.786983425051,21596370
2021-10-18,328.95,335.89,327.5,333.302706681108,21585018
2021-10-19,339.645,342.46,337.28,337.924456505368,18786316
2021-10-20,343.445,343.98,339.4531,338.709657013145,13639465
2021-10-21,340.275,342.31,337.8,339.802974175873,16354423
2021-10-22,326.345,329.63,321.11,322.637894721043,35224543
2021-10-25,320.3,329.56,319.72,326.693107470071,38408957
2021-10-26,328.26,330.2099,309.6,313.891357419219,65654043
2021-10-27,314.19,319.25,312.06,310.323167769952,29971761
2021-10-28,312.99,325.52,308.11,314.994613828881,50806840
2021-10-29,320.19,325.9999,319.6,321.604213039918,37059384
2021-11-01,326.04,333.45,326.0,327.975270324543,31164440
2021-11-02,331.38,334.7895,323.8,326.086813407103,28259036
2021-11-03,327.49,332.15,323.2,329.605306821701,20786502
2021-11-04,334.0065,337.273,332.65,333.809608274737,22495281
2021-11-05,340.31,346.79,339.64,339.057530655831,26872817
2021-11-08,344.42,344.789,338.34,336.562779675425,18342458
2021-11-09,340.0,341.3075,334.47,333.33252442191,17469000
2021-11-10,332.49,333.19,325.51,325.649486542012,21872605
2021-11-11,329.82,332.459,327.0,325.748879011351,12376563
2021-11-12,330.18,341.86,329.78,338.818988729418,25099642
2021-11-15,344.34,353.65,343.2,345.448466434323,25076603
2021-11-16,343.83,346.65,340.87,340.876412844733,18181106
2021-11-17,344.24,347.3,340.1,338.699717766211,13602812
2021-11-18,339.72,342.46,335.3,336.632354403962,17487235
2021-11-19,342.2,352.1,339.9,343.202196627264,26488541
2021-11-22,349.05,353.83,340.51,338.938259692625,27116811
2021-11-23,338.93,341.3999,333.5,335.201102845482,17224986
2021-11-24,336.0,341.78,332.81,338.987955927294,13566181
2021-11-26,335.795,337.75,331.902,331.096193861785,14750737
2021-11-29,336.89,340.67,335.305,335.976364106325,16650949
2021-11-30,335.0,335.81,323.43,322.488806017035,25390008
2021-12-01,330.29,330.5,310.29,308.713009766662,30384083
2021-12-02,311.4,314.6,307.2,308.50428558105,24396169
2021-12-03,313.73,313.75,299.5,304.975852919518,27471010
2021-12-06,308.13,320.1,306.34,315.9388422876,21758340
2021-12-07,321.57,326.54,321.0,320.848830272943,18794047
2021-12-08,325.0,332.75,323.07,328.551746646708,19937722
2021-12-09,329.54,336.13,328.0,327.8162423736,16879168
2021-12-10,332.555,335.03,326.37,327.746667645063,14527969
2021-12-13,330.95,341.09,329.59,332.457870691728,22948655
2021-12-14,328.05,335.7,327.65,331.712427171686,20461024
2021-12-15,332.4935,342.11,323.98,339.584310743328,24681326
2021-12-16,338.98,344.46,333.74,332.865379816017,22635025
2021-12-17,332.795,337.11,330.75,331.762123406355,40012637
2021-12-20,329.775,329.9,322.53,323.47279146349,17901783
2021-12-21,326.41,336.0,323.75,332.169632530645,16116784
2021-12-22,333.8003,334.51,328.26,328.442414930436,16764566
2021-12-23,330.1,336.67,328.36,333.203314211769,13987698
2021-12-27,338.845,347.87,338.01,344.076850357446,17795026
2021-12-28,346.63,352.71,345.2,344.116607345182,16637608
2021-12-29,346.91,349.6899,341.6401,340.856534350866,10747009
2021-12-30,344.0,347.23,343.22,342.267907415478,10593347
2021-12-31,343.015,343.44,336.27,334.306570621431,12516527
2022-01-03,338.295,341.0816,337.19,336.483265699954,14562849
2022-01-04,339.95,343.0854,331.8711,334.485477066241,15997974
2022-01-05,333.02,335.76,323.84,322.200567855952,20564521
2022-01-06,322.82,339.165,322.72,330.440203564148,27962809
2022-01-07,332.74,337.0,328.8801,329.774274019577,14722020
2022-01-10,325.31,328.34,315.43,326.076874160169,24942383
2022-01-11,326.78,334.63,325.28,332.338599728521,16191633
2022-01-12,335.18,336.365,330.03,331.235343318859,14104858
2022-01-13,334.98,335.63,325.76,324.496533897681,14797109
2022-01-14,321.79,332.73,321.21,329.88360573585,16868497
2022-01-18,323.29,324.21,317.64,316.217141201749,22352652
2022-01-19,319.5822,327.1,319.33,317.64839276023,20563976
2022-01-20,323.9,327.82,315.98,314.636800939261,16925030
2022-01-21,314.81,318.31,303.04,301.32814929478,28710717
2022-01-24,297.84,309.53,289.01,306.834492096156,38936901
2022-01-25,299.95,306.23,297.58,298.326496720745,25108454
2022-01-26,307.01,307.51,290.85,292.840032413237,28348801
2022-01-27,297.752,301.709,294.26,292.849971660171,21629922
2022-01-28,295.6204,301.9,293.0333,299.877019242432,21871620
2022-01-31,300.68,313.79,299.32,311.356849451077,21579474
2022-02-01,314.555,319.6598,312.12,317.06197719113,18023796
2022-02-02,327.82,328.0,316.8747,321.037675964687,58458280
2022-02-03,244.645,248.0,235.745,236.315535100198,188119925
2022-02-04,234.97,242.6099,230.11,235.649605555627,89342247
2022-02-07,237.7,238.3,224.01,223.543602790148,88613826
2022-02-08,220.85,225.77,216.15,218.842338990417,94729672
2022-02-09,224.2,233.37,222.21,230.590528866276,86563275
2022-02-10,228.27,235.0,226.7,226.684404821257,49310356
2022-02-11,228.46,230.42,218.7701,218.216166433582,46156943
2022-02-14,219.31,221.0,214.78,216.377405750812,38184035
2022-02-15,220.47,221.15,215.06,219.657357238996,42685473
2022-02-16,212.41,217.46,212.36,215.224453106481,45817457
2022-02-17,214.02,217.5,207.1601,206.448098063855,38747533
2022-02-18,209.39,210.75,205.18,204.907514789101,37128438
2022-02-22,202.34,207.48,200.06,200.852302040074,39703994
2022-02-23,204.16,206.94,198.05,197.244355403071,44481359
2022-02-24,191.06,208.35,190.22,206.338766347582,49957167
2022-02-25,204.94,211.32,203.18,209.201269464543,37627551
2022-02-28,207.675,213.1508,206.83,209.747928045907,34239803
2022-03-01,209.87,211.7517,202.22,202.253735857753,27094902
2022-03-02,204.775,209.15,202.02,206.84566794121,29452147
2022-03-03,209.015,209.08,201.42,201.73689501719,27263524
2022-03-04,202.37,205.89,198.79,198.844574159428,32146264
2022-03-07,200.79,200.89,187.28,186.331062269659,38560609
2022-03-08,187.85,196.7,186.11,189.133929905016,37508149
2022-03-09,195.74,199.1,193.92,197.294051637741,31894695
2022-03-10,194.84,196.28,191.068,194.024039396491,24852975
2022-03-11,192.635,193.56,186.67,186.470211726733,34694534
2022-03-14,187.03,192.29,185.82,185.496165527212,31010462
2022-03-15,190.8,192.28,185.911,190.863358871513,31721682
2022-03-16,194.7,203.73,194.52,202.392885314827,40640264
2022-03-17,201.7,208.04,201.11,206.577308273995,29499681
2022-03-18,206.7,216.8,206.0,215.174756871811,51235040
2022-03-21,214.5,214.71,207.63,210.205133404866,29072837
2022-03-22,211.37,219.46,210.18,215.333784822753,31794933
2022-03-23,213.33,216.7988,212.16,212.163165050842,23717321
2022-03-24,215.0,220.67,214.79,218.23604492745,31502314
2022-03-25,220.51,225.5,218.8901,220.472375487575,39854786
2022-03-28,222.13,224.04,219.54,222.231622194874,26224141
2022-03-29,226.07,230.89,225.29,228.463530022424,31417857
2022-03-30,228.91,231.151,226.71,226.465741388712,25588046
2022-03-31,228.45,228.49,222.26,221.009094822005,24192266
2022-04-01,224.55,227.28,222.7,223.483967308544,19544758
2022-04-04,225.98,234.351,225.86,232.469046536782,28100826
2022-04-05,234.08,236.86,231.02,230.431500915334,29525086
2022-04-06,226.91,228.9899,221.405,221.943384033791,28995080
2022-04-07,223.93,225.52,218.56,221.595510391105,21037187
2022-04-08,222.38,225.13,220.0283,220.979277081204,18375711
2022-04-11,218.42,220.61,215.2198,215.144939131009,20516586
2022-04-12,220.235,222.03,213.13,212.839033842347,20128827
2022-04-13,211.82,216.61,211.33,213.683869831727,19231816
2022-04-14,214.89,214.99,210.0,208.903092056526,18379455
2022-04-18,210.0,213.38,208.3,209.489507625625,16580792
2022-04-19,210.52,218.4299,209.0,215.98977512039,20089871
2022-04-20,213.605,214.16,198.92,199.202387049048,42859593
2022-04-21,201.6,202.965,185.58,186.927417085692,49954078
2022-04-22,190.37,192.72,183.27,182.991475299871,36426769
2022-04-25,182.73,187.18,181.655,185.853978416832,29281060
2022-04-26,186.63,187.185,179.5,179.850673268762,30872853
2022-04-27,174.43,181.2099,169.0,173.887125108427,71062886
2022-04-28,202.92,208.53,192.9,204.480127170944,100890551
2022-04-29,204.46,212.48,199.9,199.252083283717,49193434
2022-05-02,201.165,211.88,200.99,209.847320515245,49915289
2022-05-03,210.45,214.8999,208.09,210.741852739296,41556267
2022-05-04,210.65,224.3,206.96,222.052715750064,41197345
2022-05-05,218.74,220.17,206.16,207.014635139086,41129192
2022-05-06,207.34,209.38,201.02,202.532034771902,34747158
2022-05-09,199.84,202.57,195.58,195.01796408988,36303200
2022-05-10,199.51,202.96,194.19,196.44921564836,34452491
2022-05-11,196.325,200.6742,188.27,187.593346630263,31153383
2022-05-12,187.055,198.05,184.78,190.078158363736,38262226
2022-05-13,192.58,199.89,191.28,197.413322600948,24549844
2022-05-16,197.05,205.37,195.93,198.82469566556,27112595
2022-05-17,202.115,205.46,198.36,201.389021374504,24872729
2022-05-18,200.0,201.0,191.63,191.072083057125,23959966
2022-05-19,191.2,195.29,189.6,190.127854598405,24446938
2022-05-20,194.97,197.91,187.87,192.364185158531,31465570
2022-05-23,195.19,196.9924,191.24,195.037842583748,25059161
2022-05-24,180.55,183.6759,176.11,180.17866841758,50406273
2022-05-25,180.4,185.45,179.32,182.713176385722,28030194
2022-05-26,182.878,192.8301,182.26,190.465788994158,23056455
2022-05-27,191.36,195.3329,189.8,193.944525421019,22562727
2022-05-31,194.885,197.6,192.01,192.46357762787,26131103
2022-06-01,196.51,199.53,185.0,187.493954160924,36623495
2022-06-02,188.45,200.935,187.73,197.651864527361,31951582
2022-06-03,195.98,196.61,189.78,189.620953004777,19464993
2022-06-06,193.99,196.92,188.4,193.069871690837,30574242
2022-06-07,191.93,196.53,191.49,194.461366261582,18828687
2022-06-08,194.67,202.03,194.41,195.445351708037,22267154
2022-06-09,194.28,199.45,183.68,182.882143583599,23501579
2022-06-10,183.04,183.1,175.02,174.503358418328,27478354
2022-06-13,170.59,172.575,164.03,163.262070136097,31749304
2022-06-14,166.03,166.75,161.3601,162.735290048601,27244274
2022-06-15,167.2,172.16,163.975,168.321146825448,30008251
2022-06-16,163.72,165.08,159.61,159.892665425508,26944143
2022-06-17,161.68,165.9,159.9,162.745229295535,31374215
2022-06-21,165.93,167.76,155.97,156.095873096762,50724899
2022-06-22,158.38,160.79,155.44,154.903163464695,47596820
2022-06-23,156.27,159.75,154.25,157.785545075523,40499198
2022-06-24,161.725,170.25,161.3,169.126225827093,68736009
2022-06-27,171.32,171.75,168.01,168.460296282522,29174559
2022-06-28,169.9,171.3,160.61,159.703819733764,27788725
2022-06-29,163.57,166.33,160.32,162.944014234213,28595236
2022-06-30,162.15,165.23,158.49,160.270356808996,35250605
2022-07-01,160.31,160.62,155.0,159.057768683061,31423933
2022-07-05,158.14,168.25,157.02,167.168194181117,28664799
2022-07-06,168.2,171.59,165.46,168.738595196671,23085921
2022-07-07,169.45,172.72,167.78,171.143892954673,24083368
2022-07-08,169.98,172.4,168.1501,169.841851606333,19249243
2022-07-11,167.065,167.49,161.91,161.89045405922,21905133
2022-07-12,164.8,165.9107,162.1,162.278084689642,16639659
2022-07-13,160.16,164.98,159.6127,162.496748122188,16555138
2022-07-14,161.22,162.59,157.2801,157.089797790151,23765168
2022-07-15,160.54,164.98,159.82,163.699397001188,23342807
2022-07-18,166.75,171.685,165.64,166.214026475463,23574337
2022-07-19,170.37,176.49,169.51,174.71208260394,25933679
2022-07-20,177.485,183.6,176.7,181.977672112614,24784274
2022-07-21,180.63,183.85,178.87,182.057186088086,27195815
2022-07-22,173.07,175.5995,168.41,168.241632849977,42583916
2022-07-25,169.0,170.57,164.805,165.637550153297,26166326
2022-07-26,165.94,166.0,157.95,158.183114952879,28468424
2022-07-27,162.59,170.87,162.02,168.549749504927,43846557
2022-07-28,161.06,161.51,154.85,159.7435767215,73214326
2022-07-29,157.69,160.14,155.17,158.133418718209,42065395
2022-08-01,157.25,165.19,155.2301,158.958376213722,40596702
2022-08-02,158.31,162.24,158.01,159.216796634004,27374516
2022-08-03,162.69,169.54,161.57,167.774488244084,31717527
2022-08-04,168.295,172.15,166.8,169.533734951383,23938212
2022-08-05,166.99,171.612,165.8,166.094755512256,25832701
2022-08-08,168.0,177.51,167.13,169.215679049498,27299113
2022-08-09,168.95,169.53,166.6,167.506128576869,18655056
2022-08-10,175.99,180.48,173.95,177.256529819016,30262132
2022-08-11,179.71,183.1,176.37,176.411693829635,24079062
2022-08-12,180.81,181.4572,178.911,179.403407156737,21274046
2022-08-15,178.96,181.44,178.2,179.791037787158,15878671
2022-08-16,179.44,180.99,177.035,178.379664722546,21156710
2022-08-17,176.76,178.14,174.17,173.787732639088,20118133
2022-08-18,174.34,175.76,171.86,173.598886947344,18844451
2022-08-19,170.2,172.32,167.05,166.939591501637,26240799
2022-08-22,165.49,165.49,162.26,162.059421257096,19499711
2022-08-23,162.48,165.05,160.7,160.131207351922,18111777
2022-08-24,160.6,165.46,159.77,162.268145442708,20891481
2022-08-25,165.18,168.88,164.02,167.754609750216,15550514
2022-08-26,168.48,170.92,161.6726,160.797136896492,24023633
2022-08-29,160.655,163.05,159.01,158.202993446747,19771863
2022-08-30,160.355,161.66,155.91,156.205204813034,19567948
2022-08-31,167.07,167.84,162.14,161.94015029389,40952975
2022-09-01,163.58,167.3599,160.345,164.355387298825,30145683
2022-09-02,167.45,167.93,159.22,159.346006844144,22634191
2022-09-06,160.1,161.69,157.69,157.576820889911,19282598
2022-09-07,157.76,160.955,156.81,159.415581572681,16831182
2022-09-08,158.71,162.23,157.74,161.075435810641,22530785
2022-09-09,163.248,169.54,163.02,168.12236188677,22129802
2022-09-12,167.39,171.39,167.28,167.933516195026,23220405
2022-09-13,161.54,161.63,152.67,152.199688298676,44444061
2022-09-14,153.33,153.54,149.05,150.54977330765,43064195
2022-09-15,149.8,154.1984,148.7,148.641437896343,34606348
2022-09-16,148.05,148.58,144.2935,145.401243395895,40122824
2022-09-19,145.235,148.58,145.1,147.120733115458,22169477
2022-09-20,145.775,148.84,145.22,145.202458457217,23217350
2022-09-21,146.39,149.6,142.0,141.256577424462,38338614
2022-09-22,141.55,144.58,140.87,141.952324709834,34162531
2022-09-23,141.42,142.62,138.89,139.556966198767,31710685
2022-09-26,140.12,142.24,136.19,135.541510437475,30497021
2022-09-27,137.92,139.42,134.1201,133.583478791498,30826471
2022-09-28,134.62,142.03,134.27,140.749675830834,32658478
2022-09-29,139.36,139.84,135.2,135.58126742521,38985414
2022-09-30,136.05,140.99,135.5,134.855702399036,33166393
2022-10-03,137.14,139.62,136.1,137.767901750666,27723063
2022-10-04,140.49,142.3901,139.34,139.427755988626,34670729
2022-10-05,138.24,140.21,134.78,138.13565388722,27979348
2022-10-06,137.715,141.45,136.6,138.225107109625,36231056
2022-10-07,136.76,138.29,132.44,132.639250332778,33214773
2022-10-10,133.55,136.11,131.87,132.977184728531,24023982
2022-10-11,131.62,132.66,126.99,127.759080088238,38481403
2022-10-12,128.32,129.67,126.25,126.725398407113,34605245
2022-10-13,123.53,131.14,122.5301,129.498448301669,34325715
2022-10-14,131.0,131.79,126.52,125.989894134005,23559407
2022-10-17,130.3,134.79,130.18,133.225665901878,29612245
2022-10-18,137.085,137.8399,131.4,131.993199282075,25444979
2022-10-19,132.89,137.0,132.22,132.420586900233,30691047
2022-10-20,132.93,136.77,131.31,130.730914921471,26356276
2022-10-21,126.31,130.12,125.44,129.22014938752,46348647
2022-10-24,127.25,133.48,124.57,128.931911226437,63563447
2022-10-25,130.875,138.35,130.59,136.674584587938,38433219
2022-10-26,131.68,135.55,128.53,129.031303695776,89294679
2022-10-27,97.975,102.5,96.38,97.3449844705307,232316571
2022-10-28,99.58,100.85,97.51,98.597329584201,95928306
2022-10-31,98.22,99.32,92.6,92.5940244361307,121361444
2022-11-01,94.33,97.49,93.55,94.6216308106445,110189617
2022-11-02,94.205,95.2,90.48,89.9899417394512,71821058
2022-11-03,90.08,90.4576,88.41,88.3698444892269,60664012
2022-11-04,90.35,91.39,88.09,90.2384229127984,55638061
2022-11-07,94.78,96.88,93.1,96.1323963445959,81987295
2022-11-08,95.92,97.8,94.79,95.8839151712487,52088320
2022-11-09,101.72,104.9,100.74,100.853538638194,107677284
2022-11-10,107.12,112.75,104.61,111.190355449441,80670961
2022-11-11,109.23,114.9,108.81,112.333368846839,59961742
2022-11-14,110.99,116.27,110.8,113.526078478906,53394974
2022-11-15,116.07,118.74,114.4116,116.368703101998,50670499
2022-11-16,114.5,116.075,112.66,112.54209303245,33287773
2022-11-17,110.41,112.33,109.8,110.772907078218,35093822
2022-11-18,113.8,114.32,110.62,111.369261894251,33357707
2022-11-21,111.52,112.3699,109.19,109.192566815729,24351074
2022-11-22,109.86,111.62,108.3216,110.762967831284,29028963
2022-11-23,111.72,112.67,110.73,111.558107585995,21343083
2022-11-25,111.3,112.73,111.02,110.733150090482,12007566
2022-11-28,110.78,112.04,108.38,108.119128146869,23332816
2022-11-29,109.54,110.94,108.5437,108.794996938373,23899238
2022-11-30,109.505,118.16,109.38,117.382506289255,43348557
2022-12-01,119.198,121.2,118.4,119.708290071786,36551374
2022-12-02,117.83,124.04,117.61,122.739760386623,39950464
2022-12-05,121.75,124.67,121.35,121.68620021163,35474884
2022-12-06,119.91,120.55,113.74,113.426686009567,43689183
2022-12-07,113.76,115.88,112.88,113.237840317823,29461137
2022-12-08,116.39,117.34,114.59,114.629334888567,30619418
2022-12-09,115.3,117.54,113.87,115.195871963799,26033353
2022-12-12,115.18,115.72,113.14,114.013101578666,24747064
2022-12-13,122.13,123.3,118.64,119.420051910703,44701054
2022-12-14,119.39,124.14,119.39,120.851303469183,36922037
2022-12-15,118.33,118.625,114.01,115.444353137147,34530970
2022-12-16,120.23,123.31,118.8214,118.704426131463,67064001
2022-12-19,116.83,117.8,114.331,113.784498899187,29769875
2022-12-20,113.26,117.33,112.46,116.378642348932,28742501
2022-12-21,116.7,120.34,115.62,119.032421280281,20392799
2022-12-22,117.2,118.62,114.38,116.408460089734,23618121
2022-12-23,116.03,118.175,115.535,117.322870807652,17796625
2022-12-27,117.93,118.6,116.0501,116.169918163321,21392311
2022-12-28,116.25,118.15,115.51,114.91757304965,19612473
2022-12-29,116.4,121.03,115.77,119.529383626976,22366192
2022-12-30,118.16,120.42,117.74,119.608897602447,19583825
2023-01-03,122.82,126.37,122.28,123.982166253359,35528531
2023-01-04,127.38,129.0498,125.85,126.596188196973,32397094
2023-01-05,126.125,128.52,124.54,126.168800578815,25447099
2023-01-06,128.97,130.33,126.04,129.230088634454,27584498
2023-01-09,131.16,132.95,129.28,128.68343005309,26649145
2023-01-10,127.27,133.44,127.15,132.182044973819,28684431
2023-01-11,130.96,133.8494,130.34,132.08265250448,25423046
2023-01-12,133.44,137.6781,131.76,135.879444833227,30757732
2023-01-13,134.97,137.39,134.835,136.147804500442,22423839
2023-01-17,136.176,136.75,134.25,134.537646497152,21147587
2023-01-18,135.81,137.25,132.8,132.211862714621,20215486
2023-01-19,132.49,137.45,132.14,135.322847004929,28625232
2023-01-20,135.89,139.94,134.61,138.523284517642,28688630
2023-01-23,139.29,143.76,138.66,142.39959082186,27470093
2023-01-24,141.69,145.0,141.36,142.270380611719,21970190
2023-01-25,141.22,143.17,140.31,140.640344114561,26622021
2023-01-26,144.4,147.51,143.3,146.405107336218,25482084
2023-01-27,148.237,153.19,147.39,150.818132974865,35771865
2023-01-30,149.405,151.1233,146.95,146.166565409804,28040100
2023-01-31,147.95,149.88,147.52,148.064961574178,29842109
2023-02-01,148.03,153.58,147.06,152.189749051742,55661017
2023-02-02,183.38,197.16,180.16,187.623164371065,150475687
2023-02-03,183.465,196.77,182.89,185.396773057873,76809701
2023-02-06,186.53,190.7,185.5156,184.92962845198,42483811
2023-02-07,185.575,193.7799,184.4,190.455849747224,47080662
2023-02-08,190.0,190.83,182.92,182.315606508367,36139074
2023-02-09,186.13,186.65,177.27,176.839081447793,37118811
2023-02-10,176.3534,178.89,173.35,173.091985353716,33433567
2023-02-13,178.215,181.0,175.82,178.33990773481,31463223
2023-02-14,177.16,181.5064,175.88,178.38960396948,24034631
2023-02-15,176.415,178.19,175.33,176.083698680817,25337966
2023-02-16,172.75,175.85,171.79,171.39237412802,25827473
2023-02-17,170.22,173.18,169.7,171.829700993112,24171260
2023-02-21,174.31,178.17,171.88,171.0345612384,34592582
2023-02-22,171.07,172.755,169.69,170.080393532747,22433158
2023-02-23,172.0,173.69,169.38,170.994804250665,20017779
2023-02-24,168.64,170.72,167.66,169.354828506573,19791334
2023-02-27,171.875,173.12,169.06,168.509992517192,19277002
2023-02-28,171.9,177.55,171.87,173.877185861493,46051117
2023-03-01,174.59,177.85,173.05,172.366420327542,30998380
2023-03-02,172.38,175.01,171.43,173.469676737204,17360708
2023-03-03,178.92,186.62,177.05,184.124549450335,45877692
2023-03-06,188.0,189.66,184.64,183.776675807649,33209394
2023-03-07,189.0,190.36,184.01,183.389045177227,36701495
2023-03-08,182.87,185.26,181.34,183.846250536186,19432405
2023-03-09,186.35,188.93,180.3,180.58617754187,26582750
2023-03-10,181.01,184.77,178.8,178.419421710281,25665032
2023-03-13,177.96,183.78,174.82,179.800977034092,24727969
2023-03-14,187.58,194.32,186.56,192.841269011358,41642627
2023-03-15,192.95,197.78,190.8351,196.548608117699,42123552
2023-03-16,198.26,205.76,196.0886,203.684987416233,50819659
2023-03-17,200.56,201.9,195.4304,194.421609273846,50141098
2023-03-20,198.48,199.36,193.64,196.608243599302,25186315
2023-03-21,203.2,203.55,197.95,200.931816015545,31826952
2023-03-22,202.5,207.37,199.67,198.596092986081,28477759
2023-03-23,202.84,207.88,202.15,203.03893636553,27389669
2023-03-24,205.18,207.58,203.55,204.758426085093,27733042
2023-03-27,204.81,205.86,201.36,201.60768480705,18527184
2023-03-28,200.15,201.03,197.9,199.460807469329,19127295
2023-03-29,203.56,205.72,202.5355,204.102435787456,18851137
2023-03-30,203.38,208.09,202.82,206.577308273995,22608303
2023-03-31,207.24,212.17,206.77,210.652399516891,25440273
2023-04-03,208.84,213.4861,208.2,211.77553442042,17924613
2023-04-04,213.39,216.24,212.54,213.415510164512,21026367
2023-04-05,214.15,215.19,209.94,210.195194157932,19396630
2023-04-06,209.25,216.94,208.65,214.787126241389,26104411
2023-04-10,214.71,215.66,210.66,213.445327905314,16106074
2023-04-11,215.48,216.02,213.41,212.550795681264,16710101
2023-04-12,214.835,216.84,212.584,212.699884385272,18972172
2023-04-13,215.73,221.15,215.69,219.011306188293,23310357
2023-04-14,217.88,222.11,217.55,220.144380338757,21591207
2023-04-17,219.79,220.979,217.13,217.530358395143,15411724
2023-04-18,219.91,220.44,216.21,216.566251442556,12280984
2023-04-19,213.472,217.33,212.93,214.389556364034,15898078
2023-04-20,213.48,216.75,212.77,211.77553442042,16475443
2023-04-21,210.21,213.41,209.58,211.59662797561,17717166
2023-04-24,213.675,213.92,210.71,211.497235506271,15750920
2023-04-25,210.815,211.26,207.13,206.289070112912,19198175
2023-04-26,212.5,214.11,208.88,208.127830795682,35185227
2023-04-27,239.89,241.685,236.77,237.110674854909,71196531
2023-04-28,239.01,240.43,235.75,238.859982315274,39554036
2023-05-01,238.615,244.0,236.46,241.702606938367,29143912
2023-05-02,243.18,244.92,238.99,237.786543646414,24350149
2023-05-03,239.47,241.75,232.75,235.589970074024,34463859
2023-05-04,236.06,238.2,232.9264,232.101294400228,17889391
2023-05-05,232.24,234.68,229.85,231.36579012712,27000480
2023-05-08,231.415,235.62,230.27,231.852813226881,16400526
2023-05-09,231.46,235.88,231.08,231.95220569622,16865587
2023-05-10,236.17,236.75,230.72,231.663967535137,19119007
2023-05-11,233.05,238.21,232.3,234.357503454221,20448991
2023-05-12,236.74,236.9599,231.45,232.389532561311,16161447
2023-05-15,236.92,240.255,235.33,237.408852262926,20653229
2023-05-16,235.79,239.635,235.52,237.36909527519,18163772
2023-05-17,238.45,243.8423,238.14,241.011829276461,21193080
2023-05-18,241.3,247.0881,241.19,245.350310563105,22943297
2023-05-19,247.47,248.69,243.41,244.147661684104,21733581
2023-05-22,245.41,253.57,245.12,246.811379862387,27738479
2023-05-23,246.81,251.61,246.65,245.240978846832,17748115
2023-05-24,245.28,249.5892,244.952,247.695972839503,17724338
2023-05-25,253.4,255.62,249.17,251.154830772497,22371435
2023-05-26,252.93,262.3107,252.71,260.448026655686,25768663
2023-05-30,265.25,268.65,261.29,260.925110508512,23816483
2023-05-31,260.0,265.0,258.45,263.111744833969,25361238
2023-06-01,265.9,274.0,265.89,270.953810664809,25609508
2023-06-02,272.66,275.35,271.12,270.953810664809,19416930
2023-06-05,270.3,275.57,269.56,269.741222538874,20742946
2023-06-06,270.14,276.57,269.69,269.472862871659,19419010
2023-06-07,271.67,274.25,262.8,261.998549177373,26163627
2023-06-08,260.62,267.65,258.88,262.972595376894,20899359
2023-06-09,262.48,267.949,261.7,263.340347513448,16949794
2023-06-12,267.17,271.75,265.33,269.403288143122,15471702
2023-06-13,274.88,275.72,269.0923,269.671647810337,16164024
2023-06-14,271.89,274.99,268.315,271.689314937917,19175066
2023-06-15,272.3,283.99,271.42,280.117796337856,25973455
2023-06-16,284.75,287.85,280.13,279.292838842343,43127731
2023-06-20,278.73,284.8,276.22,282.602608071329,20701589
2023-06-21,283.53,284.0,278.36,279.928950646112,20556170
2023-06-22,279.08,285.26,277.79,283.149266652693,17563061
2023-06-23,281.51,289.67,278.95,286.975876722241,51092038
2023-06-26,288.7,289.79,277.6,276.778209368069,24232651
2023-06-27,282.01,289.345,280.655,285.306083237348,26108260
2023-06-28,284.82,289.55,284.06,283.556775776983,16722117
2023-06-29,284.5,286.57,280.69,279.81961892984,15395690
2023-06-30,284.76,289.05,284.415,285.23650850881,19694872
2023-07-03,286.7,289.4,284.8499,284.282340803157,8629269
2023-07-05,287.65,298.12,286.36,292.581611992956,33865457
2023-07-06,295.885,298.12,291.31,290.21607122269,47733829
2023-07-07,292.18,296.2,288.66,288.764941170342,25585975
2023-07-10,295.55,298.13,287.05,292.313252325741,37058306
2023-07-11,293.9,300.18,291.9,296.477796791041,27585918
2023-07-12,301.745,309.45,300.1004,307.460664652991,36677127
2023-07-13,313.62,316.24,310.2901,311.505938155085,30280972
2023-07-14,311.79,314.88,307.3612,306.993520047098,23054108
2023-07-17,307.54,311.71,304.71,308.732888260529,25323126
2023-07-18,310.875,314.2,307.6188,310.154200572076,20764580
2023-07-19,313.03,318.68,310.52,314.090142357897,21763688
2023-07-20,313.5,315.54,302.22,300.682098244077,23836876
2023-07-21,304.57,305.46,291.2,292.472280276683,42139259
2023-07-24,295.78,297.52,288.3001,289.838379839202,24949405
2023-07-25,295.19,298.3,291.86,292.681004462295,19585584
2023-07-26,301.19,301.77,291.9,296.75609570519,47256930
2023-07-27,325.12,325.35,309.84,309.816266176323,64229173
2023-07-28,316.875,326.2,314.2481,323.502609204292,39220270
2023-07-31,323.69,325.6599,317.59,316.664407313774,25799603
2023-08-01,317.535,324.14,314.66,320.749437803604,22889870
2023-08-02,318.0,318.39,310.65,312.400470379135,20461094
2023-08-03,309.93,315.9499,309.93,311.287274722539,15215422
2023-08-04,314.96,318.41,310.2,308.842219976802,17612762
2023-08-07,313.23,317.07,310.46,314.636800939261,16236504
2023-08-08,314.4,317.89,310.11,310.740616141175,15183532
2023-08-09,312.88,313.63,302.85,303.355755669294,19955783
2023-08-10,307.94,312.339,303.87,303.88253575679,14358897
2023-08-11,302.57,304.72,300.36,299.807444513895,14046250
2023-08-14,300.98,306.21,298.25,304.329801868815,15641921
2023-08-15,306.14,307.23,300.03,300.115561168846,11623613
2023-08-16,300.195,301.08,294.28,292.502098017485,18547741
2023-08-17,293.05,296.05,284.95,283.357990838305,23950089
2023-08-18,279.03,285.69,274.38,281.529169402469,35347925
2023-08-21,283.45,290.5,281.85,288.138768613507,20181475
2023-08-22,292.55,292.9,286.75,285.852741818712,12999913
2023-08-23,288.5,297.4,287.67,292.452401782815,18287001
2023-08-24,298.5,299.46,286.64,285.007905829331,18360882
2023-08-25,286.13,288.386,276.03,283.765499962595,23701443
2023-08-28,288.0,291.45,285.8,288.496581503127,14239285
2023-08-29,288.585,299.15,288.18,296.179619383025,20844522
2023-08-30,297.17,298.29,293.43,293.30717701913,17717024
2023-08-31,295.8,301.1,295.66,294.092377526907,17229865
2023-09-01,299.37,301.74,294.47,294.579400626668,12842257
2023-09-05,297.02,301.39,295.51,298.326496720745,14955989
2023-09-06,301.71,303.3,295.66,297.352450521224,15418092
2023-09-07,298.0,307.0499,292.22,296.855488174529,33748737
2023-09-08,299.22,305.25,296.78,296.080226913686,17572203
2023-09-11,301.41,309.04,301.28,305.691478698759,19489330
2023-09-12,306.33,308.6599,300.23,299.827323007763,13480400
2023-09-13,302.36,307.18,301.3206,303.206666965286,13210915
2023-09-14,306.74,312.87,305.03,309.826205423257,19343102
2023-09-15,311.61,312.0,298.75,298.485524671687,28131140
2023-09-18,298.19,303.6,297.8,300.711915984879,14234158
2023-09-19,302.48,306.17,299.81,303.21660621222,15931618
2023-09-20,305.05,308.06,299.43,297.849412867918,19379515
2023-09-21,295.7,300.2566,293.27,293.933349575965,21319582
2023-09-22,299.3,305.38,298.27,297.262997298819,25369592
2023-09-25,295.64,300.95,293.7,299.00236551225,18987014
2023-09-26,297.66,300.2999,296.0101,297.143726335612,19417161
2023-09-27,300.45,301.2997,286.79,295.931138209677,36429835
2023-09-28,298.935,306.3299,296.7,302.113349802558,22167075
2023-09-29,307.38,310.64,299.36,298.386132202348,25373695
2023-10-02,302.74,307.18,301.63,304.955974425651,16265571
2023-10-03,304.26,306.77,299.64,299.111697228523,17362250
2023-10-04,298.725,306.9,298.5,303.723507805848,16880484
2023-10-05,304.625,306.208,299.5,302.938307298071,19129957
2023-10-06,301.44,316.31,300.9148,313.513666035731,21803856
2023-10-09,312.5,320.33,311.82,316.425865387361,22503662
2023-10-10,319.12,324.66,318.16,319.884723320355,19037973
2023-10-11,323.005,328.835,322.95,325.828392986822,22036297
2023-10-12,328.0,330.54,322.69,322.190628609018,20530518
2023-10-13,323.53,325.0502,312.37,312.778161762623,21360790
2023-10-16,318.64,321.82,315.52,319.198915281917,16536114
2023-10-17,318.18,324.4,317.3,322.031600658076,16387799
2023-10-18,321.39,325.94,315.56,315.04431006355,16851003
2023-10-19,319.875,321.89,311.7504,310.909583339051,18709160
2023-10-20,314.14,315.3,306.47,306.774856614553,22312275
2023-10-23,309.5,317.36,307.26,312.102292971118,17796785
2023-10-24,316.78,318.35,310.63,310.65116291877,19525488
2023-10-25,310.0,310.88,298.84,297.710263410844,42192474
2023-10-26,295.0,295.0,279.403,286.598185338754,66684141
2023-10-27,294.48,299.31,292.97,294.927274269354,29596256
2023-10-30,299.09,309.3967,299.05,300.821247701152,28435053
2023-10-31,303.31,303.68,296.86,299.439692377341,19434168
2023-11-01,301.85,312.74,301.85,309.955415633398,20434580
2023-11-02,317.3,318.82,308.33,308.981369433877,21631820
2023-11-03,312.55,315.55,311.0167,312.688708540218,16764315
2023-11-06,315.98,318.33,314.45,313.881418172285,12887699
2023-11-07,317.06,321.0,315.12,316.88307074632,14055614
2023-11-08,318.14,321.33,314.88,317.837238451974,13609704
2023-11-09,319.418,324.1799,318.8,318.602560465883,16103071
2023-11-10,319.94,329.1,319.46,326.772621445542,19116921
2023-11-13,326.2,332.33,325.7,327.190069816765,16908948
2023-11-14,334.54,338.1,333.33,334.266813633696,17179403
2023-11-15,337.93,338.4,330.02,330.688684737495,14531180
2023-11-16,329.37,334.58,326.38,332.159693283711,18932572
2023-11-17,330.26,335.5,329.35,333.004529273092,14519213
2023-11-20,334.89,341.87,334.19,337.9045780115,16976129
2023-11-21,338.33,339.9015,335.9,334.932743178267,12027863
2023-11-22,339.21,342.92,338.58,339.415343545451,10715177
2023-11-24,340.13,341.8556,336.77,336.175149045003,5467488
2023-11-27,336.18,339.9,334.2,332.666594877339,15684454
2023-11-28,333.4,339.375,333.4,336.930531811979,12637245
2023-11-29,339.69,339.9,330.78,330.181783143866,16024497
2023-11-30,331.89,333.5,322.4037,325.162463442251,23146387
2023-12-01,325.48,326.86,320.76,322.846618906655,15276375
2023-12-04,317.29,320.86,313.66,318.075780378387,19037080
2023-12-05,318.98,321.88,315.39,316.356290658824,16952128
2023-12-06,321.93,322.25,317.04,315.521393916377,11264491
2023-12-07,317.77,328.24,317.77,324.605865613954,15905079
2023-12-08,323.09,333.17,323.0,330.728441725231,14087351
2023-12-11,329.4,329.89,319.995,323.303824265614,25802462
2023-12-12,324.6,334.47,324.56,332.189511024513,18485461
2023-12-13,333.93,338.37,332.64,332.706351865075,16353321
2023-12-14,333.85,334.7,328.6371,331.145890096454,19607335
2023-12-15,331.99,338.66,331.22,332.885258309885,31776852
2023-12-18,337.48,347.56,337.02,342.526327835759,18993852
2023-12-19,345.58,353.6,345.12,348.231455575813,17661395
2023-12-20,348.65,354.96,347.79,347.158016906953,16369850
2023-12-21,352.98,356.405,349.21,351.938794682154,15289556
2023-12-22,355.58,357.1999,351.22,351.243047396782,11772779
2023-12-26,354.99,356.98,353.45,352.674298955262,9898614
2023-12-27,356.07,359.0,355.31,355.65607303543,12708318
2023-12-28,359.7,361.9,357.81,356.14309613519,11798807
2023-12-29,358.99,360.0,351.82,351.809584472014,14987092
2024-01-02,351.32,353.16,340.01,344.186182073719,19042152
2024-01-03,344.98,347.95,343.175,342.377239131751,15451133
2024-01-04,344.5,348.1499,343.3987,345.011139569232,12099895
2024-01-05,346.99,353.5,346.2601,349.811795838302,13919573
2024-01-08,354.7,358.98,352.05,356.481030530943,13890222
2024-01-09,356.4,360.64,355.36,355.258503158074,13463871
2024-01-10,360.17,372.94,359.08,368.219281159868,22117206
2024-01-11,372.13,372.78,362.93,367.424141405157,17205385
2024-01-12,370.155,377.06,369.54,372.214858427293,19310046
2024-01-16,373.65,375.61,367.23,365.227567832767,15306885
2024-01-17,366.3,368.54,358.61,366.132039303751,12724779
2024-01-18,371.49,376.85,370.95,373.844894924451,16354332
2024-01-19,379.0,384.36,377.97,381.120423680059,21670806
2024-01-22,387.95,390.3525,381.1601,379.460569442099,17680454
2024-01-23,384.615,388.38,382.075,382.85979189349,15506096
2024-01-24,390.0,396.15,387.81,388.32637770713,15698460
2024-01-25,390.17,395.49,385.66,390.791310946735,15091080
2024-01-26,394.35,396.79,391.5908,391.745478652389,13159290
2024-01-29,394.985,402.93,393.1,398.583680542906,18742433
2024-01-30,403.59,406.36,399.57,397.629512837252,18614727
2024-01-31,389.0,398.0,387.1,387.769779878832,20180817
2024-02-01,393.94,400.5,393.05,392.381590456158,29727051
2024-02-02,459.6,485.96,453.01,472.104290112899,84707646
2024-02-05,469.88,471.9,459.22,456.618943389897,40832376
2024-02-06,464.0,467.12,453.0,451.957436577902,21655214
2024-02-07,458.0,471.52,456.1773,466.737096768598,23065994
2024-02-08,468.32,470.59,465.03,467.144605892888,18815097
2024-02-09,472.95,473.59,467.465,465.266088222382,18413137
2024-02-12,468.19,479.145,466.58,466.05128873016,19381963
2024-02-13,456.87,467.89,455.09,457.324629922203,20916602
2024-02-14,467.93,474.11,466.0901,470.404678887204,16858401
2024-02-15,475.28,488.62,472.22,481.089369341137,24212326
2024-02-16,478.11,478.96,469.21,470.444435874939,23324620
2024-02-20,469.715,476.18,466.56,468.883974106319,18015523
2024-02-21,466.5,469.0,461.79,465.683536593606,12977050
2024-02-22,480.24,489.99,476.0618,483.692792436915,21625805
2024-02-23,488.05,494.3599,482.3482,481.603320764487,18374286
2024-02-26,483.47,486.14,480.6,479.32480165503,12101415
2024-02-27,479.975,487.27,479.92,484.608180026741,10809595
2024-02-28,485.0,491.05,482.75,481.59337089938,12715486
2024-02-29,488.44,491.7,482.61,487.672738479636,17732045
2024-03-01,492.11,504.25,491.85,499.781724314612,15884882
2024-03-04,503.0,504.42,496.42,495.692329755717,12324141
2024-03-05,495.0,495.58,487.89,487.762287265597,15325299
2024-03-06,497.63,502.97,494.292,493.602858083289,11757925
2024-03-07,503.28,519.85,501.38,509.622140905239,18586437
2024-03-08,514.19,523.57,499.35,503.413425078595,18597059
2024-03-11,497.01,497.32,476.0,481.165526699788,19982445
2024-03-12,493.26,502.31,484.73,497.244508712378,15362157
2024-03-13,495.39,500.98,491.0318,493.085465097735,11937907
2024-03-14,500.255,501.35,488.16,489.364215547792,12571134
2024-03-15,489.01,491.83,481.3001,481.672969820235,29153576
2024-03-18,491.91,497.42,486.81,494.488396077794,11755251
2024-03-19,488.17,496.6296,481.28,493.752106059891,10903092
2024-03-20,499.5,508.1999,495.17,502.985580879002,11711100
2024-03-21,514.71,515.04,506.01,505.214350662926,9712549
2024-03-22,507.0,509.97,504.34,507.025226112364,8120593
2024-03-25,505.79,507.22,500.2411,500.498114602302,8380617
2024-03-26,505.13,510.0,495.2137,493.403860781153,11205382
2024-03-27,499.3,499.89,488.07,491.384038164472,9989676
2024-03-28,492.84,492.89,485.15,483.145549856041,15212764
2024-04-01,487.2,497.43,481.78,488.886622022665,9013459
2024-04-02,485.1,497.53,484.65,494.87644081696,10989041
2024-04-03,498.93,507.24,498.75,504.199464422032,12001199
2024-04-04,516.42,530.0,510.58,508.358508036675,26207031
2024-04-05,516.855,530.7,514.4099,524.696186542042,19178665
2024-04-08,529.28,531.4899,518.89,516.64674567064,13126009
2024-04-09,522.23,525.87,506.74,514.308527370542,10644177
2024-04-10,509.29,522.5599,505.8,517.223837846835,11418491
2024-04-11,521.11,523.86,517.29,520.537142927399,10369469
2024-04-12,517.75,520.1899,509.33,509.333594817141,11984535
2024-04-15,516.72,518.53,497.28,497.722102237505,13512893
2024-04-16,498.11,504.7699,497.11,497.254458577485,9847925
2024-04-17,503.1,503.16,487.14,491.692483982783,12193743
2024-04-18,499.82,512.21,499.04,499.284231059272,14808670
2024-04-19,502.8,502.8,475.73,478.658160692874,25215364
2024-04-22,489.715,492.01,473.4,479.314851789923,17271125
2024-04-23,491.25,498.76,488.97,493.612807948396,15079196
2024-04-24,508.06,510.0,484.58,491.025843020628,37772677
2024-04-25,421.4,445.77,414.5,439.167146083981,82890741
2024-04-26,441.46,446.44,431.96,441.06757031938,32691443
2024-04-29,439.56,439.76,428.56,430.451064250423,21502646
2024-04-30,431.05,439.6199,429.72,428.013347299257,18429496
2024-05-01,428.6,449.96,427.11,436.988125625592,20344947
2024-05-02,438.84,443.96,432.28,439.465642037185,15221322
2024-05-03,445.93,454.17,443.85,449.694103366976,16489057
2024-05-06,455.58,466.16,453.34,463.345318293507,15094627
2024-05-07,466.29,471.53,461.31,465.892483760848,13406816
2024-05-08,463.5,475.58,463.002,470.230624947414,11683929
2024-05-09,470.0,476.08,467.63,473.036486907531,9437651
2024-05-10,477.09,477.5,469.6,473.812576385862,10749999
2024-05-13,472.75,473.35,462.85,465.663636863392,14668798
2024-05-14,463.37,472.54,460.08,469.484385064404,10478553
2024-05-15,474.98,482.4999,471.2,479.125804352894,13100470
2024-05-16,475.0,477.69,472.75,470.857466449142,16608179
2024-05-17,470.83,472.8,468.42,469.544084255044,10807289
2024-05-20,469.95,473.2,467.04,466.489475667256,11745080
2024-05-21,467.12,470.7,462.27,462.300582457293,11742189
2024-05-22,467.87,473.7199,465.65,465.434789965936,10078611
2024-05-23,472.88,474.3581,461.54,463.444816944575,11747913
2024-05-24,467.62,479.8499,466.3,475.822449137436,12024254
2024-05-28,476.575,480.86,474.84,477.513926205592,10175770
2024-05-29,474.66,479.85,473.7,471.981801206211,9226218
2024-05-30,471.67,471.73,464.71,464.708449813139,10735226
2024-05-31,465.8,469.12,454.4601,464.489552780789,16919805
2024-06-03,470.86,479.6,468.24,475.096108984639,11279390
2024-06-04,477.0,478.89,473.2322,474.598615729299,7088718
2024-06-05,484.45,496.65,483.91,492.578021977289,15690484
2024-06-06,492.98,502.82,490.89,491.284539513404,10667339
2024-06-07,495.91,498.91,490.1701,490.48855030486,9380745
2024-06-10,493.86,502.66,493.41,500.080220267817,11236919
2024-06-11,500.16,507.6,498.27,504.925804574829,9673715
2024-06-12,513.99,514.01,504.47,506.28893609446,11983227
2024-06-13,505.71,509.36,501.36,501.572700033837,9954621
2024-06-14,502.65,507.15,500.75,502.129892479818,10243347
2024-06-17,501.67,510.75,496.01,504.589946499226,11266601
2024-06-18,504.56,506.0,495.02,497.478697228547,13060425
2024-06-20,502.0,503.67,496.77,499.679798193281,11801182
2024-06-21,503.45,503.45,492.39,492.787663045787,23130732
2024-06-24,499.2,507.8,494.29,496.901032721965,13525278
2024-06-25,497.05,510.71,495.5,508.54396044945,12109769
2024-06-26,506.645,513.81,504.6765,511.05381313322,8882337
2024-06-27,514.25,522.8799,513.9,517.467881102852,10121199
2024-06-28,517.15,521.88,503.84,502.18965087705,15855137
2024-07-01,504.95,506.58,493.17,502.647798589167,10328150
2024-07-02,500.76,510.5,499.45,507.448389833519,7739479
2024-07-03,506.37,511.28,506.02,507.906537545636,6005615
2024-07-05,511.6,540.87,511.6,537.735937497577,21354093
2024-07-08,542.35,542.81,526.65,527.188580386022,14917495
2024-07-09,533.75,537.48,528.1901,527.865842221325,8769088
2024-07-10,530.79,538.88,528.36,532.53695693834,10983276
2024-07-11,530.89,535.46,508.3733,510.635504352591,16458253
2024-07-12,497.755,508.09,494.23,496.861193790476,19750544
2024-07-15,498.63,506.6799,493.37,494.162106182137,12539163
2024-07-16,501.5,503.9499,485.79,487.817756342609,14075833
2024-07-17,479.17,479.17,459.12,460.12969895817,28076595
2024-07-18,475.0,479.2393,464.54,473.933888718901,19267160
2024-07-19,476.06,486.71,475.71,474.870103608879,15149416
2024-07-22,486.575,492.06,483.9,485.437380186177,12023088
2024-07-23,489.84,495.22,487.72,486.722185726678,9455527
2024-07-24,472.305,476.3,460.58,459.412598191379,17649738
2024-07-25,463.26,463.548,442.65,451.584248153908,18240489
2024-07-26,464.195,469.77,459.42,463.824759853719,14222388
2024-07-29,469.88,473.96,465.02,463.834719586591,11339630
2024-07-30,467.0,472.73,456.7,461.324866902822,11390439
2024-07-31,471.02,476.5,466.75,472.917995965947,24285777
2024-08-01,521.0,527.1709,492.1,495.735743975929,43083082
2024-08-02,489.0,501.145,476.15,486.174400418713,24044658
2024-08-05,451.345,483.48,450.8,473.814371924436,21396191
2024-08-06,479.0,502.56,478.65,492.100441477612,20954959
2024-08-07,503.13,510.15,486.86,486.951259582736,20105307
2024-08-08,497.5,509.96,494.72,507.577866360856,16156843
2024-08-09,507.71,518.34,505.7,515.685088918746,13696640
2024-08-12,516.86,518.02,509.1,513.872417536024,9767422
2024-08-13,520.01,531.4999,518.15,526.411721221999,13743839
2024-08-14,528.06,534.0,523.13,524.638888770765,11444189
2024-08-15,531.79,539.77,526.7,535.166326416575,13482141
2024-08-16,531.9,533.66,524.66,525.296231140323,14776684
2024-08-19,526.87,531.66,522.76,527.148741454534,9879713
2024-08-20,528.35,531.09,525.88,524.609009572148,7944391
2024-08-21,527.15,539.4,526.935,533.005064383329,13423292
2024-08-22,537.0,544.23,528.59,529.78807066564,15708292
2024-08-23,536.92,539.87,525.06,525.873895646905,11323936
2024-08-26,527.6,528.0,514.95,519.0215994309,9584002
2024-08-27,518.98,524.01,515.31,517.009733390736,6282720
2024-08-28,517.675,521.085,512.45,514.699075364408,9106077
2024-08-29,519.05,527.2,515.6789,516.133276897991,8317424
2024-08-30,521.35,523.54,515.2,519.21083435547,9157541
2024-09-03,519.64,525.49,508.6176,509.699289462614,12459113
2024-09-04,506.07,516.59,504.07,510.67534328408,8255543
2024-09-05,511.72,521.6295,511.15,514.778753227385,8640888
2024-09-06,521.88,524.5849,498.25,498.25555639257,14744521
2024-09-09,506.16,511.33,502.08,502.75735565076,11047828
2024-09-10,508.16,514.18,500.0278,502.75735565076,9899022
2024-09-11,507.01,513.12,495.6,509.769007592719,10782532
2024-09-12,517.05,526.71,515.22,523.483559757601,11993342
2024-09-13,520.34,527.581,517.11,522.507505936135,10321422
2024-09-16,524.54,534.1,517.4,531.630621246979,9527646
2024-09-17,537.6,542.1,530.57,534.656234312319,11690779
2024-09-18,537.065,544.2,533.9026,536.286177429891,10323537
2024-09-19,550.0,562.07,546.52,557.370762712245,15646951
2024-09-20,560.0,564.5,556.3001,559.613803699729,22066817
2024-09-23,569.5,573.9799,562.41,562.664339442708,12830669
2024-09-24,566.68,567.745,554.19,561.587679768716,12992956
2024-09-25,564.05,576.88,563.72,566.552277154348,16543350
2024-09-26,575.73,577.4,562.3501,566.08373081474,14400787
2024-09-27,570.1,570.8399,564.51,565.605215404077,9398367
2024-09-30,567.7,574.68,564.8,570.669503500264,12807206
2024-10-01,577.98,583.04,570.1,574.687039135625,15259274
2024-10-02,574.86,576.0,569.34,571.038359129317,6524650
2024-10-03,570.15,583.36,568.73,580.967553900581,11580980
2024-10-04,583.73,596.85,581.43,594.096820480657,14199788
2024-10-07,598.22,602.95,584.04,582.971337182734,12014198
2024-10-08,589.69,593.56,585.97,591.056253808734,7857377
2024-10-09,593.99,594.39,581.61,588.683614897528,9529707
2024-10-10,587.57,590.23,582.52,582.024275432463,7740449
2024-10-11,584.83,591.21,582.71,588.125346918421,8587051
2024-10-14,594.22,600.1,589.96,588.593893258028,8251971
2024-10-15,590.16,590.61,580.143,584.456728770002,9564236
2024-10-16,581.395,582.08,574.03,575.0060494094,11268384
2024-10-17,583.33,584.97,575.2,575.145616404177,8701158
2024-10-18,581.1,583.9675,575.25,574.687039135625,7694274
2024-10-21,576.03,577.2399,569.11,573.381090827356,8171879
2024-10-22,574.29,583.53,572.12,580.209904500364,8544463
2024-10-23,579.97,585.0,562.5,561.946566326713,14248419
2024-10-24,567.125,568.8799,561.52,566.023916388407,7184651
2024-10-25,573.935,581.29,571.72,571.476998255758,11337874
2024-10-28,582.0,583.7499,574.12,576.371812144002,10925131
2024-10-29,580.145,593.67,575.398,591.445047579898,13019092
2024-10-30,600.98,601.2,589.38,589.969625063685,26864925
2024-10-31,585.0,589.9,563.01,565.824534967297,26838395
2024-11-01,567.605,573.67,562.56,565.405833982967,15303235
2024-11-04,564.1,568.69,557.89,558.945875939012,12064601
2024-11-05,567.305,573.48,566.67,570.659534429208,9775379
2024-11-06,562.75,573.0,555.1679,570.2807097291,18305429
2024-11-07,576.89,594.7999,575.21,589.869934353131,14653708
2024-11-08,591.54,593.1,584.52,587.517233584036,9415699
2024-11-11,586.36,587.0,576.51,581.366316742801,10209051
2024-11-12,588.545,599.66,580.38,583.011213466956,16287724
2024-11-13,582.605,585.64,575.17,578.206121218212,10757583
2024-11-14,577.0,580.76,573.01,575.374905038453,11053743
2024-11-15,571.22,572.57,551.5,552.366289042391,17712864
2024-11-18,557.04,559.9,550.09,552.685299316166,14346715
2024-11-19,551.86,561.43,550.6,559.354607852287,9522445
2024-11-20,562.93,566.3499,554.2001,563.770906329867,9797339
2024-11-21,569.52,570.0,549.05,561.348422063384,11154749
2024-11-22,563.55,563.8273,554.59,557.410638996467,9164004
2024-11-25,562.1,572.5915,556.39,563.362174416592,13599830
2024-11-26,566.0,577.5,565.2,571.766101316367,10356550
2024-11-27,574.89,574.98,564.1001,567.439524478286,7200228
2024-11-29,569.0,578.46,566.9,572.543688858695,7130519
2024-12-02,577.5,594.5,575.57,590.996439382401,12522371
2024-12-03,595.0,614.2,591.2501,611.752045319923,14907164
2024-12-04,612.96,617.78,605.1,611.881643243645,14697006
2024-12-05,617.075,619.9,607.05,607.046643781734,8081212
2024-12-06,610.1,629.7899,608.53,621.840745228076,16935503
2024-12-09,623.925,626.4,606.1701,611.67229275148,11426015
2024-12-10,617.56,625.59,612.74,617.404508608384,10938854
2024-12-11,623.37,638.4,621.5349,630.723187538514,10837228
2024-12-12,631.5,636.6599,627.2094,628.839033109027,7474717
2024-12-13,627.22,631.08,616.886,618.431322927099,8453349
2024-12-16,629.975,631.15,618.58,622.807745120458,10885625
2024-12-17,626.17,632.37,616.54,618.018758229874,12897842
2024-12-18,621.0,627.36,596.32,595.819808580812,17075480
2024-12-19,610.39,611.52,595.0,594.20352550524,14958082
2024-12-20,590.58,603.11,580.0,583.907203690484,48989390
2024-12-23,589.6,601.09,586.25,598.473705482678,10205750
2024-12-24,602.715,607.99,599.2849,606.355579740097,4726056
2024-12-26,605.48,606.3,598.94,601.965675090395,6091239
2024-12-27,599.41,601.85,589.8,598.433797258589,8084229
2024-12-30,588.75,596.9399,585.58,589.883460247692,7025864
2024-12-31,592.265,593.97,583.85,584.166607147058,6019520
2025-01-02,589.72,604.91,587.82,597.865105065333,12682269
2025-01-03,604.76,609.5,596.4136,603.242738261217,11436784
2025-01-06,611.825,630.99,605.62,628.7540705096,14560754
2025-01-07,631.7,632.1011,608.23,616.472314546456,12071479
2025-01-08,613.395,616.4397,602.79,609.318765378646,10085846
2025-01-10,610.03,629.91,597.34,614.44697217398,19256564
2025-01-13,607.1,608.97,598.445,606.934248989376,10785031
2025-01-14,605.065,605.49,588.55,592.886554110329,13597992
2025-01-15,610.21,622.46,606.5,615.704081232758,15524302
2025-01-16,611.5,616.25,609.71,609.897434627925,8355349
2025-01-17,624.05,624.97,603.67,611.364061863166,17280600
2025-01-21,617.825,621.5,609.0082,615.045595535303,11674016
2025-01-22,623.3,633.7,619.435,622.069442974826,12274011
2025-01-23,627.36,636.6,621.15,634.989730523381,9910163
2025-01-24,636.4,652.0,634.2,646.004400371724,19065329
2025-01-27,626.61,663.87,625.1,658.365972783045,28399190
2025-01-28,666.0,682.58,659.465,672.782818734907,20950107
2025-01-29,675.0,681.0459,665.67,674.93786283567,21377820
2025-01-30,696.82,710.79,676.1,685.423748714844,29322898
2025-01-31,691.0,705.2999,685.58,687.598746927651,19331660
2025-02-03,675.91,704.0,675.25,695.859749313909,21415739
2025-02-04,702.5,707.71,691.61,702.574308016749,13826270
2025-02-05,703.55,718.14,699.01,703.252747826248,17793766
2025-02-06,705.88,718.9,703.5,710.356411713948,13080690
2025-02-07,716.795,725.01,711.75,712.880606887526,16427067
2025-02-10,718.56,721.2,711.33,715.753999021877,12904317
2025-02-11,713.32,723.66,710.04,718.148492467169,12997959
2025-02-12,715.3,727.1,712.6,723.715689727473,12016517
2025-02-13,721.5197,729.0,718.04,726.888393542485,12569064
2025-02-14,726.14,740.91,725.62,734.979785976367,16901249
2025-02-18,736.0,737.0,706.44,714.726362251606,21938703
2025-02-19,704.095,707.0,695.39,702.155271663823,17535480
2025-02-20,697.275,705.63,693.64,693.245760636132,12587408
2025-02-21,696.58,703.87,682.36,681.981664387237,15660355
2025-02-24,686.28,687.27,662.45,666.597044001236,15676994
2025-02-25,665.972,668.0,641.86,655.991433449797,20579662
2025-02-26,659.65,683.0078,658.0,672.154264205518,14488705
2025-02-27,682.45,688.6469,657.57,656.729735595428,12500013
2025-02-28,658.04,669.63,642.6017,666.66688339339,17534168
2025-03-03,673.675,681.25,650.8439,653.547054724394,10843763
2025-03-04,645.51,649.75,623.65,638.531585411209,21495208
2025-03-05,641.0,659.5,637.66,654.963796679525,13770026
2025-03-06,648.0,650.5625,624.11,626.489278792594,13446454
2025-03-07,625.37,634.79,600.61,624.224487075589,21375671
2025-03-10,608.07,610.11,586.87,596.617973062576,21395988
2025-03-11,595.055,614.934,593.33,604.320260311599,17401469
2025-03-12,629.9,633.33,609.35,618.138482902138,15746966
2025-03-13,620.245,620.5,586.51,589.284836886369,16480324
2025-03-14,602.805,608.86,594.78,606.729719340924,12364505
2025-03-17,607.46,613.1,598.0,604.033586618375,15473909
2025-03-18,600.05,600.25,574.66,581.52587122347,20297708
2025-03-19,584.28,592.3223,574.77,583.223436271001,20537498
2025-03-20,582.755,610.2,579.51,585.160657560536,24336505
2025-03-21,583.425,597.545,580.95,595.39597622947,25015864
2025-03-24,614.97,622.54,612.2001,617.963605684876,15741274
2025-03-25,626.76,633.88,621.18,625.41292054051,15312540
2025-03-26,624.89,626.7499,606.61,610.104878082485,12661891
2025-03-27,602.0,614.25,600.1,601.716909612334,10436524
2025-03-28,600.31,601.75,573.92,575.913920889869,17602823
2025-03-31,563.5,578.7,553.3,575.534465173362,21124677
2025-04-01,570.84,589.91,570.0,585.160657560536,12836574
2025-04-02,574.91,592.66,573.36,583.093622473249,13470778
2025-04-03,546.22,552.5596,530.3,530.858547393058,34777460
2025-04-04,506.62,518.0,494.2,504.007062611825,38589814
2025-04-07,485.1,539.37,481.9,515.510562228032,36606136
2025-04-08,543.25,547.43,502.86,509.718869712927,28034211
2025-04-09,509.265,587.89,502.11,584.930986995282,39216578
2025-04-10,575.49,581.3,535.3,545.507535185572,28173491
2025-04-11,535.505,547.4,528.5901,542.791431109523,17642327
2025-04-14,556.175,557.77,528.28,530.718747918556,14130928
2025-04-15,532.105,537.94,517.5,520.773013875376,15558659
2025-04-16,508.51,513.37,495.63,501.590528838281,18735075
2025-04-17,505.25,507.3,498.0133,500.761717668016,14593508
2025-04-21,491.325,493.5,479.8,483.965809374214,16165982
2025-04-22,491.87,506.88,486.36,499.563436457995,17399408
2025-04-23,528.525,535.3376,516.52,519.524804281604,18173910
2025-04-24,518.73,533.9,517.5,532.386355935835,13910011
2025-04-25,546.8,549.86,536.25,546.486131507089,17098921
2025-04-28,555.64,558.4899,540.59,548.952593664384,15178995
2025-04-29,546.0,556.5699,544.12,553.645861736968,11835036
2025-04-30,538.4,549.1,529.5,548.21365358487,29243971
2025-05-01,592.075,592.95,570.5,571.390409322038,31159033
2025-05-02,583.455,604.34,578.33,596.164873339234,24739260
2025-05-05,591.22,603.21,588.05,598.411650608024,13887724
2025-05-06,592.525,596.03,586.58,586.468781214809,10600650
2025-05-07,590.36,603.075,586.67,595.95517412748,13160976
2025-05-08,606.285,611.2959,596.62,597.153455337502,14622805
2025-05-09,603.72,606.97,591.7062,591.641361771402,10427286
2025-05-12,630.92,640.3896,621.03,638.514128436746,21965085
2025-05-13,645.545,660.92,642.83,655.090351842045,18570821
2025-05-14,661.21,662.67,654.31,658.415582199855,12348179
2025-05-15,654.275,657.31,638.58,642.957754590576,14341835
2025-05-16,637.955,640.44,626.15,639.422825021013,18518972
2025-05-19,628.25,643.0,627.8,639.512696111764,9592374
2025-05-20,636.01,639.3536,632.26,636.187465753954,6743473
2025-05-21,631.79,646.61,630.17,634.589757473926,11464569
2025-05-22,634.05,643.25,630.71,635.658224886195,8228443
2025-05-23,624.0,632.445,622.65,626.161846296774,8454067
2025-05-27,635.41,643.08,632.75,641.399989017548,9508367
2025-05-28,642.6,650.88,642.5472,642.658184288071,9042874
2025-05-29,651.645,653.32,639.5,644.126078770347,8883436
2025-05-30,642.5,649.4099,632.78,646.562583897391,16240951
2025-06-02,644.39,673.26,644.2616,669.939053169562,15766258
2025-06-03,671.445,675.58,665.03,665.894854085739,11585031
2025-06-04,669.32,689.0,668.57,686.964632028619,14031931
2025-06-05,691.66,694.38,682.25,683.639401670809,13120335
2025-06-06,696.17,702.806,691.87,696.710652536794,11727961
2025-06-09,698.46,705.19,693.94,693.065880522979,12773221
2025-06-10,701.345,703.23,691.56,701.393934932628,10850146
2025-06-11,703.705,708.8707,691.99,693.14576593698,9582508
2025-06-12,693.3,695.38,687.0,692.366883150466,7322730
2025-06-13,687.95,694.57,681.01,681.891908239527,9274441
2025-06-16,699.33,707.15,693.5103,701.638584013008,13720288
2025-06-17,702.0,705.97,696.06,696.751936893109,10066110
2025-06-18,698.18,701.59,694.9,695.292937957515,10068255
2025-06-20,700.75,701.8197,678.67,681.882139522127,22538640
2025-06-23,683.69,699.05,678.75,698.051045534391,11080055
2025-06-24,704.885,713.19,702.11,711.711672554641,13823180
2025-06-25,713.315,716.58,705.38,708.194086079785,9320436
2025-06-26,714.355,728.22,711.05,725.592148729569,13964793
2025-06-27,726.515,735.43,725.86,733.126978849004,18775735
2025-06-30,744.55,747.9,734.25,737.583920802941,15402105
2025-07-01,736.875,737.7499,715.37,718.726859217563,13431248
2025-07-02,715.325,720.3,712.8,713.080733199684,9336740
2025-07-03,726.61,729.03,714.42,718.517003206279,8601653
2025-07-07,717.6,727.0,713.51,717.857455742244,9457080
2025-07-08,721.57,722.9099,714.81,720.175865009762,7770693
2025-07-09,722.715,737.53,722.715,732.277561660474,11417963
2025-07-10,731.55,735.7999,719.6,726.741360219934,9922249
2025-07-11,722.495,725.16,709.7,717.018031697108,10873880
2025-07-14,717.6,728.0,716.547,720.425693594624,8939399
2025-07-15,723.9,724.4716,709.82,709.90291360024,11529511
2025-07-16,713.37,713.97,699.2701,702.428042341172,13067627
2025-07-17,704.39,705.9,697.105,700.929070832,11803264
2025-07-18,702.19,704.71,691.65,703.797102986215,12779752
2025-07-21,706.8,717.0,705.76,712.476148024318,9404391
2025-07-22,716.19,716.6,701.41,704.326739586122,8921064
2025-07-23,706.365,714.6285,704.93,713.090726343078,8771615
2025-07-24,717.05,723.6239,714.0,714.309889837205,10920836
2025-07-25,716.915,720.6499,711.9,712.191343437575,8271698
2025-07-28,715.2,724.7352,712.68,717.137949417842,8715743
2025-07-29,720.0,724.47,699.91,699.520037613379,13267032
2025-07-30,708.09,708.5,691.2001,694.733321927425,27077286
2025-07-31,775.2,784.75,765.51,772.909682702417,38831098
2025-08-01,760.73,765.9999,745.31,749.495747729158,19028710
2025-08-04,760.0,776.85,758.41,775.837673716999,15801727
2025-08-05,776.445,783.1299,763.0,762.936525594729,11640294
2025-08-06,770.0,773.64,760.4601,771.460676910218,9733910
2025-08-07,773.49,775.0,759.55,761.307643221429,9019691
2025-08-08,762.75,769.9,758.58,768.772521337103,7320755
2025-08-11,770.075,773.4584,764.67,765.344873152798,7611964
2025-08-12,773.0,793.67,772.43,789.45832816367,14579765
2025-08-13,791.15,795.4561,778.23,779.545129916349,8811750
2025-08-14,777.88,787.81,772.51,781.593724312217,8116193
2025-08-15,784.15,796.25,780.82,784.691598764505,13375361
2025-08-18,775.085,775.81,756.5601,766.843844661969,16513737
2025-08-19,767.12,767.17,749.36,750.964739808146,12286690
2025-08-20,747.57,750.1999,731.0,747.207317891822,11898190
2025-08-21,744.705,745.5,733.1101,738.593228285783,8876307
2025-08-22,739.23,756.9,734.39,754.272470271717,10612667
2025-08-25,754.82,758.88,750.13,752.78349190594,6861158
2025-08-26,750.8,754.87,747.94,753.582943377499,7601800
2025-08-27,752.3,754.1499,742.84,746.86755101641,8315435
2025-08-28,744.0,753.0548,740.795,750.59499350255,7467955
2025-08-29,745.28,747.14,735.3466,738.193502550004,9070546
2025-09-02,726.04,736.0,721.7306,734.605964071387,9350857
2025-09-03,736.0,740.25,733.9893,736.544633889916,7650495
2025-09-04,748.57,761.16,745.82,748.136680227509,11439078
2025-09-05,752.615,757.95,745.03,751.93407471741,9663441
2025-09-08,755.995,766.51,752.02,751.784177566493,13087816
2025-09-09,757.49,766.3,753.43,765.174989715092,10999026
2025-09-10,765.13,765.7,751.0,751.46439697787,12478276
2025-09-11,754.65,757.1,748.37,750.385137491266,7923284
2025-09-12,748.725,757.5703,743.76,755.071921743276,8248557
2025-09-15,757.47,774.07,751.985,764.175675375644,10533780
2025-09-16,767.0,781.36,765.1,778.465870429746,11782482
2025-09-17,779.99,783.29,766.31,775.18312282466,9400867
2025-09-18,780.75,788.78,773.36,779.715013354055,10954950
2025-09-19,786.42,790.8,769.1901,777.846295539288,23696824
2025-09-22,781.845,785.73,764.47,765.16,11706946
2025-09-23,769.25,770.6,751.07,755.4,10872592
2025-09-24,757.5,761.11,752.5251,760.66,8828227
2025-09-25,753.45,756.765,744.55,748.91,10591065
2025-09-26,750.0,751.9299,737.3532,743.75,9696338
2025-09-29,748.72,750.78,739.15,743.4,9246768
2025-09-30,742.25,742.97,726.3,734.38,16226750
2025-10-01,721.49,721.8499,710.2,717.34,20419633
2025-10-02,722.58,727.77,718.14,727.05,11415271
2025-10-03,729.625,731.0,710.18,710.56,16154305
2025-10-06,705.185,716.88,690.51,715.66,21654738
2025-10-07,717.72,718.4999,705.75,713.08,12062928
2025-10-08,713.45,719.65,707.81,717.84,10790571
2025-10-09,718.275,733.51,712.44,733.51,12717172
2025-10-10,730.92,735.27,704.51,705.3,16980091
2025-10-13,713.01,719.94,707.6413,715.7,9251796
2025-10-14,707.78,715.55,699.33,708.65,8829757
2025-10-15,717.06,723.9,709.51,717.55,10246766
2025-10-16,717.55,725.49,703.88,712.07,9017010
2025-10-17,707.075,718.54,706.12,716.915,12232441
2025-10-20,721.19,733.77,720.18,732.17,8900204
2025-10-21,736.015,738.5,728.75,733.27,7647269
2025-10-22,733.83,740.6,724.03,733.41,8734491
2025-10-23,734.7,742.41,733.1,734.0,9855974
2025-10-24,736.79,741.21,731.15,738.36,9151267
2025-10-27,749.73,755.75,748.01,750.82,11321080
2025-10-28,752.63,758.4,745.5201,751.44,12193818
2025-10-29,754.75,759.155,742.51,751.67,26818592
2025-10-30,669.15,680.9599,650.17,666.47,88440094
2025-10-31,674.51,674.89,645.57,648.35,56953169
2025-11-03,656.0,659.3299,636.18,637.71,33003599
2025-11-04,628.035,641.7399,626.01,627.32,27356553
2025-11-05,632.31,642.23,626.5375,635.95,20082909
2025-11-06,635.85,636.0,618.0,618.94,23628750
2025-11-07,616.485,622.1348,601.2,621.71,29946826
2025-11-10,631.09,635.0,618.105,631.76,19245000
2025-11-11,628.0,629.56,619.39,627.08,13302187
2025-11-12,628.13,628.99,607.77,609.01,24493272
2025-11-13,613.07,617.65,603.0,609.89,20973845
2025-11-14,601.79,613.68,595.2,609.46,20724146
2025-11-17,609.035,611.69,595.4,602.01,16501331
2025-11-18,591.6,603.66,583.78,597.69,25500647
2025-11-19,593.715,595.33,581.25,590.32,24744703
2025-11-20,603.5,606.72,583.35,589.15,20603024
2025-11-21,588.5,598.12,581.86,594.25,21052624
2025-11-24,598.72,616.7,597.6301,613.05,23554932
2025-11-25,624.0,637.045,618.3,636.22,25212978
2025-11-26,637.69,638.36,631.63,633.61,15209481
2025-11-28,636.075,648.05,635.5,647.95,11033198
