Date,Open,High,Low,Close,Volume
2018-01-02,140.9,146.14,139.89,5.80589084439243,3822347
2018-01-03,146.43,150.66,146.41,5.97587955740364,3550961
2018-01-04,151.87,152.41,150.46,6.01091236008511,2917721
2018-01-05,153.1,155.88,152.31,6.19244597397999,3432528
2018-01-08,155.53,157.6,155.38,6.26131727925152,3010502
2018-01-09,158.24,158.77,156.0,6.26609447961717,4340432
2018-01-10,155.21,156.34,153.21,6.22150727620439,3993859
2018-01-11,157.07,159.41,156.34,6.34611258574189,3118287
2018-01-12,158.87,163.41,158.42,6.48067039604117,3731727
2018-01-16,166.08,168.67,160.08,6.43050979220179,6875853
2018-01-17,163.68,167.45,161.47,6.63314270771165,3442687
2018-01-18,165.89,167.89,164.71,6.63951230819919,3933059
2018-01-19,168.21,169.1,165.85,6.70320831307458,3539544
2018-01-22,167.98,173.64,167.55,6.91260892910245,4327627
2018-01-23,175.31,178.47,175.04,7.08777294250979,5389328
2018-01-24,179.01,180.26,171.45,6.94405883150968,8711384
2018-01-25,178.07,178.2,172.57,6.93530063083931,5554234
2018-01-26,177.0,181.99,176.08,7.24502245454593,4434920
2018-01-29,180.91,182.14,178.41,7.14908034720236,5514511
2018-01-30,174.58,177.35,172.28,6.96635243321607,5521138
2018-01-31,178.05,179.06,174.0,7.05234203979785,4624888
2018-02-01,173.23,178.2,170.88,6.8759837262991,5332003
2018-02-02,170.79,171.83,161.91,6.45598819415195,7924375
2018-02-05,157.75,165.64,142.61,5.7107449371098,9609473
2018-02-06,136.82,155.0,135.03,6.15104357081099,9974281
2018-02-07,153.06,157.99,148.4,5.90780445219306,7337994
2018-02-08,149.93,150.14,130.0,5.17569849615647,9016879
2018-02-09,135.2,139.15,121.2,5.41933571480486,13347725
2018-02-12,140.78,146.39,137.23,5.72268793802394,7294008
2018-02-13,141.23,146.6,140.37,5.79235544335641,4502291
2018-02-14,143.32,154.62,143.17,6.1315366693179,7004784
2018-02-15,158.0,162.28,153.18,6.45200719384724,7932293
2018-02-16,160.89,165.47,159.35,6.37995108833194,7106418
2018-02-20,158.42,165.24,158.27,6.41179909076964,6077938
2018-02-21,163.37,168.21,159.5,6.35407458635131,7394903
2018-02-22,161.93,164.35,158.42,6.35526888644273,6941778
2018-02-23,163.26,169.26,161.54,6.73386201542087,5948676
2018-02-26,171.81,176.02,171.44,7.00417193611083,5581274
2018-02-27,176.25,177.19,169.42,6.75336891691396,7221190
2018-02-28,172.47,174.15,166.06,6.61761680652327,6375632
2018-03-01,166.6,168.82,153.68,6.29913678214628,10496492
2018-03-02,152.68,163.34,150.78,6.47231029540127,8058327
2018-03-05,160.29,169.12,158.36,6.6753413109416,6203413
2018-03-06,170.18,171.69,166.8,6.7597385174015,5919238
2018-03-07,166.09,171.5,165.22,6.81029722127134,5573515
2018-03-08,172.98,174.22,171.11,6.91181272904151,4798668
2018-03-09,177.56,183.73,176.78,7.31429185984792,6139464
2018-03-12,185.5,188.17,184.34,7.42376936822751,5528332
2018-03-13,185.5,188.17,177.86,7.15425564759849,7595531
2018-03-14,181.98,182.53,176.8,7.12997154573974,5567565
2018-03-15,179.64,181.81,176.64,7.09812354330204,4620701
2018-03-16,179.32,180.68,176.8,7.05114773970644,3261198
2018-03-19,172.49,172.49,161.07,6.60846050582243,8092955
2018-03-20,166.04,168.4,164.17,6.65702870953992,3841364
2018-03-21,166.0,170.6,162.74,6.56068850216588,5520747
2018-03-22,158.4,161.6,152.2,6.08137606547852,8578349
2018-03-23,152.2,153.5,140.42,5.59012062787702,9066552
2018-03-26,149.0,156.84,142.38,6.21911867602157,7645958
2018-03-27,159.89,159.89,137.17,5.62276483037566,11400622
2018-03-28,138.77,142.82,133.0,5.42889011553617,10095392
2018-03-29,138.44,147.7,134.53,5.72945563854195,8211423
2018-04-02,140.52,142.5,126.77,5.22068379959972,10206384
2018-04-03,134.75,137.2,128.39,5.39584781300706,9241864
2018-04-04,127.63,143.18,127.2,5.65102993253912,9030399
2018-04-05,146.18,146.75,141.16,5.7398062393342,7639833
2018-04-06,139.69,143.82,131.42,5.31145060654716,9678800
2018-04-09,136.94,144.26,135.55,5.41774331468298,7328849
2018-04-10,142.45,146.55,139.64,5.77563524207662,8150022
2018-04-11,142.6,147.37,142.21,5.67849883464163,5976698
2018-04-12,145.5,149.25,144.99,5.87754884987725,5948602
2018-04-13,150.01,150.64,143.66,5.79036494320405,5936852
2018-04-16,148.42,150.39,145.78,5.91815505298532,4929090
2018-04-17,153.12,159.32,152.35,6.29674818196346,5172795
2018-04-18,158.4,160.95,156.1,6.34053918531529,4920395
2018-04-19,156.97,157.98,153.25,6.16816187212125,5375755
2018-04-20,153.75,154.0,145.9,5.87237354948112,5867209
2018-04-23,149.56,151.32,144.0,5.82619394594646,5138898
2018-04-24,148.28,149.09,134.16,5.4547666175168,8875848
2018-04-25,137.68,139.2,131.88,5.47626401916225,8784039
2018-04-26,142.79,147.5,141.42,5.81584334515421,5916430
2018-04-27,152.48,152.65,143.92,5.82937874619023,6869138
2018-04-30,147.41,150.1,142.13,5.70517153668321,6713503
2018-05-01,142.06,148.16,141.13,5.8906861508828,4874052
2018-05-02,148.95,150.25,145.0,5.78797634302122,5985474
2018-05-03,143.45,146.99,138.45,5.7883744430517,8169737
2018-05-04,143.56,154.65,143.18,6.11402026797716,7747200
2018-05-07,155.86,158.93,155.38,6.25932677909916,5794265
2018-05-08,156.39,157.94,153.51,6.23862557751466,5279773
2018-05-09,157.8,162.35,156.1,6.44762809351205,4791513
2018-05-10,163.5,167.34,163.14,6.64827050886955,4958628
2018-05-11,166.15,167.62,164.3,6.62836550734599,4987421
2018-05-14,167.55,170.49,166.5,6.65782490960086,4549292
2018-05-15,163.26,163.54,159.14,6.44245279311593,7271735
2018-05-16,162.2,166.0,162.16,6.56108660219635,3738034
2018-05-17,163.13,166.69,160.53,6.4870399965287,4300796
2018-05-18,161.09,162.7,159.68,6.38313588857571,3561106
2018-05-21,164.02,166.23,161.0,6.49460389710766,4870542
2018-05-22,165.23,166.1,161.58,6.4607653945176,4039325
2018-05-23,158.7,166.47,158.54,6.62319020694987,5126893
2018-05-24,55.44,55.71,53.74,6.61762342414008,8888843
2018-05-25,55.43,56.16,55.07,6.63434364214007,7885240
2018-05-29,54.79,55.78,53.83,6.54954825085439,11806353
2018-05-30,55.4,56.28,55.05,6.6892815012829,8850830
2018-05-31,55.93,56.98,55.44,6.67494988585434,10132070
2018-06-01,56.65,58.58,56.65,6.98546822013992,9646358
2018-06-04,58.9,60.1,58.82,7.16461341299699,8006189
2018-06-05,60.47,60.91,59.81,7.23866009271124,6987462
2018-06-06,60.8,61.66,59.88,7.35809022128262,7203467
2018-06-07,61.69,61.72,59.23,7.18730513742555,9806477
2018-06-08,59.23,60.4,58.83,7.18252793228269,6165057
2018-06-11,59.99,61.06,59.96,7.23866009271124,5104491
2018-06-12,60.86,61.73,60.67,7.35331301613977,5980970
2018-06-13,61.8,62.93,61.14,7.34495290713977,9030895
2018-06-14,62.38,63.66,62.21,7.56828724756825,11306592
2018-06-15,62.64,63.09,61.8,7.49304626656828,9711239
2018-06-18,61.5,62.75,60.92,7.47632604856829,8590830
2018-06-19,60.19,62.06,59.62,7.40944517656831,13454226
2018-06-20,62.86,64.13,62.73,7.56470434371111,9955642
2018-06-21,63.78,63.99,61.33,7.36883893285405,12785063
2018-06-22,62.32,62.38,60.61,7.29479225313979,7778377
2018-06-25,59.62,59.87,55.49,6.82901475171141,21413262
2018-06-26,57.73,58.78,57.1,6.90425573271138,11770714
2018-06-27,58.54,59.32,55.32,6.62717783442579,16479812
2018-06-28,55.22,57.41,54.87,6.78960280928286,13912544
2018-06-29,57.67,58.56,57.06,6.82065464271142,9816950
2018-07-02,55.66,58.46,55.28,6.97352520728278,10412095
2018-07-03,59.02,59.08,56.23,6.73347064885431,7053195
2018-07-05,57.49,58.59,56.59,6.98069101499707,8202839
2018-07-06,58.81,61.29,58.52,7.29479225313979,9376455
2018-07-09,62.08,62.85,61.39,7.49782347171113,9047168
2018-07-10,63.05,63.35,62.28,7.51573799099684,8348007
2018-07-11,61.5,62.66,61.29,7.40586227271117,9978679
2018-07-12,62.77,65.12,62.64,7.77131846613959,10168988
2018-07-13,65.08,65.63,64.59,7.79401019056815,8488237
2018-07-16,65.31,65.66,64.48,7.74146093399674,6944968
2018-07-17,62.8,66.4,62.78,7.8847770882824,9449214
2018-07-18,66.0,66.19,65.0,7.83461643428242,5817249
2018-07-19,64.96,65.56,64.38,7.71876920956818,9609281
2018-07-20,65.16,65.83,64.33,7.70802049799676,7200858
2018-07-23,63.97,65.23,63.2,7.77490136999673,7878351
2018-07-24,67.15,67.85,65.15,7.87402837671098,11883291
2018-07-25,66.02,68.81,65.97,8.20246123028227,9824643
2018-07-26,65.92,66.54,65.31,7.84417084456813,13986023
2018-07-27,66.84,66.9,61.78,7.51693229228255,14762318
2018-07-30,62.95,63.01,59.32,7.19327664385412,12600739
2018-07-31,60.87,62.29,59.91,7.33659279813977,11963969
2018-08-01,62.0,62.83,61.24,7.43691410613973,8662682
2018-08-02,60.9,65.0,60.84,7.73310082499675,11530328
2018-08-03,65.09,65.39,64.3,7.80237029956815,9016733
2018-08-06,65.25,66.57,64.99,7.9456864538538,8508476
2018-08-07,67.05,67.6,66.65,8.0233160374252,8996293
2018-08-08,66.96,67.85,66.4,8.04481346056805,7934639
2018-08-09,67.3,68.1,67.02,8.03764765285376,6816286
2018-08-10,65.96,66.55,65.02,7.8501423509967,10703345
2018-08-13,66.09,67.37,65.45,7.82745062656814,11584299
2018-08-14,66.26,66.99,65.23,7.97196108213951,7590888
2018-08-15,65.24,65.8,63.08,7.68174586971106,14482151
2018-08-16,65.74,66.15,64.53,7.75220964556817,8142796
2018-08-17,64.39,65.42,63.21,7.75101534428246,8782801
2018-08-20,65.37,65.43,64.0,7.73548942756818,8432693
2018-08-21,65.34,66.62,65.21,7.815507613711,8383674
2018-08-22,65.0,66.42,64.79,7.90627451142525,7914217
2018-08-23,65.87,67.26,65.57,7.86686256899669,8891738
2018-08-24,66.57,67.87,66.5,8.08541970428232,7994579
2018-08-27,68.79,69.75,68.42,8.32905716656793,9106363
2018-08-28,70.32,70.57,69.64,8.36608050642505,8153140
2018-08-29,70.41,72.6,70.35,8.65868432142493,8216921
2018-08-30,72.06,73.36,71.35,8.60971796871067,10982904
2018-08-31,71.82,72.95,71.57,8.63479829571066,7897533
2018-09-04,71.67,72.03,70.23,8.53208838513927,10026165
2018-09-05,71.0,71.03,67.92,8.19290681999655,13466159
2018-09-06,68.72,68.93,65.38,7.96957247956808,14438134
2018-09-07,65.36,67.69,65.22,7.89074859471097,9626154
2018-09-10,67.09,67.22,65.53,7.96001806928237,6931137
2018-09-11,65.77,68.48,65.3,8.13677465956801,8815322
2018-09-12,67.85,67.99,65.79,8.0663108837109,11032685
2018-09-13,68.7,70.02,68.67,8.30517114085365,9334534
2018-09-14,69.79,70.14,68.21,8.24187317271082,9585986
2018-09-17,68.62,68.83,65.86,7.89433149856811,9102892
2018-09-18,66.24,68.65,66.14,8.08183680042517,9094758
2018-09-19,67.7,68.18,66.19,8.06392228113947,7370257
2018-09-20,68.82,69.98,68.36,8.31711415371079,7835429
2018-09-21,70.26,70.58,68.31,8.18454671099656,7535150
2018-09-24,67.11,69.19,66.24,8.25501048685367,6609358
2018-09-25,68.99,69.53,68.31,8.28845092285366,5407408
2018-09-26,69.46,71.47,69.11,8.28009081385366,8865013
2018-09-27,70.36,71.98,70.23,8.50939666071071,7315656
2018-09-28,70.64,71.75,70.28,8.49625934656786,7732226
2018-10-01,72.5,73.17,71.08,8.54522569928212,8529042
2018-10-02,71.36,72.76,70.64,8.49625934656786,8098440
2018-10-03,72.01,72.5,71.03,8.52133967356785,8321158
2018-10-04,70.5,70.58,65.7,8.03525905028234,18861210
2018-10-05,67.2,67.83,62.82,7.73310082499675,16615502
2018-10-08,63.84,65.25,61.24,7.59456187585395,14919210
2018-10-09,63.67,65.6,63.19,7.65308263885393,13036217
2018-10-10,62.99,63.06,55.44,6.66061827042577,30356976
2018-10-11,55.01,57.25,51.83,6.39070617985446,27804042
2018-10-12,57.78,58.52,54.8,6.93053036099709,21060997
2018-10-15,57.46,57.71,55.25,6.66897837942577,19966884
2018-10-16,57.64,61.17,57.35,7.2434372978541,15558342
2018-10-17,61.68,61.78,58.95,7.26732332356837,16265104
2018-10-18,60.06,60.13,55.81,6.76332818099716,19543638
2018-10-19,57.79,59.39,55.79,6.73585925142574,16854566
2018-10-22,57.41,58.58,55.97,6.83737486071141,14365782
2018-10-23,54.19,57.48,52.23,6.76213387971144,22097686
2018-10-24,56.41,56.7,48.68,5.84252188971183,25605338
2018-10-25,51.09,54.77,50.43,6.44206113514015,19009246
2018-10-26,48.4,52.83,47.48,5.94164889642607,30595156
2018-10-29,51.98,52.6,43.84,5.62396475442621,27245158
2018-10-30,46.24,49.05,45.57,5.84132758842612,23108199
2018-10-31,51.25,53.66,51.25,6.23544701271166,22519714
2018-11-01,52.67,54.62,51.44,6.50774770585441,15758272
2018-11-02,53.95,54.93,50.8,6.21633819214024,21794668
2018-11-05,52.08,52.14,49.76,6.15542882656884,12825080
2018-11-06,51.41,53.53,51.27,6.28560766671164,13932659
2018-11-07,54.51,57.56,54.17,6.86364948899711,17318969
2018-11-08,56.79,57.32,55.66,6.74660796299716,14690596
2018-11-09,54.92,55.28,52.29,6.40384349399731,17092417
2018-11-12,52.5,52.79,48.59,5.84132758842612,19295903
2018-11-13,49.47,51.5,48.44,5.83893898585469,19306833
2018-11-14,50.28,50.82,46.88,5.69084562642618,19515471
2018-11-15,47.39,50.61,46.21,5.99539245428319,21227086
2018-11-16,48.76,50.4,48.12,5.92970588356894,16790601
2018-11-19,48.92,49.15,44.4,5.36121847156917,23311510
2018-11-20,41.72,44.24,40.7,5.06383745142644,25373850
2018-11-21,44.03,44.62,43.12,5.17729607356925,14389398
2018-11-23,42.28,43.72,42.25,5.06264315014073,7109990
2018-11-26,44.18,45.38,43.62,5.41018482428344,14995630
2018-11-27,44.62,46.12,43.89,5.46631698471199,15020436
2018-11-28,46.8,50.16,46.0,5.98464374271177,24383088
2018-11-29,49.52,50.67,48.48,5.92970588356894,16130617
2018-11-30,49.84,50.84,49.13,6.05391321728317,14570400
2018-12-03,54.08,54.3,52.25,6.36443155156875,18667935
2018-12-04,52.55,52.99,47.07,5.66457099814048,26262028
2018-12-06,44.41,48.22,43.83,5.74697778685473,24519485
2018-12-07,47.6,48.42,43.0,5.18446188128353,27873431
2018-12-10,43.16,45.36,41.82,5.34688685614061,22058623
2018-12-11,46.93,47.0,44.09,5.40421331785487,21520378
2018-12-12,47.22,48.53,46.37,5.54036366442624,21181437
2018-12-13,47.3,47.89,45.52,5.54155796571196,20590636
2018-12-14,44.89,45.33,42.71,5.12355251571213,19522152
2018-12-17,42.47,43.49,39.09,4.79273105956941,25074145
2018-12-18,41.08,42.01,39.77,4.87274924571224,19736671
2018-12-19,40.71,42.59,36.88,4.52043036642667,38482805
2018-12-20,37.47,38.78,34.73,4.33889657099818,40102291
2018-12-21,36.65,37.41,32.21,3.91969681971264,46129270
2018-12-24,32.0,33.29,30.32,3.62948160728419,21950073
2018-12-26,31.3,35.94,30.64,4.2876348906429,47279436
2018-12-27,34.6,36.4,32.12,4.34861352405695,42729306
2018-12-28,37.0,38.11,35.3667,4.33067863187635,38105333
2018-12-31,37.36,37.68,36.05,4.42872270913031,27120801
2019-01-02,34.78,38.23,34.73,4.49209266150178,33958185
2019-01-03,35.98,36.41,33.63,4.05687261125247,41313798
2019-01-04,35.55,38.76,35.17,4.57578882501126,34120498
2019-01-07,38.47,40.15,38.13,4.7216592814135,26638287
2019-01-08,40.69,41.11,38.9,4.85796446198608,26452751
2019-01-09,41.12,42.17,40.6,4.97274777194195,22262297
2019-01-10,40.64,42.03,39.96,5.02057415109022,21891445
2019-01-11,41.24,41.63,40.81,4.96079117715488,15100571
2019-01-14,40.43,40.94,39.86,4.83165995345453,13922866
2019-01-15,40.94,42.92,40.86,5.09948767668487,18139207
2019-01-16,42.97,43.86,42.68,5.10666163355712,16986559
2019-01-17,42.3,44.27,42.06,5.2262275814278,17755005
2019-01-18,44.72,45.61,43.85,5.36970671887263,20863365
2019-01-22,44.01,44.08,41.32,5.07318316815332,22716819
2019-01-23,42.95,43.5,41.02,5.07796580606815,20761698
2019-01-24,42.82,43.42,42.34,5.16764026697117,16012913
2019-01-25,44.26,45.17,43.82,5.35177182669203,17439235
2019-01-28,43.01,43.11,42.01,5.15448801270539,17544931
2019-01-29,43.19,43.21,41.43,5.00861755630315,15316348
2019-01-30,43.3,45.52,42.89,5.38405463261711,21978008
2019-01-31,45.82,47.72,45.68,5.62079520940108,20071910
2019-02-01,46.34,47.42,46.06,5.54905564067866,17695206
2019-02-04,46.47,48.16,46.34,5.75231775205884,13872068
2019-02-05,48.37,49.6,48.3,5.90416650585461,16114645
2019-02-06,49.48,49.73,48.32,5.85753578618504,18177501
2019-02-07,47.67,48.03,45.89,5.61840389044366,26224175
2019-02-08,45.71,47.25,45.6,5.64709971793263,18090252
2019-02-11,47.77,48.11,46.76,5.63394746366685,15149632
2019-02-12,48.13,49.39,47.89,5.87786199732306,16028266
2019-02-13,49.86,50.28,49.12,5.88981859211013,15951244
2019-02-14,48.7,49.95,48.22,5.91134046272685,19171225
2019-02-15,50.51,50.52,49.36,5.98188437197056,17811976
2019-02-19,49.56,50.79,49.56,6.01775415633176,12946554
2019-02-20,50.45,51.03,49.49,6.01297151841694,21383182
2019-02-21,49.87,50.2857,48.93,5.94481892813064,16061696
2019-02-22,50.06,50.92,49.97,6.07395015183099,14954704
2019-02-25,52.01,52.38,51.26,6.14090708263857,15512806
2019-02-26,50.96,52.0,50.72,6.16003763429788,13169624
2019-02-27,50.83,51.58,49.79,6.14090708263857,14480522
2019-02-28,50.91,51.58,50.6,6.10264597931995,11507878
2019-03-01,52.12,52.29,51.02,6.22460324614806,17519585
2019-03-04,52.97,53.33,50.35,6.22579890562676,26635996
2019-03-05,52.18,52.68,51.42,6.24134247884995,12543646
2019-03-06,52.33,52.38,51.06,6.13373312576633,15433617
2019-03-07,50.88,50.94,48.83,5.91014480324814,21163342
2019-03-08,47.74,49.22,47.56,5.87666633784435,21867076
2019-03-11,49.73,52.31,49.73,6.24373379780737,16058512
2019-03-12,52.63,53.47,52.25,6.34536485349745,18950787
2019-03-13,53.87,55.09,53.66,6.48286569354874,18141195
2019-03-14,54.32,54.52,53.9,6.45416986605978,11930361
2019-03-15,54.61,55.94,54.46,6.6143882362065,17355735
2019-03-18,55.37,56.34,55.04,6.67417121014185,18624254
2019-03-19,56.54,57.28,55.69,6.74112814094943,20547632
2019-03-20,56.35,58.05,55.59,6.81887805073941,22940324
2019-03-21,56.48,59.9,56.45,7.13464437338372,18994668
2019-03-22,58.87,59.35,55.54,6.66817139675008,33450156
2019-03-25,55.06,55.97,54.18,6.6263084373086,26296221
2019-03-26,56.69,57.68,55.31,6.71721086352438,21984015
2019-03-27,56.39,56.78,53.85,6.58564156242259,22101289
2019-03-28,55.47,56.03,54.43,6.62750452186407,16054661
2019-03-29,56.63,56.82,55.68,6.77701509129793,15872512
2019-04-01,58.3,59.1,57.7,7.04374194716793,15295618
2019-04-02,59.09,59.72,58.63,7.12148744327354,13341109
2019-04-03,60.54,61.69,60.01,7.24468415248704,18952081
2019-04-04,60.58,61.28,59.43,7.2339193914878,17952572
2019-04-05,61.06,61.5,60.78,7.34276308603565,13081847
2019-04-08,61.08,61.99,60.36,7.40017514469825,12932533
2019-04-09,61.24,61.83,60.8,7.31884139492623,13015234
2019-04-10,61.46,62.22,61.23,7.43725376591785,12405461
2019-04-11,62.41,62.43,61.36,7.38103779181072,13971316
2019-04-12,62.5,62.6,61.73,7.4719402180265,11903472
2019-04-15,62.47,62.72,61.26,7.47792064080386,10421157
2019-04-16,63.15,63.55,62.59,7.55088179868758,11785911
2019-04-17,64.36,64.56,63.21,7.62623512568224,14302814
2019-04-18,64.08,64.11,62.87,7.65015681679166,11487883
2019-04-22,63.15,64.59,63.0,7.71474538278709,9469572
2019-04-23,65.01,67.2,64.73,8.00778609887745,13119269
2019-04-24,67.1,67.38,66.27,7.93004060277184,11884449
2019-04-25,67.77,67.85,66.03,8.01855085987669,14961324
2019-04-26,66.81,67.3,65.1,8.04725688920799,13814569
2019-04-29,67.26,67.97,66.94,8.09031593320494,10474710
2019-04-30,66.0,66.41,64.67,7.90492282710696,15949372
2019-05-01,67.32,67.91,65.26,7.81402040089117,15739535
2019-05-02,65.35,66.33,63.25,7.7183336364535,17661058
2019-05-03,66.14,67.75,65.79,8.08194334131664,13611194
2019-05-06,63.31,66.62,62.96,7.93721711010467,20214440
2019-05-07,64.21,65.02,60.64,7.47552847169291,29691174
2019-05-08,61.87,63.39,61.19,7.40974382114202,20154732
2019-05-09,59.96,61.59,58.27,7.29252753470587,27552203
2019-05-10,60.24,62.03,57.24,7.31286097214888,28482316
2019-05-13,56.48,57.43,54.27,6.55693553309129,29365108
2019-05-14,55.62,57.58,55.03,6.76266207663228,17523990
2019-05-15,55.46,59.39,55.39,7.04374194716793,22020049
2019-05-16,59.0,61.82,58.81,7.26382150537457,21753264
2019-05-17,58.89,61.34,58.67,7.03776152439058,22813769
2019-05-20,56.38,57.03,55.25,6.68491658052667,23046089
2019-05-21,57.27,58.04,56.73,6.88585878584578,14310872
2019-05-22,56.58,57.78,56.56,6.79615244418546,16114072
2019-05-23,54.86,54.88,53.11,6.47560178331927,25960143
2019-05-24,55.07,55.6,53.88,6.4660331068755,17153219
2019-05-28,54.54,55.41,53.43,6.39666020265819,14612868
2019-05-29,52.49,53.0,51.26,6.2363848722251,22240156
2019-05-30,52.53,53.18,51.84,6.31054211466429,17053474
2019-05-31,50.87,51.41,50.14,6.00673663757469,17575087
2019-06-03,49.82,50.2,46.13,5.62279349526854,30226635
2019-06-04,48.4,50.88,47.91,6.07850171090294,20483652
2019-06-05,52.29,52.32,50.37,6.21246318111568,19039630
2019-06-06,52.2,53.55,51.51,6.35599332777218,12537787
2019-06-07,54.0,56.919,53.82,6.71840694807986,18943510
2019-06-10,57.36,59.82,57.36,6.96360428195138,22908977
2019-06-11,60.06,60.37,57.85,6.98991814217174,17180898
2019-06-12,57.93,58.3,57.1,6.87150577118013,13772009
2019-06-13,58.13,58.83,57.78,6.98393771939439,12319922
2019-06-14,57.47,58.1,56.99,6.8930352931786,9643109
2019-06-17,57.99,59.17,57.84,7.01862417150304,9381291
2019-06-18,60.75,62.49,60.31,7.32242964859264,17728691
2019-06-19,61.53,62.36,60.4,7.40854773658655,17122404
2019-06-20,64.49,64.53,62.23,7.61188211101659,14919383
2019-06-21,63.31,64.54,62.95,7.57719565890794,13080829
2019-06-24,63.69,63.89,63.21,7.574803489797,8617322
2019-06-25,63.18,63.28,59.78,7.18727209382444,17452921
2019-06-26,61.22,62.38,60.6,7.27817452004022,11764435
2019-06-27,61.51,61.99,61.05,7.3571161007013,9408755
2019-06-28,61.98,62.19,61.11,7.38821429914354,12366620
2019-07-01,65.3,65.55,63.39,7.68245109978937,18148772
2019-07-02,64.16,65.01,63.64,7.7757456951161,10156066
2019-07-03,65.42,66.45,65.26,7.94798187110391,8390916
2019-07-05,65.09,66.39,64.31,7.89655023521866,14605606
2019-07-08,64.79,64.8,63.82,7.73029448200821,13223383
2019-07-09,63.67,65.82,63.53,7.84631468388888,11074376
2019-07-10,66.8,68.09,66.4,8.07835508765023,19263653
2019-07-11,67.87,68.3,66.71,8.05682556565175,15981176
2019-07-12,67.55,68.51,67.38,8.19198312041996,11149060
2019-07-15,68.96,69.19,68.41,8.26135602463727,9174285
2019-07-16,68.85,69.08,67.44,8.14413973820113,13999001
2019-07-17,68.12,68.43,67.04,8.02333519809857,11563472
2019-07-18,66.09,67.66,65.43,8.05802165020723,17033501
2019-07-19,68.7,68.7,65.57,7.86305986766547,17597387
2019-07-22,66.24,67.73,66.22,8.04845297376346,11937044
2019-07-23,68.41,68.62,67.04,8.20394396597467,14506225
2019-07-24,67.84,70.05,67.8,8.37857231107342,13655614
2019-07-25,69.34,69.35,67.64,8.13935539997924,18759355
2019-07-26,69.3,70.39,69.22,8.38096448018436,13934800
2019-07-29,69.96,69.96,68.07,8.30321898407875,14159438
2019-07-30,67.82,69.28,67.66,8.19198312041996,13937962
2019-07-31,69.03,69.15,63.7,7.84631468388888,24542565
2019-08-01,65.96,69.6,63.64,7.73627490478556,37298059
2019-08-02,63.2,63.43,60.6,7.38223387636619,30865005
2019-08-05,57.94,57.94,53.68,6.60717108442107,37810647
2019-08-06,56.72,57.98,55.5,6.87868227851295,26692568
2019-08-07,55.61,58.63,54.3,6.9791533811725,38488615
2019-08-08,59.24,62.23,58.69,7.44084201958426,27381959
2019-08-09,61.26,61.92,58.97,7.22076246137762,27670849
2019-08-12,59.28,59.83,57.52,6.9791533811725,26663942
2019-08-13,58.24,63.39,58.0,7.43725376591785,30056999
2019-08-14,59.15,59.74,56.26,6.77103466852057,38116334
2019-08-15,56.9,57.32,55.07,6.74232863918927,26355744
2019-08-16,57.78,59.4879,57.78,7.0533106236117,20612030
2019-08-19,61.47,62.24,60.97,7.38342996092166,15045325
2019-08-20,61.41,62.05,60.41,7.23152722237686,15709107
2019-08-21,62.03,62.59,61.37,7.41572424391937,12745193
2019-08-22,62.36,62.79,59.93,7.34395917059112,19153933
2019-08-23,60.13,61.8,55.08,6.67175965041649,37851691
2019-08-26,57.49,58.06,56.46,6.94207475995291,18361488
2019-08-27,59.25,59.56,57.0,6.90021180051143,19391031
2019-08-28,57.11,58.57,56.25,6.96958470472874,15968019
2019-08-29,60.42,61.43,59.74,7.28654711192852,17759816
2019-08-30,61.92,61.93,59.46,7.23511547604327,17031786
2019-09-03,59.29,60.18,58.11,7.0246045942804,16098200
2019-09-04,60.38,61.37,59.92,7.3200374794817,12608011
2019-09-05,63.22,65.11,63.12,7.72431405923085,15843000
2019-09-06,64.85,64.96,63.96,7.70278453723238,14379801
2019-09-09,64.97,65.07,62.97,7.65374507045807,14039112
2019-09-10,62.94,63.48,61.68,7.59035258901812,17095700
2019-09-11,63.75,65.29,63.33,7.79488304800364,13925079
2019-09-12,66.38,67.48,65.69,7.89176589699678,17491367
2019-09-13,65.7,66.14,65.0,7.80803997811381,13451269
2019-09-16,63.99,64.78,63.8,7.70039236812144,12140500
2019-09-17,64.36,65.29,63.98,7.80205955533646,11417970
2019-09-18,64.86,65.27,62.75,7.79727521711458,17842653
2019-09-19,65.53,66.69,65.1,7.83196166922323,16663071
2019-09-20,65.76,65.95,62.74,7.58556825079623,15548427
2019-09-23,63.28,64.04,62.7,7.59274475812906,11475063
2019-09-24,64.35,64.74,60.14,7.29252753470587,25720969
2019-09-25,60.76,63.44,59.23,7.52576402302269,19213917
2019-09-26,62.73,62.86,60.86,7.45041069602803,17153155
2019-09-27,62.55,62.65,58.66,7.18009558649161,23582361
2019-09-30,60.6,61.92,60.28,7.37146911536695,14856300
2019-10-01,62.32,63.35,59.82,7.19325251660179,19964385
2019-10-02,58.93,58.93,56.02,6.82485847351676,34006018
2019-10-03,57.02,58.97,54.91,7.04972236994529,30178999
2019-10-04,59.71,61.68,59.59,7.34635133970206,21356332
2019-10-07,60.86,62.33,60.54,7.27817452004022,20398410
2019-10-08,59.64,60.48,58.0,6.94685909817479,29596993
2019-10-09,59.6,60.61,59.06,7.15736997993766,19617797
2019-10-10,59.85,61.87,59.68,7.31405705670435,22519951
2019-10-11,63.22,65.0,63.14,7.58796041990718,27929321
2019-10-14,63.25,64.11,63.06,7.59633301179547,11603539
2019-10-15,64.08,66.35,63.97,7.88458938966395,17724130
2019-10-16,65.22,65.91,64.79,7.82598124644588,14829888
2019-10-17,66.56,66.86,65.14,7.87980505144207,15277158
2019-10-18,65.62,66.03,62.99,7.65374507045807,19321526
2019-10-21,65.03,65.82,64.43,7.85588336033265,11834576
2019-10-22,66.36,66.73,64.08,7.67407850790108,15829651
2019-10-23,63.71,64.51,63.4,7.7099610445652,12337720
2019-10-24,65.87,66.44,64.97,7.93123668732731,15576920
2019-10-25,65.29,67.99,65.25,8.11184545520341,16147179
2019-10-28,68.86,70.17,68.86,8.35943495818588,13949457
2019-10-29,69.55,69.85,68.23,8.16686534475508,13378538
2019-10-30,68.64,69.58,67.47,8.28168946208028,14873078
2019-10-31,69.77,69.92,68.11,8.28766988485763,15412033
2019-11-01,70.21,71.19,69.89,8.51253378128616,14381595
2019-11-04,72.61,72.97,72.12,8.66443651983096,12490835
2019-11-05,72.77,72.98,71.89,8.67520128083019,12903749
2019-11-06,72.35,72.38,71.05,8.62018139127853,14416182
2019-11-07,73.21,74.2,72.17,8.70749556382791,15714869
2019-11-08,72.37,73.69,71.83,8.8103588355984,10204678
2019-11-11,72.57,73.46,72.25,8.7732802143788,9534047
2019-11-12,73.52,74.72,73.2,8.84504528770706,16086464
2019-11-13,73.23,74.23,73.06,8.83188835759688,14092562
2019-11-14,73.19,73.97,72.51,8.82949618848593,13500043
2019-11-15,75.11,75.34,74.46,8.99575194169639,11330921
2019-11-18,75.11,75.98,74.18,9.04239923935975,12123892
2019-11-19,76.47,76.47,75.09,9.07947786057935,14052311
2019-11-20,75.35,76.03,72.82,8.92039861470172,18903396
2019-11-21,74.32,74.45,73.35,8.85102571048441,11332423
2019-11-22,74.56,74.71,72.97,8.87494740159383,10458544
2019-11-25,75.12,76.82,75.1,9.18234113234984,10105157
2019-11-26,76.91,77.51,76.6,9.2373610219015,10507893
2019-11-27,77.78,78.82,77.52,9.42395021255496,10320565
2019-11-29,78.21,78.57,77.6,9.29836133423051,6724513
2019-12-02,77.74,77.79,74.03,8.9993401953628,19086114
2019-12-03,72.3,73.63,71.11,8.79720190548822,19642773
2019-12-04,74.69,75.17,74.34,8.92757512203455,11027844
2019-12-05,75.42,75.43,73.97,8.97422241969791,11213577
2019-12-06,76.68,77.62,76.54,9.25171403656715,11628420
2019-12-09,77.09,78.13,76.32,9.13808600379742,9780436
2019-12-10,76.45,77.28,75.68,9.11775256635441,14048277
2019-12-11,76.68,77.63,76.36,9.25530229023356,11420924
2019-12-12,77.13,80.0,76.82,9.46700925655191,23004800
2019-12-13,78.96,80.72,78.46,9.55193125999034,20133472
2019-12-16,81.42,82.57,81.36,9.82583462319317,12488403
2019-12-17,82.57,82.79,82.0,9.83899155330335,10585454
2019-12-18,82.65,83.28,82.34,9.86171715985729,8963731
2019-12-19,82.66,84.18,82.66,10.0626593651764,10443847
2019-12-20,85.23,85.52,84.6,10.1822678207235,12460295
2019-12-23,86.02,86.18,85.57,10.2576211477181,9069377
2019-12-24,85.95,86.07,85.25,10.2709303393922,4987341
2019-12-26,86.23,88.11,86.23,10.5377543684794,8096919
2019-12-27,89.01,89.06,87.15,10.5066448404244,12483756
2019-12-30,87.73,87.86,84.8,10.297253786208,14142344
2019-12-31,85.3,86.76,84.86,10.3558832813886,10553240
2020-01-02,88.71,90.84,88.22,10.8691904942963,16429241
2020-01-03,87.29,90.0,87.24,10.5736499777737,18165034
2020-01-06,86.27,90.08,85.95,10.7746653898214,16096777
2020-01-07,90.14,90.78,89.16,10.7615036664135,14382528
2020-01-08,89.96,93.28,89.53,11.0091833705438,20031332
2020-01-09,94.23,94.86,92.72,11.2867760824193,18297721
2020-01-10,95.39,95.47,93.13,11.1946440185641,17219477
2020-01-13,94.73,96.88,94.31,11.5859061598713,14491753
2020-01-14,96.58,97.15,95.22,11.450699364863,18339871
2020-01-15,95.78,97.13,94.82,11.4578784867218,16625357
2020-01-16,97.11,98.49,96.53,11.7773494094406,15137572
2020-01-17,99.71,100.14,98.26,11.9532378949824,18050315
2020-01-21,99.03,100.51,98.96,11.9472552934333,17218770
2020-01-22,101.23,102.29,100.18,12.0286186745003,17018567
2020-01-23,100.33,101.59,98.97,12.1398950633124,17948572
2020-01-24,102.9,103.21,97.51,11.8252102218329,29921811
2020-01-27,92.25,94.35,90.18,11.0941363125402,24828272
2020-01-28,94.65,97.67,93.98,11.6098365660674,21482755
2020-01-29,98.63,98.96,96.18,11.6517147769107,17321388
2020-01-30,95.6,98.6,94.65,11.7833320109896,25031165
2020-01-31,99.68,99.75,92.75,11.2042161810425,27548004
2020-02-03,95.11,98.66,94.93,11.71871991426,21773134
2020-02-04,102.0,105.25,101.02,12.5191920015216,17531148
2020-02-05,108.56,108.58,103.89,12.6639709590083,21826494
2020-02-06,106.51,108.54,105.41,12.9726731989388,14141635
2020-02-07,106.98,108.81,106.12,12.8051603555657,19256480
2020-02-10,105.98,110.91,105.9,13.2670171951516,15406131
2020-02-11,112.7,113.87,110.08,13.27658935763,24221281
2020-02-12,112.89,114.35,112.1,13.6654584583177,15200973
2020-02-13,111.79,115.1,111.38,13.6128115646861,19410292
2020-02-14,114.22,114.99,113.08,13.7049436285413,14246224
2020-02-18,112.92,115.43,112.59,13.7288740347375,16391936
2020-02-19,116.81,118.8,116.4,14.1261187775938,13203401
2020-02-20,117.3,117.98,110.39,13.7240879534983,28457219
2020-02-21,113.06,113.58,106.73,12.9391706302642,25926561
2020-02-24,96.28,99.58,93.63,11.4483063242434,33709261
2020-02-25,97.93,98.91,86.94,10.5221996044519,37599177
2020-02-26,89.28,93.73,87.15,10.6669785619387,42567301
2020-02-27,82.3,86.41,75.58,9.07201698896458,53139545
2020-02-28,68.41,77.43,67.5,9.21320638552193,61918517
2020-03-02,79.27,87.74,75.97,10.4707492311302,45439829
2020-03-03,88.37,91.5,76.88,9.48481649584836,68515800
2020-03-04,83.54,89.15,81.3,10.6358690338837,39478443
2020-03-05,82.24,86.76,79.09,9.70258319223342,48371454
2020-03-06,72.73,78.08,71.0,9.194062060565,49189883
2020-03-09,61.53,69.15,61.0,7.32629385695465,50870623
2020-03-10,67.98,70.93,61.0,8.46657771220171,57031558
2020-03-11,65.78,67.23,59.0,7.37774423027639,54355050
2020-03-12,49.5,57.5,44.4,5.3556249067008,77278242
2020-03-13,52.24,57.31,45.06,6.80102144094892,69536341
2020-03-16,40.46,48.6,36.99,4.45703815403496,82286267
2020-03-17,39.38,45.14,35.75,5.18332598208844,95252578
2020-03-18,36.3,41.5,32.73,4.70352133785542,106124893
2020-03-19,38.85,44.08,36.0,4.81240468604795,100601082
2020-03-20,42.99,43.8,35.1,4.24884362012836,97781900
2020-03-23,35.93,38.0,32.27,4.26200534353625,102509232
2020-03-24,41.23,43.74,40.13,5.21204246952384,103727959
2020-03-25,44.2,47.84,41.08,5.09119391823322,104359259
2020-03-26,43.83,50.0,43.67,5.9203824929302,81154989
2020-03-27,45.63,48.33,43.79,5.30537105368886,69642943
2020-03-30,45.58,49.38,45.0,5.86294951805941,52077659
2020-03-31,48.61,51.53,46.86,5.70022275592552,91487987
2020-04-01,43.6,45.72,40.62,4.99307925282896,66948739
2020-04-02,41.2,44.34,40.77,5.28861976935155,58441365
2020-04-03,43.86,44.98,40.86,5.07563915420572,69310499
2020-04-06,47.11,52.19,46.36,6.13814918931526,64827148
2020-04-07,55.9,56.29,51.0,6.12618398621718,82251196
2020-04-08,52.69,55.0,51.28,6.51744612752441,64772516
2020-04-09,55.93,56.72,53.27,6.54137653372057,69162216
2020-04-13,54.0,56.88,53.07,6.7687153925841,53370240
2020-04-14,60.05,64.4,59.39,7.6469612999832,61256211
2020-04-15,60.91,63.39,59.66,7.3932989943039,53960955
2020-04-16,63.81,66.07,61.95,7.78934721685036,70365016
2020-04-17,67.67,68.1,64.03,7.98438002734907,57945562
2020-04-20,65.19,67.51,64.46,7.72593164043053,48374792
2020-04-21,62.66,63.13,56.31,6.87161613922759,64936242
2020-04-22,61.03,63.66,60.31,7.47944845661008,34486500
2020-04-23,63.23,65.59,61.72,7.43039112390795,53108524
2020-04-24,62.54,65.4,61.21,7.78934721685036,39795886
2020-04-27,67.18,67.59,65.64,7.94130529619598,38092723
2020-04-28,68.22,68.23,62.61,7.51175450497489,48280905
2020-04-29,67.05,70.37,66.09,8.29308226727955,43262966
2020-04-30,70.41,70.47,67.95,8.34812220153072,47568133
2020-05-01,65.32,67.31,62.5,7.59910048759088,43280678
2020-05-04,62.54,65.93,62.07,7.86712103698788,25094451
2020-05-05,67.73,70.22,67.21,8.11839030204757,36089325
2020-05-06,69.54,71.13,68.39,8.27872402356185,38985111
2020-05-07,71.83,72.75,70.57,8.60178450721002,36186236
2020-05-08,73.55,74.95,72.52,8.94877539705436,32854605
2020-05-11,73.47,77.9,73.25,9.17132817467865,33672968
2020-05-12,77.47,78.13,72.03,8.62571491340618,42420413
2020-05-13,72.59,74.45,66.76,8.29906486882859,61389904
2020-05-14,68.04,71.69,66.11,8.57426454008444,50374897
2020-05-15,68.71,73.1,68.29,8.72143653819083,44725837
2020-05-18,76.0,78.2,75.22,9.22636810892982,37203870
2020-05-19,77.38,79.57,76.4,9.15577341065115,32678816
2020-05-20,79.21,81.51,79.21,9.69181450944515,35676985
2020-05-21,81.24,81.92,77.93,9.39388095230295,39455878
2020-05-22,78.09,79.49,77.05,9.47883389429932,26208116
2020-05-26,83.05,83.32,78.38,9.43934872407565,30650276
2020-05-27,78.11,80.04,73.38,9.57216247846434,43411371
2020-05-28,78.6,83.21,78.55,9.51113994266413,38153137
2020-05-29,80.04,83.32,78.32,9.90359860428117,44868411
2020-06-01,82.06,84.24,81.63,10.0256436758816,26395290
2020-06-02,84.24,85.55,81.64,10.2254625676195,31339270
2020-06-03,86.15,87.49,85.21,10.3642589235573,26879177
2020-06-04,86.23,87.88,83.36,10.1536713490311,33301050
2020-06-05,85.9,90.53,85.5,10.7555210648645,35174293
2020-06-08,89.59,92.08,87.9,10.9948251268261,27318055
2020-06-09,90.89,94.98,90.74,11.2401117903368,26647437
2020-06-10,95.96,99.22,95.38,11.6457321753617,37863884
2020-06-11,92.58,94.21,82.82,9.93111857140676,47916499
2020-06-12,88.29,89.65,80.43,10.1464922271722,51484643
2020-06-15,81.08,88.68,80.06,10.5042517998048,49773106
2020-06-16,93.39,94.12,88.31,11.0594372235557,47902223
2020-06-17,94.17,95.46,92.4,11.1671240514385,32357272
2020-06-18,92.94,94.36,92.04,11.2532735137446,26598237
2020-06-19,96.97,97.23,91.96,11.2377187497171,36243750
2020-06-22,93.91,97.55,93.51,11.637356533193,27516652
2020-06-23,99.37,102.62,98.66,11.9412726918843,29362285
2020-06-24,98.9,100.47,91.85,11.2377187497171,49102670
2020-06-25,93.91,96.72,90.74,11.5356523068593,37712913
2020-06-26,96.02,96.3,88.9,10.7064637321624,46992639
2020-06-29,89.21,92.43,86.28,11.0486685407675,32451160
2020-06-30,92.32,98.48,92.13,11.6840208252755,31423591
2020-07-01,97.86,102.47,97.24,12.1016064133985,31517211
2020-07-02,104.29,105.87,102.74,12.3588582800073,28518773
2020-07-06,107.3,111.58,107.29,13.2670171951516,26497945
2020-07-07,110.55,114.16,108.24,13.0061757676134,30762102
2020-07-08,110.43,112.94,108.49,13.5063212571132,29994414
2020-07-09,115.41,116.67,109.86,13.8437399844791,39699546
2020-07-10,115.42,118.45,111.89,14.136887460382,30347584
2020-07-13,122.05,125.95,109.69,13.2634276342222,46822359
2020-07-14,107.59,113.72,103.39,13.544609907027,57465202
2020-07-15,114.86,116.22,109.39,13.6116150443763,45942080
2020-07-16,110.04,112.36,106.99,13.3196640887831,37496327
2020-07-17,112.16,113.04,109.0,13.3818831448932,28876528
2020-07-20,112.8,122.23,111.09,14.5209704798304,31452708
2020-07-21,123.59,123.67,116.4,14.0567205996249,36959147
2020-07-22,118.17,120.13,115.65,14.2194473617588,28473633
2020-07-23,118.31,119.24,107.57,13.1054869533275,42081071
2020-07-24,104.51,108.16,101.01,12.7178143729497,44652330
2020-07-27,108.59,112.55,107.48,13.4010274698501,33452963
2020-07-28,111.08,111.71,107.37,12.8972924194209,29837821
2020-07-29,109.69,112.61,109.15,13.3364153731204,24285066
2020-07-30,108.9,113.97,107.36,13.5529855491957,37775023
2020-07-31,119.32,119.5,112.8804,14.2840594584884,45000596
2020-08-03,122.25,125.13,122.06,14.816510996353,27233502
2020-08-04,123.32,125.62,122.34,15.0091507662321,26375983
2020-08-05,126.15,127.07,124.91,15.1288027972129,20370400
2020-08-06,126.11,131.93,125.22,15.70791862716,24008004
2020-08-07,130.62,131.82,123.69,15.1946114142523,37088492
2020-08-10,127.27,127.61,120.168,14.9900064412752,31788879
2020-08-11,123.56,125.45,117.39,14.1392805010016,38784151
2020-08-12,121.1,128.36,121.1,15.197004454872,27730532
2020-08-13,128.08,131.18,126.53,15.3034947624449,29285179
2020-08-14,128.66,129.19,125.41,15.259223510982,24967200
2020-08-17,129.87,132.36,129.66,15.7629585614112,15533901
2020-08-18,133.43,136.4001,131.29,16.2260119213069,18664166
2020-08-19,135.5876,137.21,132.29,15.9089340392077,25730897
2020-08-20,131.75,139.19,131.17,16.5634306486727,19096842
2020-08-21,138.66,142.01,137.795,16.9092250182073,20535029
2020-08-24,146.21,147.559,140.44,17.222713339377,31422964
2020-08-25,142.83,147.45,142.07,17.6247441634725,21569630
2020-08-26,149.27,157.05,149.08,18.7530628156215,27457916
2020-08-27,158.58,159.87,151.58,18.5831569316287,37825254
2020-08-28,157.29,158.7299,155.15,18.8703218059826,24768174
2020-08-31,158.54,164.54,157.82,19.3070517190626,22549759
2020-09-01,165.92,169.97,162.95,20.3097357386817,24230024
2020-09-02,175.48,175.67,164.6735,20.8828689670798,36171219
2020-09-03,166.73,167.4,142.82,17.6761945367942,55378115
2020-09-04,145.38,150.3,123.86,16.9475136681211,70185107
2020-09-08,124.95,133.97,121.06,14.5520800078854,53353056
2020-09-09,129.03,135.2,125.67,15.8024437316348,36294038
2020-09-10,136.5195,138.39,121.74,14.8883022149415,58242060
2020-09-11,127.0,128.19,116.81,14.5628486906737,48224732
2020-09-14,127.0,130.81,125.08,15.3130669249233,33629148
2020-09-15,133.33,135.4204,130.96,15.9639739734589,37611177
2020-09-16,134.53,135.32,126.59,15.197004454872,38396661
2020-09-17,117.21,123.96,116.05,14.4970400736342,55855636
2020-09-18,122.86,123.4498,110.762,13.9370685686441,57880328
2020-09-21,111.23,117.95,108.1,14.1021883713976,46914347
2020-09-22,121.2,125.13,116.46,14.872747450914,39383335
2020-09-23,123.85,124.15,111.71,13.4955525743249,50688430
2020-09-24,109.69,118.71,109.17,13.6929784254432,46879541
2020-09-25,115.07,123.56,113.05,14.6525877139093,40559848
2020-09-28,129.29,130.0,125.57,15.5212614588299,34166401
2020-09-29,129.48,130.8389,127.53,15.358534696696,27847174
2020-09-30,128.59,135.52,128.25,15.6624508553873,42346042
2020-10-01,136.57,138.07,133.78,16.3959178052996,34834496
2020-10-02,128.12,133.63,124.33,15.0438498552165,49944171
2020-10-05,128.47,134.1,128.25,15.9926904608943,26348837
2020-10-06,132.39,135.12,125.15,15.1335888784521,43206139
2020-10-07,130.17,134.11,129.38,15.9292748844745,28136122
2020-10-08,136.45,136.6067,133.54,16.1637928651969,24736712
2020-10-09,137.54,141.385,136.96,16.8829015713915,24408944
2020-10-12,148.4,158.73,146.86,18.4575222990989,36764645
2020-10-13,157.2,158.33,152.15,18.4599153397185,35482699
2020-10-14,155.66,157.2,147.65,18.0040411016816,37246374
2020-10-15,143.02,148.39,141.94,17.6319232853313,31134568
2020-10-16,150.07,152.269,144.5,17.3615096953147,28512138
2020-10-19,148.04,149.51,136.36,16.4988185519431,34694371
2020-10-20,138.98,143.4,136.5876,16.605308859516,34338766
2020-10-21,139.09,143.01,137.72,16.5622341283629,30321574
2020-10-22,139.7,141.0034,133.47,16.5706097705316,29895401
2020-10-23,139.41,139.43,134.89,16.667527915626,23885971
2020-10-26,135.77,139.98,127.49,15.9077375188979,39639153
2020-10-27,134.27,137.2,132.52,16.2834448961777,27982503
2020-10-28,129.42,130.24,119.8002,14.3726019614142,46180040
2020-10-29,121.94,130.46,121.24,15.1036758707069,34546840
2020-10-30,123.55,124.73,113.55,14.0531310386955,57791438
2020-11-02,119.79,122.09,113.61,14.0579171199347,37783982
2020-11-03,119.98,126.4093,118.6,14.7650606230313,33742329
2020-11-04,135.59,142.64,133.32,16.7608564997911,42296929
2020-11-05,149.66,152.55,147.59,18.0542949546936,37533141
2020-11-06,149.87,152.57,144.06,18.1153174904938,33787822
2020-11-09,155.68,158.38,141.48,17.0097327242311,41466382
2020-11-10,137.14,139.25,130.35,16.0920016466084,42166659
2020-11-11,138.07,144.19,137.48,17.1736560066748,31707685
2020-11-12,144.85,146.92,139.72,16.9223867416152,35964275
2020-11-13,143.78,146.08,140.66,17.3662957765539,26224313
2020-11-16,144.75,149.01,143.744,17.7659335600298,26718628
2020-11-17,148.8,149.3599,146.13,17.6020102775861,22837952
2020-11-18,146.26,148.75,143.7,17.1939968519416,19292656
2020-11-19,142.91,147.69,141.96,17.6199580822332,19917724
2020-11-20,147.05,148.27,144.12,17.2621985096006,16249183
2020-11-23,145.82,147.74,140.76,17.2657880705301,22382601
2020-11-24,145.82,151.03,143.07,17.9717350533168,19082132
2020-11-25,151.72,154.01,150.45,18.3103503009925,16084705
2020-11-27,156.04,159.0699,155.53,18.8104957904922,11615939
2020-11-30,157.72,158.7801,150.58,18.9074139355867,23077764
2020-12-01,161.79,166.95,160.1001,19.6504530479775,21140760
2020-12-02,162.21,165.4413,159.18,19.7294233884248,18266164
2020-12-03,165.29,168.19,164.351,19.809590249182,19682707
2020-12-04,165.6,167.84,164.51,20.052483872073,15886007
2020-12-07,167.9,171.02,167.6,20.3922956400585,15503468
2020-12-08,169.65,172.68,166.61,20.5789528083885,16740720
2020-12-09,171.84,172.26,158.62,19.2005614114897,30609841
2020-12-10,157.04,164.2667,155.26,19.4362759125219,21668322
2020-12-11,159.65,161.53,155.9,19.2998725972037,21227446
2020-12-14,163.23,168.05,163.17,19.7114755837777,18335559
2020-12-15,168.58,170.01,164.92,20.3240939823994,19747846
2020-12-16,170.77,174.25,168.98,20.6651022706947,17198808
2020-12-17,175.65,176.675,173.59,21.0886704603668,17409427
2020-12-18,177.56,177.91,170.53,20.8589385608836,21094514
2020-12-21,169.57,174.62,164.68,20.7811647407461,25449588
2020-12-22,175.3,176.71,170.175,20.9450880231898,20251104
2020-12-23,175.04,175.76,172.18,20.6292405229252,14929296
2020-12-24,172.91,175.44,172.72,20.8972615122608,9633222
2020-12-28,179.16,180.755,176.03,21.5242391837424,14434188
2020-12-29,182.35,183.4,178.81,21.5876548642548,15142844
2020-12-30,182.45,183.0,179.27,21.5840652974333,13100866
2020-12-31,180.27,182.48,178.33,21.7527749380419,13338523
2021-01-04,184.08,184.388,166.83,20.8015397303553,24684021
2021-01-05,172.28,178.555,172.28,21.3232234417407,14839050
2021-01-06,169.9,178.34,168.22,20.4413865259355,26341321
2021-01-07,175.37,184.65,175.35,21.917895011829,15461886
2021-01-08,187.31,190.88,183.4,22.767425826241,19101913
2021-01-11,184.81,186.94,180.81,21.7611505939587,17662788
2021-01-12,182.12,184.01,176.4,21.6666253343269,17604849
2021-01-13,181.57,186.19,180.5042,22.0878011747114,13593754
2021-01-14,185.5,187.34,180.96,21.7515784157681,14779450
2021-01-15,181.41,183.13,175.08,21.2227155707398,17711486
2021-01-19,181.45,186.07,179.6,22.1428411993071,15120917
2021-01-20,191.71,199.7699,191.06,23.6863549325345,15217044
2021-01-21,100.25,102.14,99.0,24.2750438912538,22958832
2021-01-22,100.41,101.52,99.8801,24.054883792871,20350705
2021-01-25,103.76,105.0682,96.8,24.7225432216624,38292555
2021-01-26,103.72,104.58,102.175,24.7488667116864,22742235
2021-01-27,101.26,101.3,93.0,22.7530675589552,47225177
2021-01-28,95.89,101.0,95.35,23.0880937956247,22505426
2021-01-29,94.9,95.92,88.75,21.6498740224934,46069619
2021-02-01,93.55,98.03,91.74,23.2412486466736,26414874
2021-02-02,99.89,102.9599,99.76,24.3659795840641,22503725
2021-02-03,103.93,104.23,100.65,24.0859933719903,23793010
2021-02-04,102.04,104.3,100.75,24.9379172309499,18202225
2021-02-05,105.2,106.29,103.57,25.1987590866426,21653822
2021-02-08,106.96,107.5501,105.3486,25.6917262634563,19248749
2021-02-09,106.48,108.57,106.48,25.6797610407181,16305856
2021-02-10,108.78,109.2,103.46,25.4978896550975,30693871
2021-02-11,108.16,108.74,105.96,25.9094933172915,24714995
2021-02-12,107.58,110.3,106.44,26.3498135140572,19367931
2021-02-16,110.96,111.8599,108.08,26.1296534156743,22165937
2021-02-17,106.23,107.94,104.01,25.7659106444332,26421722
2021-02-18,104.06,106.96,102.28,25.4189191850254,27550497
2021-02-19,107.64,107.68,103.86,25.0838929483559,23344315
2021-02-22,100.54,101.8,96.5,23.1407407756728,32127351
2021-02-23,91.78,97.36,86.42,22.9349389445758,49818708
2021-02-24,93.24,98.47,90.9,23.4877322350805,30760461
2021-02-25,95.62,98.07,86.45,21.0348615737501,58223738
2021-02-26,90.385,93.16,86.25,21.3507434540385,50829755
2021-03-01,93.36,97.3078,92.19,23.2125321121019,33426758
2021-03-02,97.54,97.685,92.1,22.0997663974496,37923288
2021-03-03,91.37,92.2,84.245,20.1829377147905,57885647
2021-03-04,83.97,86.64,76.88,19.1850381384249,108009257
2021-03-05,82.29,84.47,75.03,20.0441411310274,84164145
2021-03-08,83.28,84.85,76.27,18.3307212349176,58932878
2021-03-09,82.4665,87.15,81.93,20.4892474168883,43357274
2021-03-10,89.26,89.5,84.31,20.3145551649107,50842805
2021-03-11,89.02,92.26,88.14,21.7240584034702,39733932
2021-03-12,87.17,88.67,85.07,21.1832303357037,41647481
2021-03-15,88.81,91.51,87.38,21.8604619426857,31834877
2021-03-16,93.34,95.99,91.6,22.2194186248316,42192561
2021-03-17,90.12,95.73,88.61,22.4994048369054,49092653
2021-03-18,89.61,90.5,84.95,20.4342073922926,57377449
2021-03-19,85.25,87.55,83.4,20.6950492479853,48321643
2021-03-22,88.29,92.87,88.29,21.7982427844471,35275291
2021-03-23,92.05,93.2299,89.17,21.513470483278,46945189
2021-03-24,91.09,91.12,85.25,20.4270282586497,47620933
2021-03-25,83.82,86.18,81.65,20.3169482094583,59968597
2021-03-26,84.72,88.97,83.53,21.2143399148231,53765118
2021-03-29,88.24,89.54,85.72,21.2023746920849,47647291
2021-03-30,86.95,87.79,84.96,20.9008510790823,37087440
2021-03-31,88.79,92.6,88.51,21.8389245417569,40492169
2021-04-01,94.635,96.03,94.42,22.9492972118616,36271826
2021-04-05,98.21,102.38,97.9714,24.3276908713019,32634927
2021-04-06,101.36,103.28,100.71,24.2702578021585,30151714
2021-04-07,101.0295,102.98,100.1,24.4497361432315,24746756
2021-04-08,104.92,105.54,104.1,25.2131173539285,28404830
2021-04-09,104.02,107.46,103.32,25.6701888625276,32359550
2021-04-12,106.3,107.24,104.98,25.5696809915267,27407993
2021-04-13,108.38,111.0,108.12,26.4455352959627,28755511
2021-04-14,110.79,110.93,105.76,25.5170340114787,40306857
2021-04-15,109.37,111.77,109.24,26.6441579934168,30199524
2021-04-16,111.91,111.99,109.9,26.7566310871559,29371976
2021-04-19,110.15,111.37,106.75,26.0267525001258,39792049
2021-04-20,108.05,109.32,104.39,25.4572078977877,39570943
2021-04-21,105.0,109.23,104.02,26.1009368811027,27764289
2021-04-22,108.67,109.63,103.94,25.1508981956898,43712062
2021-04-23,105.72,110.3199,105.72,26.098543836555,26970926
2021-04-26,109.31,111.47,108.55,26.6154414588451,24994160
2021-04-27,111.47,111.67,108.77,26.2660569548898,29828154
2021-04-28,109.39,110.4,107.9701,25.9956429210065,29737500
2021-04-29,111.86,112.23,106.58,26.2564847766992,37031096
2021-04-30,107.29,109.8,106.69,25.7635175998855,29610092
2021-05-03,108.76,109.49,105.43,25.342341759501,33555534
2021-05-04,103.45,103.69,96.45,24.0070229019182,52808459
2021-05-05,102.04,102.85,98.4,23.7270366898444,34107293
2021-05-06,98.87,101.4801,96.79,24.2463273566821,42415817
2021-05-07,103.97,106.075,102.771,24.8398024044967,39676687
2021-05-10,102.49,102.66,95.76,22.973227657338,46053740
2021-05-11,90.59,96.24,90.0,22.8583615190513,57201724
2021-05-12,91.02,93.15,87.32,21.1186181329175,59039514
2021-05-13,90.6,92.6701,88.0704,21.5637244187784,52150514
2021-05-14,92.88,96.89,92.42,22.9660485236951,36065835
2021-05-17,94.51,95.1599,91.73,22.5783753069775,34635578
2021-05-18,95.21,96.28,92.19,22.1045524865449,32920989
2021-05-19,87.65,92.99,87.33,22.1859160011646,47972426
2021-05-20,94.07,98.86,93.83,23.4685878786993,34806607
2021-05-21,99.54,99.932,96.11,23.0809146619818,32033317
2021-05-24,98.55,102.34,98.22,24.2367551784916,23045421
2021-05-25,102.748,103.44,100.63,24.3540143613259,26682211
2021-05-26,102.36,103.2386,101.72,24.6004979497328,19508732
2021-05-27,102.37,103.16,101.44,24.3133326040161,20804210
2021-05-28,102.78,104.095,102.3,24.5502440142324,20464276
2021-06-01,103.85,104.3,100.285,24.3109395594684,25965878
2021-06-02,101.95,102.97,100.53,24.4377709204933,20794656
2021-06-03,99.49,100.67,97.375,23.6696036207011,30258033
2021-06-04,100.63,104.3899,100.53,24.8828772063542,22793803
2021-06-07,103.43,104.965,102.8141,25.103037304737,15548273
2021-06-08,106.58,107.42,103.425,25.1317538393087,23236119
2021-06-09,106.36,107.12,104.93,25.1604703738804,19450910
2021-06-10,105.43,108.5,105.0,25.9310307182203,29301718
2021-06-11,108.42,109.24,107.76,26.1368325493173,17084681
2021-06-14,109.64,112.37,108.5,26.8691041808949,22705785
2021-06-15,112.02,112.34,109.46,26.3713509149859,22527035
2021-06-16,110.62,111.6701,105.52,26.0889716583645,38891723
2021-06-17,107.96,114.08,107.93,27.0629407892537,36080887
2021-06-18,111.41,112.578,109.68,26.4168187613911,35723632
2021-06-21,110.63,112.8,108.39,26.9002137600142,26927136
2021-06-22,112.31,116.05,111.97,27.651629747973,25894679
2021-06-23,115.57,116.96,114.925,27.6994906389258,23499225
2021-06-24,117.74,119.49,117.19,28.209209127573,23418115
2021-06-25,118.49,118.75,116.8499,28.1206664793103,21748284
2021-06-28,118.77,121.88,118.74,29.1161730111283,22196925
2021-06-29,121.56,123.076,120.67,29.4440201141549,18639971
2021-06-30,122.89,123.3,121.85,29.3147957085823,20136654
2021-07-01,122.08,123.1399,120.65,29.3291539758682,20958744
2021-07-02,124.64,127.15,124.38,30.3246605076862,23375497
2021-07-06,127.45,128.76,124.5,30.7314780807849,27399889
2021-07-07,130.9,131.22,127.1,30.9277077336913,28818870
2021-07-08,123.685,127.86,122.24,30.3916657550201,38131067
2021-07-09,126.28,129.8,125.63,30.9061703327625,23218881
2021-07-12,130.8,131.2889,129.0584,31.2938435494801,21781547
2021-07-13,130.38,134.0675,129.81,31.2770922376466,29862501
2021-07-14,133.36,134.08,130.55,31.446998400529,34010674
2021-07-15,131.41,131.58,126.46,30.7960902835711,34298242
2021-07-16,129.655,130.71,125.17,30.0398882065171,31850723
2021-07-19,121.81,123.0,119.67,29.3195817976776,50571603
2021-07-20,123.44,128.3,121.55,30.2863717949239,30386173
2021-07-21,126.31,129.59,126.0,30.9779616691917,20440841
2021-07-22,129.85,132.2,129.8351,31.6288697861496,23739351
2021-07-23,133.7,137.11,132.295,32.6794163425633,25974613
2021-07-26,136.02,137.57,135.04,32.8158198817788,21494407
2021-07-27,136.83,136.83,127.83,31.7437359244363,44695529
2021-07-28,133.86,135.86,131.27,32.090727383844,35985066
2021-07-29,133.48,136.12,133.465,32.2486683239882,21251120
2021-07-30,130.35,133.35,130.27,31.7652733253651,28279693
2021-08-02,134.54,135.19,132.02,31.7557011471745,27279954
2021-08-03,133.44,135.2,129.85,32.3084944376792,31708913
2021-08-04,135.09,136.76,133.8,32.468828422371,24214242
2021-08-05,136.56,138.48,135.8,33.0790547820191,19335126
2021-08-06,136.79,137.93,135.155,32.648306763444,21576490
2021-08-09,136.91,137.78,135.68,32.8229990154217,17105447
2021-08-10,137.77,138.11,133.715,32.3324248831556,26540608
2021-08-11,136.5,137.05,132.84,32.1577326311779,23296975
2021-08-12,133.81,136.2,132.24,32.4927588678474,19905052
2021-08-13,136.18,137.61,135.63,32.8182129263264,18081849
2021-08-16,135.94,137.4299,131.4952,32.8756459954697,30660393
2021-08-17,134.21,135.35,130.97,32.0117569137719,41598792
2021-08-18,133.1,134.72,129.51,31.0808625847402,32521180
2021-08-19,127.74,133.6,127.45,31.5235758260535,40811906
2021-08-20,132.95,136.27,132.58,32.4975449569427,31270574
2021-08-23,137.03,142.7,137.0,33.9453369082645,24133063
2021-08-24,142.61,143.94,142.07,34.2803631449341,18171736
2021-08-25,143.49,144.4,142.63,34.3186518576963,19031756
2021-08-26,142.67,143.51,140.44,33.7371420326199,26751242
2021-08-27,141.69,145.6,141.14,34.7230763862473,23079960
2021-08-30,146.0,150.52,145.95,35.8741308136619,22817595
2021-08-31,150.22,150.3,147.69,35.773622942661,22948969
2021-09-01,150.83,152.82,150.07,35.9698525955674,23891983
2021-09-02,151.95,152.34,148.6,35.919598660067,23824709
2021-09-03,148.7,151.94,148.66,36.2426596739983,23323697
2021-09-07,151.55,152.88,150.16,36.391028435952,22592672
2021-09-08,151.81,151.85,147.71,36.0177134865202,31711510
2021-09-09,150.73,152.1,148.59,35.6324333143503,27643379
2021-09-10,151.0,151.85,145.11,34.8307633908911,34608870
2021-09-13,148.29,148.78,142.76,34.751792920819,38887344
2021-09-14,146.95,147.86,142.82,34.4526623523641,29814578
2021-09-15,144.49,147.56,141.765,35.216043563061,27946312
2021-09-16,145.55,148.1299,143.24,35.2854418549426,26307711
2021-09-17,146.9,146.93,140.96,34.0386656456225,38662593
2021-09-20,135.42,137.46,128.0,31.944751666438,60956815
2021-09-21,135.38,136.75,132.59,31.9854334237479,35850321
2021-09-22,134.86,139.23,133.61,32.9211138418749,43834708
2021-09-23,138.91,142.57,138.17,33.8352568590731,34684786
2021-09-24,138.72,142.25,138.3,33.9309786409787,27387598
2021-09-27,138.21,139.4,135.4,33.112557405686,39177730
2021-09-28,133.14,133.8899,126.07,30.3509839977102,74411453
2021-09-29,127.96,130.29,125.3,30.1499682557085,48765301
2021-09-30,127.78,129.54,124.08,29.8101559299437,58656014
2021-10-01,125.25,128.0099,120.84,30.3533770422578,52176990
2021-10-04,125.1,125.487,116.47,28.4868022950991,64308966
2021-10-05,119.97,126.0,119.721,29.582816697918,40653206
2021-10-06,120.26,126.32,119.26,30.166719567542,58747689
2021-10-07,129.325,132.34,128.73,30.982747758287,37703783
2021-10-08,130.67,130.922,126.97,30.5065318933068,39283043
2021-10-11,125.86,129.69,124.535,29.8293002863248,34053825
2021-10-12,126.17,126.62,122.61,29.5253836287746,43600871
2021-10-13,125.78,126.95,123.6,30.2169735030424,35230338
2021-10-14,130.11,133.45,129.4,31.884925552747,30437457
2021-10-15,134.6,135.85,133.42,32.476007556014,25714531
2021-10-18,134.25,140.02,133.58,33.4499766869032,25219133
2021-10-19,141.04,143.03,140.28,34.1846413630285,26612675
2021-10-20,143.49,144.22,140.68,34.0769543583847,29677434
2021-10-21,141.435,145.21,141.13,34.6871807180327,23025078
2021-10-22,143.47,144.66,139.36,33.8089333690491,35062078
2021-10-25,142.988,146.73,140.72,34.8235842572482,29737863
2021-10-26,148.32,151.195,145.65,35.1490383157271,41993894
2021-10-27,147.56,151.72,147.26,35.4266314832533,36266958
2021-10-28,150.31,153.25,149.4,36.589651133406,32684376
2021-10-29,149.19,155.4,148.78,37.1304792011725,33628582
2021-11-01,155.8,156.93,153.18,37.4966150169614,31994819
2021-11-02,156.025,159.37,155.96,37.996761327418,29940184
2021-11-03,159.34,164.32,158.07,39.2028557794282,36302613
2021-11-04,165.43,171.3477,164.73,40.6650059980359,40219862
2021-11-05,172.46,173.66,168.73,40.8157678045372,42626357
2021-11-08,170.5,171.9,169.06,40.6482546862024,28229913
2021-11-09,171.25,171.7948,164.57,39.8106890945286,43900594
2021-11-10,162.72,166.4,156.5,38.0661596192995,48488363
2021-11-11,162.75,162.99,159.9,38.374862365945,28859515
2021-11-12,161.81,166.07,159.75,39.5929220406935,31379919
2021-11-15,166.91,167.31,162.09,39.5809568179553,34864554
2021-11-16,164.29,169.4083,164.06,40.3993780532479,25795404
2021-11-17,169.21,171.685,167.79,40.4472389442007,28983966
2021-11-18,171.68,174.9,168.77,41.6844429753303,43420838
2021-11-19,176.43,178.8701,175.32,42.3903911168839,32303576
2021-11-22,179.29,183.36,170.86,40.9210617646333,44761198
2021-11-23,169.45,172.17,162.79,40.3634823850333,56506352
2021-11-24,165.31,170.56,162.33,40.7367973344651,49560401
2021-11-26,166.78,168.64,158.72,38.4897285042317,44420569
2021-11-29,166.2,172.16,165.33,40.8803800073234,39732973
2021-11-30,169.68,172.79,160.71,39.1238853093561,75646499
2021-12-01,168.86,171.62,154.47,37.1161209338867,76028801
2021-12-02,153.42,160.519,151.65,37.8148899417974,99108234
2021-12-03,160.0,161.28,144.93,35.9148125709717,120143439
2021-12-06,150.59,155.28,145.53,36.7547712071932,76206983
2021-12-07,161.77,168.28,161.74,40.0691379056737,67644596
2021-12-08,167.89,170.0,165.47,40.6267172852737,51310869
2021-12-09,168.15,170.51,162.0,38.872615631854,53200482
2021-12-10,165.77,167.83,161.78,40.0763170393166,50768845
2021-12-13,167.47,167.89,159.78,38.3533249650163,44786303
2021-12-14,154.12,157.56,149.83,37.2118427157923,57733380
2021-12-15,154.96,166.269,150.03,39.6742855553132,67265302
2021-12-16,167.01,167.62,150.95,36.6470842025494,74054950
2021-12-17,148.83,155.79,147.0,36.0871117784018,75068041
2021-12-20,145.02,147.25,142.5001,35.0078486874164,60466469
2021-12-21,150.16,156.449,145.71,37.3482462550077,54781218
2021-12-22,155.58,162.0,154.8233,38.6811720680429,44305675
2021-12-23,162.17,167.29,161.97,39.6001296515665,32827064
2021-12-27,167.09,173.53,167.0,41.4930292499705,31490818
2021-12-28,174.76,174.98,170.03,41.0048478111912,36206255
2021-12-29,171.31,172.99,167.951,40.940235561941,28873669
2021-12-30,170.77,173.655,168.77,40.5573481589769,28317912
2021-12-31,168.63,170.4,165.71,39.8035385843912,29694394
2022-01-03,167.83,171.44,165.12,40.9522007932836,38252576
2022-01-04,171.83,171.89,160.39,39.3608250247139,53324055
2022-01-05,162.38,163.72,149.0025,35.7401460204342,66622623
2022-01-06,147.03,152.81,144.42,35.6420311234247,77113293
2022-01-07,148.9,150.94,142.0,34.4766175906526,71356742
2022-01-10,138.35,144.94,132.1,34.6034490428844,89608703
2022-01-11,143.43,151.03,141.04,36.1254264696669,76660217
2022-01-12,153.97,155.93,149.88,36.5370304278534,69185586
2022-01-13,77.13,77.55,70.02,33.8855351623267,86105328
2022-01-14,69.09,72.065,69.0,34.3976470637912,89225817
2022-01-18,68.485,69.72,66.06,31.9184511295984,76528593
2022-01-19,67.36,68.71,64.16,30.8080776610024,90731498
2022-01-20,66.02,68.18,61.5,29.6163406192765,86098532
2022-01-21,60.62,62.025,56.5,27.1227864074725,171027338
2022-01-24,53.845,57.75,48.17,27.5152459955107,255904575
2022-01-25,54.15,56.31,51.75,25.4859427598008,173748989
2022-01-26,56.99,58.85,51.37,25.4380818344303,207838061
2022-01-27,55.4,56.24,51.04,24.677093121039,161764078
2022-01-28,52.4,56.46,50.1,26.9792036313609,167016231
2022-01-31,57.045,62.0599,56.22,29.5924101565912,113751137
2022-02-01,62.42,63.35,59.73,30.1571690759633,101845845
2022-02-02,65.22,65.3697,62.35,30.870296863984,100815237
2022-02-03,59.32,61.07,56.12,27.1562890552319,105574968
2022-02-04,56.87,60.41,55.89,28.094363192494,96534406
2022-02-07,59.07,60.27,56.72,27.4578128850661,76956117
2022-02-08,56.8,59.8255,56.23,28.3911009297912,79296605
2022-02-09,61.56,63.08,60.76,30.1523829834263,75537702
2022-02-10,59.31,62.91,57.8,28.1517963029386,127143349
2022-02-11,58.78,59.55,52.555,25.5003010374119,134255638
2022-02-14,52.9,54.97,51.7,25.5720924254677,95062533
2022-02-15,55.83,57.44,55.35,27.4243102373067,82085585
2022-02-16,56.27,57.7999,54.7,27.4195241447697,93090521
2022-02-17,55.64,56.05,51.97,24.9881891359474,78835648
2022-02-18,52.59,52.7891,49.31,24.1410507568892,113082733
2022-02-22,49.04,51.5,47.205,23.3944203211091,130371536
2022-02-23,50.24,50.63,44.97,21.6044217122518,130460158
2022-02-24,40.76,49.85,40.61,23.7198746136287,194867385
2022-02-25,49.995,52.005,48.25,24.8446063598358,119186143
2022-02-28,50.455,53.185,49.9206,25.1078414493737,121700544
2022-03-01,51.92,52.97,48.85,23.9496070554071,124072548
2022-03-02,50.67,53.05,49.42,25.0934831717625,109747941
2022-03-03,53.75,53.78,49.37,24.0453289061482,111944345
2022-03-04,49.165,49.8,47.0,23.0163190106821,115911517
2022-03-07,48.045,48.5401,42.63,20.4461873182852,124876318
2022-03-08,42.39,46.0,40.77,20.1638078585992,177968047
2022-03-09,45.4,47.2,44.35,22.3223355928095,109537083
2022-03-10,44.9,45.62,43.1904,21.6044217122518,112787383
2022-03-11,46.34,46.47,42.09,20.2643158018773,98907429
2022-03-14,41.81,43.13,39.56,19.0773648526884,123132592
2022-03-15,40.87,43.8899,40.235,20.8434329988605,105703624
2022-03-16,45.16,48.48,43.69,23.1838322494789,163087481
2022-03-17,47.59,50.19,47.0399,23.9591792404813,96030782
2022-03-18,49.46,53.41,48.9305,25.4476540195044,100169555
2022-03-21,52.86,53.925,50.77,25.2657825030964,110131080
2022-03-22,53.07,56.34,52.87,26.7590433746565,92770800
2022-03-23,54.56,56.2693,53.5,25.6295255359123,102749717
2022-03-24,54.43,57.09,53.41,27.2902996462693,85575253
2022-03-25,57.04,57.5612,54.85,27.2472248134358,98955026
2022-03-28,56.92,59.61,56.33,28.4868227805322,91703722
2022-03-29,61.52,62.96,60.14,29.946581004333,102006698
2022-03-30,61.68,62.54,59.8,29.0467956073673,83909405
2022-03-31,60.64,60.83,57.9,27.8454863805673,84049433
2022-04-01,58.43,58.815,56.4,27.725834067141,88081313
2022-04-04,58.38,61.55,58.23,29.4583995655538,68757519
2022-04-05,60.82,61.16,56.86,27.5104599029737,85364543
2022-04-06,54.82,55.3688,52.4,25.7013169239681,148429911
2022-04-07,53.23,55.0889,51.58,25.8688301627649,114826967
2022-04-08,53.22,53.59,51.5,24.8111037120765,102091222
2022-04-11,49.83,50.27,47.95,23.0498216584414,92957251
2022-04-12,50.16,50.975,46.89,22.7530839211442,123964077
2022-04-13,47.66,50.835,47.33,24.117120294204,95042309
2022-04-14,50.42,50.65,46.8305,22.4946349241434,83921773
2022-04-18,46.47,48.01,45.82,22.5568541271251,87762702
2022-04-19,46.73,50.4199,46.31,24.0070401658518,86186327
2022-04-20,50.57,50.74,47.44,22.9253832524781,107030409
2022-04-21,49.64,50.77,44.59,21.5804912495665,134313244
2022-04-22,45.05,45.57,41.28,19.867070121302,124412382
2022-04-25,40.81,43.16,40.31,20.6041283720079,166439395
2022-04-26,42.22,42.29,38.1,18.2876595840749,162066113
2022-04-27,38.17,40.22,37.37,18.206296010945,158349342
2022-04-28,39.825,42.73,38.28,20.1303052108398,172349168
2022-04-29,40.39,41.769,36.2,17.4835960378502,160058373
2022-05-02,36.25,38.28,35.13,18.3068039542231,155952794
2022-05-03,38.19,39.1694,37.3,18.3498787870566,142782819
2022-05-04,38.49,42.45,36.53,20.1685939511362,217722469
2022-05-05,40.5,40.51,34.52,17.1629278378677,227776340
2022-05-06,35.09,36.53,33.1,16.5646662707362,233397170
2022-05-09,32.56,33.42,30.01,14.6071544230821,210209853
2022-05-10,32.715,33.08,30.28,15.1096941394725,231789787
2022-05-11,30.85,32.6,28.47,13.7648021365609,264765947
2022-05-12,27.43,29.89,26.69,13.6547220082088,295496474
2022-05-13,29.85,32.0,29.38,15.1384106946948,197974041
2022-05-16,31.13,31.78,30.18,14.6693736260637,159194041
2022-05-17,32.43,33.08,31.2395,15.7749610021227,153990710
2022-05-18,31.46,31.69,27.69,13.4728504918008,164052564
2022-05-19,27.54,29.02,27.04,13.2000432171888,196007772
2022-05-20,28.65,28.8399,24.93,13.0851769962996,229055601
2022-05-23,27.65,28.83,26.96,13.7312994888016,170520313
2022-05-24,27.145,27.36,25.425,12.8745889246693,183244327
2022-05-25,26.44,28.6,26.385,13.3914869186709,180641917
2022-05-26,27.76,30.78,27.68,14.511432572341,168565784
2022-05-27,31.295,33.3392,31.27,15.9329020558454,157517929
2022-05-31,33.3,34.0,31.7312,15.8180358349562,184579342
2022-06-01,33.71,34.43,31.55,15.4495067096032,199447091
2022-06-02,31.92,34.98,31.45,16.7034629543107,168430655
2022-06-03,33.14,33.63,31.76,15.3825014140844,162361909
2022-06-06,33.615,34.13,32.0,15.5739451155665,150479319
2022-06-07,31.42,33.595,31.05,15.9520464259936,137443295
2022-06-08,33.075,33.94,32.33,15.6265921334741,112852993
2022-06-09,32.07,33.06,29.932,14.3534915186183,137979721
2022-06-10,28.255,28.62,26.67,12.8219419067617,171676074
2022-06-13,24.27,24.98,22.82,11.0463015755155,213365717
2022-06-14,23.64,23.87,22.52,11.1180929635713,196600532
2022-06-15,24.06,25.92,23.34,11.917370417259,274911522
2022-06-16,22.99,23.12,21.32,10.4623982859952,212142228
2022-06-17,22.07,23.28,21.65,10.8500717814964,220590548
2022-06-21,23.815,24.98,23.78,11.6684936053323,159204144
2022-06-22,23.71,25.45,23.55,11.6254187724988,194486849
2022-06-23,24.94,25.57,24.17,12.1231723963522,182686417
2022-06-24,26.112,28.04,26.0501,13.3914869186709,151817461
2022-06-27,28.35,28.5,27.0,13.0756048112255,169130990
2022-06-28,27.46,28.21,24.76,11.8838677694996,188120387
2022-06-29,24.78,25.2899,24.1,11.9077982321849,190091082
2022-06-30,24.06,24.89,22.75,11.4866220889243,256203940
2022-07-01,23.6,24.5,23.1,11.6732796978693,208600383
2022-07-05,23.41,25.68,23.0,12.2763273575378,220553991
2022-07-06,25.77,26.72,25.28,12.5108458918534,206122886
2022-07-07,26.38,28.0,26.37,13.2861928828558,137866328
2022-07-08,26.99,28.31,26.71,13.3484120858374,159729220
2022-07-11,27.2,27.27,25.86,12.4964876142422,129224146
2022-07-12,26.44,26.98,24.9099,12.1327445814263,159616512
2022-07-13,23.84,25.83,23.69,12.0561671008335,180575499
2022-07-14,24.465,25.68,23.62,12.1806055067968,175823501
2022-07-15,26.27,26.85,25.81,12.8219419067617,154380179
2022-07-18,27.61,28.0,25.82,12.5252041694645,159950223
2022-07-19,27.15,28.62,26.6907,13.6212193604494,149321695
2022-07-20,28.66,30.25,28.44,14.3056305932478,188563062
2022-07-21,30.01,31.175,29.22,14.9134643454534,159690872
2022-07-22,30.88,31.53,28.95,14.1333312619139,149400421
2022-07-25,29.53,29.67,28.41,13.9227431902837,110448775
2022-07-26,28.49,28.57,27.05,13.0803909037625,115877790
2022-07-27,28.6,31.25,28.43,14.7124484588972,170959452
2022-07-28,30.675,31.82,29.52,15.1336246021578,162035946
2022-07-29,32.13,33.65,31.6702,15.9664047036048,146073158
2022-08-01,32.78,34.42,32.4399,15.9424742409195,142641474
2022-08-02,32.54,34.3499,32.21,15.7941053722709,162687534
2022-08-03,33.55,35.95,33.31,17.0576338020526,147106852
2022-08-04,35.69,36.265,34.96,17.3017245214422,126783591
2022-08-05,34.43,35.98,34.15,16.8901205632558,141949314
2022-08-08,35.6,36.83,34.435,16.7178212319219,134380421
2022-08-09,34.28,34.37,33.19,16.1434901274757,109203007
2022-08-10,36.135,36.64,35.31,17.469237760239,135777236
2022-08-11,37.33,38.02,35.67,17.2060026707012,136680513
2022-08-12,36.6,38.05,36.235,18.1775794557227,105593489
2022-08-15,37.65,39.08,37.64,18.6131138765944,98154215
2022-08-16,38.56,39.38,37.53,18.4934615631681,110377897
2022-08-17,37.51,38.3278,36.55,17.8521251632032,131419172
2022-08-18,37.26,37.96,36.69,17.9717774766295,96070427
2022-08-19,36.48,36.7002,35.065,16.9188371184781,112128332
2022-08-22,33.89,33.97,32.26,15.5883033931777,112487711
2022-08-23,32.431,33.35,32.2,15.5356563752701,109754897
2022-08-24,32.3,33.3,32.105,15.6553086886964,93502799
2022-08-25,33.28,34.44,32.94,16.4785166050693,111026258
2022-08-26,34.345,34.74,30.2,14.4731438320446,183138314
2022-08-29,29.35,30.12,28.9588,14.0280372260988,122961167
2022-08-30,29.79,29.95,27.56,13.5590001574677,163507394
2022-08-31,29.155,29.4,27.7729,13.310123345541,170515258
2022-09-01,27.08,27.93,26.02,13.3244816231522,198660232
2022-09-02,28.64,29.04,26.17,12.7692948888542,227231457
2022-09-06,26.76,27.0199,25.46,12.477343244094,179311254
2022-09-07,26.18,27.9,26.11,13.2144014948,165784782
2022-09-08,27.03,28.415,26.64,13.4297756589673,205399911
2022-09-09,28.68,30.02,28.66,14.2817001305625,149367903
2022-09-12,30.3,31.03,30.19,14.8033842171012,136570562
2022-09-13,28.24,28.61,25.56,12.3672631157418,195648328
2022-09-14,26.125,26.67,25.64,12.6448564828908,154645915
2022-09-15,25.88,26.55,24.65,12.0083061754629,196865256
2022-09-16,24.21,24.73,23.67,11.7737876411474,196071751
2022-09-19,23.94,25.23,23.92,12.0561671008335,151346281
2022-09-20,24.53,25.19,23.98,11.7690015486103,161059331
2022-09-21,24.81,25.92,23.23,11.1228790561084,295557570
2022-09-22,22.85,23.11,22.07,10.7112750979219,213328635
2022-09-23,21.795,21.86,20.45,10.1991631964574,280651972
2022-09-26,21.16,22.21,20.83,10.0603665128829,245303889
2022-09-27,21.815,22.35,20.5,10.069938697957,271960605
2022-09-28,21.03,22.59,20.68,10.6586280800143,256019454
2022-09-29,21.305,21.39,19.62,9.7588426830486,270097845
2022-09-30,20.155,21.09,19.28,9.24673078158406,256598806
2022-10-03,19.705,21.01,19.36,9.888067181549,223611285
2022-10-04,21.895,22.765,21.89,10.8069969486629,231661842
2022-10-05,21.665,23.0,21.01,10.8069969486629,229199463
2022-10-06,22.3,23.06,21.92,10.534189674051,237543591
2022-10-07,20.88,20.91,19.16,9.33288044725099,250972638
2022-10-10,19.515,19.61,18.3,9.04092880249083,206499801
2022-10-11,18.52,19.14,17.74,8.68197186221195,264873490
2022-10-12,18.23,18.64,17.93,8.66282749206374,200741873
2022-10-13,16.515,19.62,16.32,9.241944689047,414753605
2022-10-14,19.85,19.98,17.46,8.40916458759999,335066306
2022-10-17,18.805,19.5,18.8,9.23715859650995,230025403
2022-10-18,20.865,21.0,19.17,9.46689103828844,346276949
2022-10-19,19.41,20.24,19.01,9.3520248173992,259851093
2022-10-20,19.33,20.4667,18.96,9.19408376367649,264851479
2022-10-21,18.98,20.69,18.725,9.84499234871553,313729020
2022-10-24,20.63,21.47,19.8,10.1800188263092,274621988
2022-10-25,21.475,22.64,21.47,10.7926386710518,238399802
2022-10-26,21.18,22.5,20.93,10.0795108830311,282519762
2022-10-27,20.79,21.12,19.77,9.52432414873306,256629412
2022-10-28,19.75,21.81,19.71,10.3858208054024,255388631
2022-10-31,21.175,21.365,20.49,10.0268638651235,209561132
2022-11-01,21.74,21.8699,20.21,9.71576785021513,215232441
2022-11-02,20.28,20.98,18.181,8.71068841743426,331476264
2022-11-03,17.645,17.95,17.04,8.20814870104382,212231762
2022-11-04,18.13,18.35,16.85,8.59103610400796,382370168
2022-11-07,18.16,18.64,17.71,8.86384337861991,200943411
2022-11-08,18.85,19.62,18.09,9.05528708010199,296056310
2022-11-09,18.53,18.7,17.53,8.42352286521115,215569120
2022-11-10,20.15,21.54,19.7,10.2661684919761,328442358
2022-11-11,21.43,22.83,21.12,10.8500717814964,307134205
2022-11-14,22.17,22.96,21.82,10.5629062292733,214225934
2022-11-15,23.645,23.95,22.18,10.9888684650709,318265675
2022-11-16,22.5,22.58,21.82,10.5437618591251,191679351
2022-11-17,20.95,22.2097,20.91,10.4623982859952,213462157
2022-11-18,22.56,22.58,21.28,10.4528261009211,194788520
2022-11-21,21.52,21.8,20.97,10.1369439934757,144111252
2022-11-22,21.33,22.1,20.83,10.5629062292733,146238628
2022-11-23,22.05,22.87,22.01,10.8787883367187,178783485
2022-11-25,22.34,22.5,22.15,10.6538419874773,67376495
2022-11-28,21.8,22.27,21.06,10.1848049188462,132142668
2022-11-29,21.32,21.42,20.47,9.94071419945656,137902727
2022-11-30,20.85,23.65,20.65,11.276034017294,272734914
2022-12-01,23.7,24.17,23.01,11.3382532202757,205503622
2022-12-02,22.445,23.63,22.39,11.2042426292382,181655021
2022-12-05,22.88,23.2,21.86,10.6394837098661,150989965
2022-12-06,22.18,22.21,20.5,9.96464466214182,169900491
2022-12-07,20.56,21.03,20.18,9.84499234871553,173667895
2022-12-08,20.87,21.5,20.39,10.1943771039203,188920095
2022-12-09,21.05,21.69,20.77,9.99814730990119,177003936
2022-12-12,20.91,21.66,20.67,10.3618903427171,112827494
2022-12-13,24.175,24.23,21.72,10.6873446352366,347692783
2022-12-14,22.21,22.99,21.08,10.4336817307729,289455464
2022-12-15,20.86,21.0298,19.35,9.39988574276971,214026566
2022-12-16,19.48,19.8091,18.71,9.12229237562071,175642070
2022-12-19,19.1,19.1299,17.98,8.74419106519362,155266496
2022-12-20,18.0,18.56,17.67,8.7059023248972,172881234
2022-12-21,18.41,19.25,18.2301,9.0840036353243,163187260
2022-12-22,18.23,18.245,16.58,8.44167124950239,230450233
2022-12-23,17.21,17.72,16.83,8.46573530665605,165067336
2022-12-27,17.46,17.48,16.72,8.10477444935121,131600334
2022-12-28,16.75,17.1955,16.1,7.7775032720615,182434593
2022-12-29,16.67,17.5,16.5301,8.32616377516485,153054865
2022-12-30,16.76,17.3,16.5,8.32616377516485,150970563
2023-01-03,17.74,18.0395,16.47,8.13846412936633,179925857
2023-01-04,17.325,17.49,16.54,8.26359722656534,217636421
2023-01-05,16.81,16.85,16.28,7.87375950067612,181252011
2023-01-06,16.65,17.9,16.1,8.48979936380971,233447636
2023-01-09,18.08,18.96,17.8901,8.66787338674676,186021439
2023-01-10,17.815,18.49,17.7,8.89888833542185,164361460
2023-01-11,18.685,19.435,18.52,9.34166698704911,151274959
2023-01-12,19.515,19.92,18.59,9.48605132997105,280926257
2023-01-13,19.17,20.17,19.1,9.67375097576956,159783033
2023-01-17,20.06,20.51,19.81,9.72669190150761,139757931
2023-01-18,20.575,20.905,19.39,9.36573104420277,186650065
2023-01-19,19.07,19.31,18.58,9.07214954692817,166370730
2023-01-20,19.175,20.45,18.9601,9.81332250726076,161325221
2023-01-23,20.55,22.0,20.38,10.4582392389787,194042071
2023-01-24,21.36,21.8671,21.24,10.3956726903792,145006451
2023-01-25,20.56,21.59,19.98,10.3186677074875,218083551
2023-01-26,22.22,22.7199,21.6,10.9154563248982,203418890
2023-01-27,22.36,23.82,22.33,11.2282890678957,188411120
2023-01-30,22.55,22.9,21.85,10.5544954675934,173907982
2023-01-31,21.94,22.92,21.9,11.026150987805,158256926
2023-02-01,22.86,24.95,22.36,11.7384470795532,271638824
2023-02-02,25.955,27.45,25.75,12.9512755600975,267885091
2023-02-03,25.21,27.14,25.11,12.2822947712258,267404217
2023-02-06,24.845,25.45,24.52,11.9694620282283,161816206
2023-02-07,24.83,26.69,24.5412,12.7106349885609,259894644
2023-02-08,26.05,26.3,24.81,12.0272157653971,181257193
2023-02-09,26.05,26.09,23.93,11.7047573995381,197598411
2023-02-10,23.76,24.26,23.22,11.4641168280015,183931672
2023-02-13,24.14,25.1,23.85,12.0079645196742,139869852
2023-02-14,24.535,25.74,24.05,12.2678563369336,255737195
2023-02-15,25.02,26.1,24.85,12.5421865884853,138652614
2023-02-16,24.83,25.87,24.53,11.8250776853064,194496490
2023-02-17,24.03,24.23,23.3,11.5699986794776,194902418
2023-02-21,23.1,23.45,22.29,10.7566335476841,150468750
2023-02-22,22.45,22.85,21.98,10.7662591705455,167338744
2023-02-23,23.185,23.23,21.95,11.0357766106665,179769958
2023-02-24,21.75,22.03,21.35,10.4774904847017,172781804
2023-02-27,22.48,22.8,22.1,10.703692621946,138754366
2023-02-28,22.08,22.72,22.0,10.650751696208,127315772
2023-03-01,22.06,22.21,21.37,10.3908598789485,154386882
2023-03-02,21.01,22.3,20.95,10.6411260733465,159491951
2023-03-03,22.5,23.53,22.3847,11.2908556164952,151676603
2023-03-06,23.76,24.48,23.5,11.3389837308025,151849878
2023-03-07,23.555,23.78,22.5213,10.9154563248982,176331480
2023-03-08,22.75,23.14,22.33,11.0646534792509,145492831
2023-03-09,23.11,23.71,21.59,10.4823032961324,196833664
2023-03-10,21.82,22.16,20.62,10.0491502673666,314857629
2023-03-13,20.47,22.15,20.13,10.2657267817495,329540746
2023-03-14,22.12,22.91,21.92,10.9635844392055,217162924
2023-03-15,22.17,23.22,21.83,11.1224072164196,274559449
2023-03-16,22.88,25.03,22.72,12.0031517082434,229016406
2023-03-17,24.93,25.51,24.1,11.8250776853064,201770283
2023-03-20,24.43,24.9157,23.89,11.9502107825054,164177962
2023-03-21,25.31,26.0,24.93,12.4555559827322,135145140
2023-03-22,25.71,26.96,24.6499,11.9501140449956,237918087
2023-03-23,25.595,26.6099,24.88,12.3762121146713,196497151
2023-03-24,25.44,25.84,24.84,12.5021047261664,169794700
2023-03-27,25.985,26.26,25.06,12.2454774796572,136795565
2023-03-28,25.135,25.14,24.29,12.0421124918574,118020736
2023-03-29,25.76,26.37,25.57,12.7006276904471,119365269
2023-03-30,26.82,27.09,26.49,13.0444113602991,130149966
2023-03-31,27.0,28.32,26.91,13.6835584648127,127022074
2023-04-03,27.68,28.12,27.33,13.5867179944318,125116328
2023-04-04,28.16,28.43,27.42,13.4511413358986,116090395
2023-04-05,27.47,27.52,26.41,13.0202012427039,129137040
2023-04-06,26.46,27.56,26.11,13.2816705127322,120960302
2023-04-10,26.64,27.38,26.17,13.2526183716179,118528799
2023-04-11,27.36,27.37,26.7,12.9959911251087,104260806
2023-04-12,27.34,27.49,26.0,12.6522074552567,174019319
2023-04-13,26.53,27.74,26.49,13.378510983113,123761542
2023-04-14,27.205,27.93,26.695,13.3010386068083,142666088
2023-04-17,27.35,27.6199,26.81,13.3155646773655,113679474
2023-04-18,28.07,28.18,27.2,13.3252487244036,106414940
2023-04-19,26.87,27.74,26.84,13.2961965832893,95925348
2023-04-20,26.67,27.58,26.47,12.9863070780706,136847574
2023-04-21,26.7,27.09,26.25,13.0105171956658,114444046
2023-04-24,26.81,27.17,26.14,12.9330448193612,107645387
2023-04-25,26.28,26.45,25.17,12.2018992679858,138288044
2023-04-26,26.02,26.39,25.51,12.4052642557856,122567389
2023-04-27,26.56,27.83,26.39,13.4075631242273,127815635
2023-04-28,27.64,28.28,27.33,13.6787164412936,130536062
2023-05-01,28.14,28.53,27.87,13.6399802531413,89001262
2023-05-02,28.14,28.22,26.96,13.2768284892131,124656029
2023-05-03,27.5,28.2,26.83,13.0153592191849,170133774
2023-05-04,26.78,27.08,26.284,12.8700985136136,121310843
2023-05-05,27.12,28.46,27.0337,13.6593483472175,97801633
2023-05-08,28.1,28.54,27.82,13.7707148881554,75738467
2023-05-09,27.985,28.22,27.805,13.5044035946081,64840736
2023-05-10,28.52,29.02,27.87,13.9401857113219,151550962
2023-05-11,28.905,29.1899,28.49,14.0563942757789,97341453
2023-05-12,29.18,29.3,28.17,13.9111335702076,105381710
2023-05-15,28.85,29.25,28.43,14.1241826050455,86467631
2023-05-16,28.98,29.74,28.96,14.1774448637549,79663461
2023-05-17,29.55,30.48,29.23,14.6858573332544,101104633
2023-05-18,30.4,32.04,30.395,15.4751071668582,135933818
2023-05-19,32.03,32.24,31.45,15.3685826494393,99029203
2023-05-22,31.68,32.36,31.67,15.5283694255677,83312358
2023-05-23,31.56,31.895,30.73,14.9279585092064,106314966
2023-05-24,30.27,30.7,29.77,14.6858573332544,117972535
2023-05-25,32.36,32.87,31.68,15.7462604839245,130873504
2023-05-26,32.81,35.25,32.79,16.9373982696089,126392243
2023-05-30,36.31,36.67,35.04,17.1746574220419,135306375
2023-05-31,34.97,35.585,34.4,16.8260317286709,104312243
2023-06-01,34.74,36.43,34.41,17.4361266920702,108379598
2023-06-02,36.56,37.19,36.01,17.8283305971126,108252775
2023-06-05,36.76,37.7,36.56,17.8670667852649,103130933
2023-06-06,36.69,37.16,36.26,17.8476986911888,79754516
2023-06-07,36.94,37.56,34.77,16.9373982696089,114242720
2023-06-08,35.02,36.38,34.95,17.5184410918939,94076943
2023-06-09,36.68,37.615,36.195,17.7314901267318,103972012
2023-06-12,37.15,38.51,36.8401,18.6369485247926,77977891
2023-06-13,39.37,39.63,38.32,19.0533625474302,133267142
2023-06-14,39.35,40.3,38.4205,19.4600925230298,152656482
2023-06-15,39.74,42.09,39.51,20.1428178392147,127936997
2023-06-16,42.41,42.44,40.65,19.7554559576913,112405206
2023-06-20,40.29,41.08,39.6,19.6586154873105,84124889
2023-06-21,40.08,40.22,38.5,18.8730359075341,99633324
2023-06-22,38.37,40.19,38.2392,19.4997081423016,105099633
2023-06-23,38.83,39.71,38.38,18.9216151505393,112576217
2023-06-26,38.76,39.67,37.34,18.1734948082587,108450030
2023-06-27,37.845,39.5,37.6,19.0722108038555,97677018
2023-06-28,38.67,40.14,38.6325,19.1888009870681,108676267
2023-06-29,39.36,39.56,38.67,19.057637030954,99133226
2023-06-30,40.4,41.35,40.29,19.9174896321466,92154386
2023-07-03,41.2,41.49,40.84,20.0535115125613,39934028
2023-07-05,40.72,41.84,40.71,20.0389377396597,69503675
2023-07-06,39.97,40.42,39.29,19.5677190825089,85236667
2023-07-07,40.19,41.255,39.78,19.3685441861875,84312424
2023-07-10,39.76,40.1099,38.93,19.383117959089,86006812
2023-07-11,40.02,40.615,39.3,19.6600196442189,81239342
2023-07-12,41.83,42.44,41.1501,20.3887082892974,115167662
2023-07-13,43.02,44.36,42.83,21.4040144681068,82386624
2023-07-14,44.22,45.36,43.7201,21.3845827709047,93028164
2023-07-17,44.28,45.5655,44.11,21.9772495355686,72762633
2023-07-18,45.015,46.8409,44.31,22.5019053600252,98316830
2023-07-19,46.73,47.14,45.82,22.5019053600252,100286930
2023-07-20,45.16,45.7,42.69,20.923079962355,116931412
2023-07-21,43.88,44.18,42.51,20.7384788389351,102554325
2023-07-24,42.98,43.31,42.2032,20.821063552044,63214612
2023-07-25,43.08,44.28,43.08,21.238845041889,69099563
2023-07-26,43.32,43.85,42.44,21.0202384483655,102882257
2023-07-27,45.11,45.69,42.45,20.8404952492461,130551596
2023-07-28,44.3,45.59,44.13,21.9675336869676,102243838
2023-07-31,45.33,45.71,44.82,22.0112550056723,79504586
2023-08-01,44.79,45.23,44.2107,21.841227655154,77245627
2023-08-02,43.69,43.695,41.53,20.4129979108,129022026
2023-08-03,41.11,42.46,41.05,20.2672601817843,101348926
2023-08-04,42.39,43.17,40.97,19.985500572354,123726423
2023-08-07,41.73,42.2,40.94,20.4810088510074,74896059
2023-08-08,41.29,41.29,40.0,19.9563530265508,94390003
2023-08-09,41.155,41.21,39.45,19.2908173973791,99715266
2023-08-10,40.66,41.75,39.3728,19.3782600347885,130277051
2023-08-11,39.03,39.675,38.6,18.9896260907466,100786881
2023-08-14,38.83,40.44,38.6,19.6211562498147,71276790
2023-08-15,40.07,40.339,38.88,19.0187736365498,81276764
2023-08-16,38.92,39.4154,37.82,18.3872434774817,95110975
2023-08-17,38.25,38.36,36.43,17.7654291670147,105116378
2023-08-18,35.53,36.8094,35.37,17.6828444539058,123500980
2023-08-21,36.87,38.38,36.71,18.5378391307979,95743562
2023-08-22,38.97,38.98,37.77,18.455254417689,90393034
2023-08-23,38.35,40.12,38.28,19.3248228674828,87727009
2023-08-24,40.88,40.905,37.1,18.0520467007456,116198600
2023-08-25,37.43,38.56,36.35,18.4795440391917,139144691
2023-08-28,38.95,39.1699,38.0801,18.8924676047362,91320515
2023-08-29,38.8,41.52,38.6908,20.097232831266,93747831
2023-08-30,41.43,42.28,41.08,20.4324296080021,92979132
2023-08-31,42.04,42.98,42.02,20.617030731422,81121447
2023-09-01,43.21,43.36,41.75,20.5441618669142,82529193
2023-09-05,41.97,42.82,41.66,20.5975990342199,61889339
2023-09-06,42.14,42.24,40.58,20.0535115125613,74029096
2023-09-07,39.74,40.6,39.38,19.6162983255142,84311499
2023-09-08,40.31,41.24,40.17,19.6745934171205,74882748
2023-09-11,41.49,42.09,40.8401,20.3449869705927,70856404
2023-09-12,41.34,41.8095,40.4,19.6940251143225,77762059
2023-09-13,40.58,41.4851,40.19,19.8883420863435,85424685
2023-09-14,41.5,42.24,40.8,20.3547028191938,76189878
2023-09-15,41.45,41.5878,39.43,19.3102490945812,89919829
2023-09-18,39.43,40.22,39.33,19.3539704132859,62399102
2023-09-19,39.41,39.825,38.6,19.2373802300733,74370736
2023-09-20,39.77,39.8999,37.7,18.4060169259411,98019232
2023-09-21,36.55,36.78,35.57,17.3577272202252,108410565
2023-09-22,36.13,36.78,35.5206,17.369916635408,94090632
2023-09-25,35.31,36.14,35.01,17.6015155238801,81269205
2023-09-26,35.31,35.48,34.17,16.8165171861115,105339743
2023-09-27,34.809,35.2699,33.63,16.9189082736465,128435797
2023-09-28,34.39,36.1699,34.131,17.3284726237866,134072893
2023-09-29,36.58,37.0,35.23,17.3674787523714,143429055
2023-10-02,35.67,36.9,35.48,17.7819188685847,118231617
2023-10-03,35.71,36.39,34.04,16.840896016477,133269526
2023-10-04,34.78,36.19,34.64,17.5235032667105,126379628
2023-10-05,35.89,36.0,34.5,17.3382241559328,109003076
2023-10-06,34.65,37.69,34.41,18.2109862830172,147448715
2023-10-09,36.61,38.09,36.14,18.4791534170375,105483032
2023-10-10,38.005,39.3699,37.85,18.7814509135695,108054751
2023-10-11,38.94,39.4119,38.4,19.1812637315635,95855425
2023-10-12,39.47,40.05,38.12,18.956978492201,118254613
2023-10-13,39.09,39.2795,36.9741,18.2402408794558,130093765
2023-10-16,37.82,39.0,37.77,18.854587404666,86576077
2023-10-17,37.52,38.82,36.85,18.6741840599614,105193461
2023-10-18,37.47,38.1799,36.3308,17.8843099561197,131582598
2023-10-19,37.15,37.51,35.4401,17.4064848809562,185025168
2023-10-20,35.52,35.7,34.02,16.6214865431876,138861395
2023-10-23,33.675,35.41,33.06,16.7677595253805,131799503
2023-10-24,34.9,35.59,34.4,17.2407088344709,122537254
2023-10-25,34.63,34.68,32.58,15.9778854215388,164181614
2023-10-26,32.38,32.6399,30.47,15.0466141015773,187023695
2023-10-27,31.575,32.23,30.95,15.2611478087935,147351082
2023-10-30,31.95,32.69,31.575,15.7536001821763,132152801
2023-10-31,32.32,32.885,31.5992,15.9827611876119,111461831
2023-11-01,33.0,34.63,32.97,16.8067656539653,166317806
2023-11-02,35.76,36.38,35.4,17.699030845342,117067047
2023-11-03,36.7,37.98,36.63,18.3231289026984,114330614
2023-11-06,37.81,38.21,37.32,18.5327868438416,91799830
2023-11-07,38.35,39.37,37.97,19.054493813663,102251119
2023-11-08,39.2,39.43,38.43,19.0886241761747,93980052
2023-11-09,39.34,39.71,38.0604,18.6351779313766,129182608
2023-11-10,38.75,40.83,38.58,19.8784982800164,124790853
2023-11-13,40.25,40.7299,39.75,19.6980949353118,90215210
2023-11-14,42.47,43.28,42.29,20.9365395178784,116776212
2023-11-15,43.62,43.78,42.6,20.9950487107556,109216251
2023-11-16,42.76,43.21,42.3305,21.0291790732673,89022468
2023-11-17,42.88,43.5,42.565,21.0438063714865,78934433
2023-11-20,43.15,44.95,43.14,21.7946743467435,83291267
2023-11-21,44.09,44.16,43.2916,21.3997372948226,74137637
2023-11-22,44.57,45.42,44.054,21.6484013645506,85929175
2023-11-24,44.25,44.45,43.85,21.5411345109424,31987709
2023-11-27,44.005,44.74,43.765,21.4777495519922,60928200
2023-11-28,43.8,44.6,43.67,21.6484013645506,79174530
2023-11-29,45.24,45.73,44.13,21.570389107381,88761563
2023-11-30,44.3,44.455,42.8417,21.3899857626764,93197251
2023-12-01,43.49,44.4412,42.924,21.570389107381,86468789
2023-12-04,42.91,43.0745,41.73,20.9560425821708,90571804
2023-12-05,42.31,43.7,42.261,21.1071913304368,83770217
2023-12-06,44.28,44.32,42.41,20.7317573428083,80786153
2023-12-07,43.48,44.54,43.11,21.5996437038196,81377726
2023-12-08,43.65,45.0,43.585,21.8580593056937,90894450
2023-12-11,44.67,46.08,44.6,22.4138966380268,75770017
2023-12-12,45.98,47.1,45.57,22.9551066721406,71449741
2023-12-13,47.38,49.0694,47.1,23.7644838402747,115040663
2023-12-14,49.25,49.73,47.5501,23.7254777116899,101348862
2023-12-15,48.94,49.79,48.7,24.0082721439295,78365489
2023-12-18,49.49,50.6,49.3667,24.5104760494585,58217985
2023-12-19,50.42,51.06,50.355,24.8761585049408,59686431
2023-12-20,50.48,51.27,48.46,23.7759160489862,88082510
2023-12-21,49.89,50.27,48.94,24.5620789096913,74544711
2023-12-22,50.6,50.94,49.64,24.6624922345789,66210036
2023-12-26,50.64,51.51,50.62,25.1131276438303,43685609
2023-12-27,51.35,51.66,51.02,25.2453793400237,55314654
2023-12-28,51.92,52.01,51.27,25.1817025974121,42884113
2023-12-29,51.38,51.5236,50.0,24.8339296185332,67122688
2024-01-02,49.35,49.43,47.265,23.5750893992111,88135330
2024-01-03,47.17,47.54,46.4301,22.8207649098119,83906123
2024-01-04,45.87,46.97,45.73,22.4387044541422,71867708
2024-01-05,45.86,46.92,45.47,22.5219740406343,84840609
2024-01-08,46.39,48.9,46.33,23.8787784793589,67687074
2024-01-09,47.66,49.41,47.61,24.0355212304029,74215767
2024-01-10,49.17,50.41,48.8401,24.510647694505,73810511
2024-01-11,50.45,50.97,48.4,24.628204757788,95114158
2024-01-12,50.67,50.98,49.84,24.6575940236087,64107040
2024-01-16,49.88,50.91,49.33,24.6428993906984,72937014
2024-01-17,49.07,49.59,47.87,24.2167550362975,83277288
2024-01-18,50.59,51.72,50.11,25.255175761964,91070426
2024-01-19,52.32,54.62,52.1,26.7148426310612,93179737
2024-01-22,55.41,55.92,54.5101,26.8226032724039,74828256
2024-01-23,55.01,55.48,54.28,27.140986985462,56086001
2024-01-24,56.95,57.9,56.115,27.5867241837434,88927361
2024-01-25,57.26,57.53,55.52,27.6650955592654,75697602
2024-01-26,55.68,56.39,55.18,27.1556816183724,64191290
2024-01-29,55.61,57.2,55.34,27.9540900065028,57988590
2024-01-30,56.69,56.915,55.6,27.3956939559085,59777219
2024-01-31,54.19,54.984,52.58,25.7841825467375,101725798
2024-02-01,53.29,54.64,52.91,26.6952497871807,81130731
2024-02-02,55.18,57.68,54.79,28.0373595929949,99252481
2024-02-05,57.19,57.42,55.57,27.8953114748613,69973880
2024-02-06,57.38,57.64,55.64,27.7336705128472,70062112
2024-02-07,57.69,58.66,57.17,28.5614681667983,65911717
2024-02-08,58.31,58.89,58.02,28.6790252300813,49461067
2024-02-09,59.03,60.61,58.712,29.5215175169428,55111003
2024-02-12,60.21,61.14,59.275,29.1737445380639,58127494
2024-02-13,56.24,57.87,55.435,27.7924490444887,94466455
2024-02-14,57.8,58.75,56.8601,28.6741270191111,78075715
2024-02-15,58.81,59.2102,57.73,28.9141393566473,65028589
2024-02-16,59.16,59.21,57.11,28.120629179487,75966471
2024-02-20,56.58,57.18,54.55,27.4691671204604,81660547
2024-02-21,54.97,55.42,53.82,27.1262923525517,77293151
2024-02-22,58.78,60.595,58.4901,29.4725354072415,89639615
2024-02-23,60.83,61.22,59.22,29.2031338038846,70195400
2024-02-26,59.94,60.37,59.43,29.1639481161236,54937679
2024-02-27,59.96,60.09,58.87,29.3451819220183,54699868
2024-02-28,59.03,59.525,58.5501,28.8700554579161,61751698
2024-02-29,60.08,60.85,58.78,29.5656014156739,68479880
2024-03-01,60.75,63.51,60.73,30.9224058543985,70479840
2024-03-04,63.09,63.28,62.305,30.5550400316391,60209281
2024-03-05,61.1,61.1,58.02,28.9190375676174,96603453
2024-03-06,60.74,61.426,59.35,29.452942563361,90838664
2024-03-07,61.55,63.315,60.914,30.7656631033545,71185447
2024-03-08,62.92,64.13,59.77,29.4186550865701,148225630
2024-03-11,59.41,59.88,58.56,29.0757803186614,72372788
2024-03-12,60.29,62.04,58.96,30.3101294831329,84304094
2024-03-13,61.44,61.455,59.9687,29.6047871034349,71197327
2024-03-14,60.87,61.1,58.79,29.3647747658988,79353821
2024-03-15,58.69,58.9217,57.285,28.2920665634414,70441908
2024-03-18,59.88,60.8,59.29,29.0904749515718,64596873
2024-03-19,58.54,59.98,57.6802,29.2913016013469,59404997
2024-03-20,60.07,61.83,59.36,30.3273437557663,78277959
2024-03-21,63.75,63.95,62.42,30.7205670135396,63270936
2024-03-22,62.27,63.17,61.9048,30.7844657929277,45787397
2024-03-25,61.48,62.63,61.06,30.4698871867091,43334664
2024-03-26,62.61,63.01,61.28,30.1848003248234,46992994
2024-03-27,62.57,62.63,60.71,30.4502260238204,55694322
2024-03-28,61.89,62.23,61.4,30.2585296856559,43511650
2024-04-01,61.92,62.99,61.12,30.4453107330983,55672072
2024-04-02,59.87,60.42,59.001,29.6293724732186,54220524
2024-04-03,59.4,61.4599,59.38,29.8259841021053,54926992
2024-04-04,62.35,62.6099,57.7401,28.4202109555657,82207905
2024-04-05,58.4,60.9287,58.055,29.4229302628877,76948478
2024-04-08,60.21,60.6599,59.312,29.4425914257763,44599802
2024-04-09,60.81,60.935,58.575,29.7473394505506,59676612
2024-04-10,58.36,59.275,58.06,28.9658082257262,101040254
2024-04-11,59.61,62.06,58.6836,30.3273437557663,73465587
2024-04-12,59.88,60.35,58.12,28.8625871205607,86294903
2024-04-15,60.2,60.23,55.44,27.4125763575216,101828092
2024-04-16,55.69,56.81,55.24,27.4174916482438,81883055
2024-04-17,56.54,56.55,53.35,26.4000264687554,85513176
2024-04-18,53.89,54.56,52.51,25.9281585594274,86390768
2024-04-19,52.28,52.47,48.85,24.320858493279,125403822
2024-04-22,50.38,51.7699,49.17,25.028660357271,71302374
2024-04-23,51.62,53.615,51.49,26.1444313512027,75917526
2024-04-24,54.32,54.91,52.8318,26.4000264687554,72158392
2024-04-25,50.9,53.19,50.48,25.9773114666491,86413647
2024-04-26,54.03,55.87,53.77,27.1717271121355,67997318
2024-04-29,56.08,56.3301,54.875,27.4961362997985,51177477
2024-04-30,55.3,55.8499,52.7315,25.9207856233442,62624286
2024-05-01,52.15,54.8,51.27,25.3629001263783,104038426
2024-05-02,52.92,53.845,51.201,26.301720654312,62414949
2024-05-03,56.33,57.11,55.73,27.8696983946831,75439019
2024-05-06,57.42,58.6,57.115,28.783942469006,41265370
2024-05-07,58.72,59.23,58.283,28.783942469006,46660191
2024-05-08,57.5,59.015,57.45,28.7298742710622,39013598
2024-05-09,58.5,58.9993,57.75,28.8871635741715,40719623
2024-05-10,59.36,60.0699,58.54,29.0837752030582,46334849
2024-05-13,59.92,59.97,58.9802,29.2754715412227,33861003
2024-05-14,59.36,60.9,59.28,29.8210688113831,46476431
2024-05-15,61.69,63.615,61.06,31.1973502135897,65240719
2024-05-16,63.36,64.2,62.99,31.0056538754252,43857620
2024-05-17,63.09,63.355,62.02,30.9368398053149,35049847
2024-05-20,63.02,64.53,62.945,31.5758275991965,37269511
2024-05-21,63.44,64.67,63.35,31.738032193028,31156965
2024-05-22,64.69,65.0,63.42,31.7183710301393,40019688
2024-05-23,66.5,66.51,62.8014,31.2465031208114,65438940
2024-05-24,64.25,65.89,63.94,32.121424869357,41279013
2024-05-28,65.86,66.1,64.8,32.4704105106308,41593155
2024-05-29,64.24,65.44,64.2,31.7921003909718,39641112
2024-05-30,64.25,64.295,61.99,30.7697199207612,42782383
2024-05-31,62.6,62.89,58.96,30.7353128857061,71873156
2024-06-03,63.73,64.1499,60.9618,31.0351456197582,55717481
2024-06-04,63.0,64.13,62.27,31.2661642837,44245905
2024-06-05,65.12,67.48,64.65,33.1536359210119,52435719
2024-06-06,67.74,67.875,66.85,33.1143135952346,36515552
2024-06-07,67.12,68.325,66.62,32.9914313271804,44971673
2024-06-10,66.59,68.0599,66.48,33.3404169684542,36226832
2024-06-11,67.32,69.3187,66.66,34.0285576695575,35693367
2024-06-12,71.01,73.02,70.72,35.3704320367089,62201343
2024-06-13,73.57,73.8885,72.07,35.9356904697581,43642505
2024-06-14,72.95,74.21,72.73,36.4567112863077,35777482
2024-06-17,74.28,77.72,73.67,37.7789244905704,46677296
2024-06-18,76.83,77.232,76.06,37.7985856534591,33216648
2024-06-20,77.46,77.66,74.221,36.908918032747,52727537
2024-06-21,74.9,75.53,73.7219,36.5697629729175,38856467
2024-06-24,73.82,74.63,71.8001,35.3311097109316,46877274
2024-06-25,72.79,74.43,72.37,36.5107794842515,39304329
2024-06-26,73.6,74.7,73.41,36.7382478337047,36274772
2024-06-27,74.32,75.6988,73.92,37.0046815407985,37057738
2024-06-28,75.29,77.53,73.4501,36.4224745512232,53901476
2024-07-01,74.16,75.2899,72.4199,37.0194834134148,43278690
2024-07-02,74.29,77.38,74.24,38.1542936473326,37475143
2024-07-03,76.95,79.31,76.95,39.0917455796995,28075243
2024-07-05,79.57,81.85,79.43,40.275895389005,39812276
2024-07-08,81.81,82.465,81.28,40.5423290960988,36682849
2024-07-09,82.92,83.49,81.62,40.6311403317967,36186544
2024-07-10,83.32,85.2,82.6706,41.9041013768002,38777428
2024-07-11,84.97,85.06,78.7,39.1509530701648,74664485
2024-07-12,79.51,82.94,79.295,39.7874335926665,50509879
2024-07-15,81.47,83.62,80.23,40.0834710449929,54950241
2024-07-16,81.94,82.35,79.74,40.1130747902255,41818796
2024-07-17,77.33,77.57,74.09,36.5852951500027,71420013
2024-07-18,75.81,75.9199,71.55,36.0376258631989,65839241
2024-07-19,72.8,73.97,70.44,35.0607022705218,59124815
2024-07-22,73.65,74.63,72.12,36.5902291075415,56404284
2024-07-23,73.73,75.1271,73.14,36.1955125044397,43563549
2024-07-24,70.23,70.3801,65.045,32.2927520912701,79787624
2024-07-25,65.56,67.34,62.13,31.2171493478176,94063997
2024-07-26,65.0,66.34,63.78,32.1101956623355,68703452
2024-07-29,66.27,67.1854,64.52,32.2976860488089,57820438
2024-07-30,66.28,66.5901,61.34,30.9803193859565,71531847
2024-07-31,66.98,69.0,66.38,33.6890620747429,86704189
2024-08-01,68.58,70.22,61.704,31.2615549656665,105346568
2024-08-02,59.65,60.715,57.0,28.9820665827534,104922004
2024-08-05,49.33,56.185,48.8,26.4558803229015,143962225
2024-08-06,54.13,57.75,53.14,27.1170306330971,96454662
2024-08-07,57.57,58.51,53.0,26.2437201487343,91375823
2024-08-08,55.45,58.35,54.01,28.6465574701168,76439627
2024-08-09,57.44,59.53,57.0,29.0363401156799,62796186
2024-08-12,59.23,60.4,58.1146,29.2336984172308,54486320
2024-08-13,60.96,63.71,60.9,31.360234116442,54481434
2024-08-14,63.99,64.637,61.8699,31.4145076493685,62355289
2024-08-15,66.13,68.63,65.9876,33.7778733104408,53212430
2024-08-16,67.62,69.255,67.19,33.8666845461387,44837575
2024-08-19,68.68,71.35,67.885,35.1791172514524,45799924
2024-08-20,70.9,72.06,70.09,34.9620231197464,48929477
2024-08-21,71.18,72.66,70.4201,35.4406170010074,51500357
2024-08-22,72.86,73.16,67.92,33.7384016501306,63748239
2024-08-23,70.2,71.72,68.5,34.7992025209669,64376646
2024-08-26,70.27,70.67,67.53,33.7778733104408,42490653
2024-08-27,67.73,69.5,66.85,34.0640428476897,35766295
2024-08-28,68.8,69.12,65.156,32.9094967836168,59312900
2024-08-29,67.45,69.43,65.79,32.7368082697597,60016829
2024-08-30,68.12,68.87,66.18,33.8518826735224,46473387
2024-09-03,67.26,67.32,61.292,30.7632252542505,73786277
2024-09-04,61.04,63.37,60.65,30.5017255046955,47647310
2024-09-05,61.14,63.7194,60.72,30.6004046554709,55085757
2024-09-06,61.61,61.97,56.7201,28.1186240134681,84952304
2024-09-09,58.57,59.485,57.335,29.164623011688,55417464
2024-09-10,59.78,60.915,58.2,29.9491222603529,45791205
2024-09-11,61.18,64.9499,57.77,31.8585638278581,81737591
2024-09-12,64.63,66.89,63.89,32.8009497177638,55173519
2024-09-13,66.15,67.87,66.05,33.230204023637,43983294
2024-09-16,66.42,66.71,65.025,32.7861478451474,41165537
2024-09-17,67.7,68.26,65.47,32.8058836753025,51557229
2024-09-18,67.02,68.76,65.39,32.3766293694293,83198097
2024-09-19,70.3,71.8,69.4117,34.8238723086607,57400669
2024-09-20,70.15,70.68,68.31,34.6018442194159,48379784
2024-09-23,70.62,71.15,70.04,34.8584100114321,34918520
2024-09-24,71.28,72.09,69.38,35.3518057653095,40629758
2024-09-25,71.14,72.4899,71.059,35.4752602904701,32362441
2024-09-26,74.92,75.07,71.58,36.2276308170714,53501578
2024-09-27,73.62,73.66,71.39,35.6039552489677,41465342
2024-09-30,71.46,72.62,70.18,35.8811443903471,43166952
2024-10-01,72.28,72.43,67.7,34.3615539188564,67380086
2024-10-02,69.01,70.5376,67.87,34.490248877354,39559677
2024-10-03,68.73,70.8084,68.39,34.411051979817,48874717
2024-10-04,72.0,72.16,69.78,35.623754473352,55465010
2024-10-07,71.05,71.58,69.0579,34.4506504285855,41201718
2024-10-08,70.66,72.98,70.31,35.9454918695959,38957040
2024-10-09,72.52,74.63,72.06,36.8117079364066,39348133
2024-10-10,73.32,74.95,72.72,36.683012977909,43030297
2024-10-11,73.17,74.8,72.9,36.7770592937342,35367615
2024-10-14,75.44,76.82,75.21,37.7175224519858,33845634
2024-10-15,76.35,76.65,72.14,36.2127813987832,53153846
2024-10-16,73.24,73.49,71.67,36.192982174399,35392097
2024-10-17,75.58,75.6,73.25,36.3018779085123,48848851
2024-10-18,74.46,75.15,74.1299,36.9453527010003,32075848
2024-10-21,74.06,75.421,73.18,37.1482947509388,37497864
2024-10-22,73.805,75.95,73.455,37.2571904850521,38153991
2024-10-23,74.17,74.47,70.28,35.5346579636229,59086068
2024-10-24,73.42,73.8,72.24,36.3810748060493,39306370
2024-10-25,74.7,77.0,74.39,36.9948507619609,57413024
2024-10-28,76.19,76.19,74.66,37.0294994046333,34581140
2024-10-29,74.93,77.455,74.07,38.054109266518,39272579
2024-10-30,76.55,76.98,74.94,37.2076924240915,40236564
2024-10-31,73.31,73.33,69.4299,34.3764033371446,69452559
2024-11-01,70.08,72.36,69.97,35.1089746393616,48339443
2024-11-04,70.64,71.755,69.51,34.7822874370216,41107180
2024-11-05,70.95,73.24,70.915,36.1038856646699,39676266
2024-11-06,76.66,79.2201,76.1942,39.0341708735381,59397067
2024-11-07,80.16,82.93,80.1,40.8606493229846,49772598
2024-11-08,82.22,83.11,81.91,40.9596454449059,35029951
2024-11-11,83.33,83.4335,81.18,40.8853983534649,35403035
2024-11-12,82.54,82.97,80.65,40.6626570791422,34143025
2024-11-13,81.86,83.0901,80.68,40.484464059684,37494539
2024-11-14,81.59,82.0299,79.62,39.6281476050654,38825655
2024-11-15,77.27,77.45,73.29,36.762209875446,60300765
2024-11-18,74.93,76.74,74.31,37.5046807898552,38982617
2024-11-19,74.55,77.55,74.42,38.2570513164565,40044137
2024-11-20,77.15,77.29,74.11,38.2125030615919,50630319
2024-11-21,78.55,78.88,74.56,38.5886883248926,54932767
2024-11-22,77.64,78.61,76.88,38.7322327016783,39967439
2024-11-25,80.16,80.87,77.54,38.9104257211365,45757855
2024-11-26,79.29,80.25,78.89,39.514302064856,34873599
2024-11-27,79.29,79.31,76.3322,38.5589894883162,39231823
2024-11-29,78.13,80.17,77.85,39.5440009014324,20432861
2024-12-02,80.48,82.9461,80.29,40.8260006803122,36819091
2024-12-03,81.8,83.33,81.53,41.1873365253247,42405439
2024-12-04,84.87,86.37,84.5147,42.6920775785273,34996280
2024-12-05,86.25,86.64,85.34,42.3406413457069,27010202
2024-12-06,85.78,87.865,85.72,43.4295986868404,31370339
2024-12-09,87.25,87.6624,85.08,42.4148884371478,34788751
2024-12-10,86.25,87.12,84.0522,41.9545564702142,35770777
2024-12-11,86.88,89.62,86.68,44.1968186317298,37448946
2024-12-12,88.13,88.77,87.2819,43.320702952727,33174152
2024-12-13,89.42,90.77,87.85,44.2512664987865,39831847
2024-12-16,90.72,93.7892,90.67,46.1767410701543,34983844
2024-12-17,92.33,92.9099,91.17,45.5580153081467,34584080
2024-12-18,91.65,92.5673,81.29,40.6329582425658,67424578
2024-12-19,84.27,84.5305,80.75,40.0587807354227,56658794
2024-12-20,79.06,85.86,78.5,41.0982400155956,72620472
2024-12-23,83.45,85.24,81.83,42.2393737577682,41822872
2024-12-24,85.95,88.48,85.64,43.9178252426172,24069774
2024-12-26,87.62,89.08,86.591,43.8234744195044,29802398
2024-12-27,86.37,86.585,82.28,42.0407404459518,51069489
2024-12-30,81.2,83.06,79.4125,40.3523572955119,51422034
2024-12-31,81.8,82.1599,78.68,39.2946349100893,52588835
2025-01-02,80.54,81.605,76.531,39.0463432703188,70685332
2025-01-03,79.99,82.91,79.62,40.9184622341888,46215782
2025-01-06,84.97,86.85,84.03,42.3138612496994,46025002
2025-01-07,85.72,85.89,79.705,40.0345439966056,55510477
2025-01-08,80.56,81.41,78.44,40.0643389933781,48010618
2025-01-10,78.8,78.82,75.23,38.1524933671447,72825832
2025-01-13,74.05,76.2,73.34,37.7552267435118,56691006
2025-01-14,77.48,78.06,74.1909,37.6211492580357,62635450
2025-01-15,79.31,81.475,78.6,40.1636556492863,53459576
2025-01-16,82.01,82.05,79.2,39.3442932380434,46527715
2025-01-17,83.69,83.94,81.84,41.2859338610493,43676083
2025-01-21,84.45,85.15,82.3305,41.971218786816,41725896
2025-01-22,86.84,88.91,86.71,43.6000119437109,43132663
2025-01-23,86.54,88.38,86.27,43.8681669146631,30240482
2025-01-24,88.43,88.83,86.01,43.0785995001927,36239633
2025-01-27,77.58,81.03,77.18,39.2996007428847,80910839
2025-01-28,79.58,83.1699,78.0,41.0426080540741,50516695
2025-01-29,82.91,82.98,80.26,40.7893505815081,59240550
2025-01-30,83.47,84.585,80.86,41.3008313594355,57585510
2025-01-31,84.92,87.09,82.18,41.077368883642,59334629
2025-02-03,78.53,81.99,77.34,40.0842023245597,76628493
2025-02-04,80.91,83.938,80.73,41.5391913336152,42317266
2025-02-05,82.35,84.82,81.76,42.080467108315,39847434
2025-02-06,84.96,86.13,84.1948,42.7111278733323,38215508
2025-02-07,86.26,87.19,82.3513,41.0823347164374,55435239
2025-02-10,84.73,86.2,84.5,42.5273920599021,32797059
2025-02-11,84.07,85.99,84.01,42.224476259382,31301402
2025-02-12,82.28,85.605,82.1,42.308895416904,48493304
2025-02-13,85.98,88.955,85.58,44.0916293904566,46460081
2025-02-14,88.81,90.18,88.6,44.6080760011794,38028741
2025-02-18,90.63,90.75,88.75,44.8861626377224,34412579
2025-02-19,90.0,91.12,88.92,44.8911284705178,34257893
2025-02-20,90.05,90.23,86.89,44.3448868630226,40133030
2025-02-21,89.77,89.79,83.47,41.5689863303877,59313609
2025-02-24,84.5,85.05,80.5,40.0742706589689,53233725
2025-02-25,80.33,80.38,75.78,38.5447941579822,75597231
2025-02-26,78.58,80.4499,76.69,38.7930857977528,63175733
2025-02-27,79.72,80.17,71.48,35.5752261463263,103375523
2025-02-28,71.46,75.17,70.075,37.2040193032212,93178974
2025-03-03,76.37,77.05,68.435,34.8005562302421,91945843
2025-03-04,68.76,72.77,66.01,34.4181871049955,130836942
2025-03-05,69.55,72.685,67.49,35.7589619597565,100633296
2025-03-06,68.39,70.4962,65.1716,32.794359780896,122822703
2025-03-07,65.56,68.01,62.89,33.4746788738673,135177332
2025-03-10,64.0,64.19,57.88,29.7006459493548,152970012
2025-03-11,59.4,61.85,57.3707,29.353037653676,139489295
2025-03-12,61.94,62.66,59.16,30.3561358783491,141918576
2025-03-13,60.8,60.85,57.04,28.6975477246817,121227286
2025-03-14,59.71,62.23,59.5,30.7335391708003,99108544
2025-03-17,61.88,64.2799,61.15,31.3294391062497,90150374
2025-03-18,61.77,61.78,59.01,29.7503042773089,87826225
2025-03-19,60.68,63.91,59.94,30.9073433186397,92593158
2025-03-20,60.66,63.63,60.37,30.5895300197334,88409063
2025-03-21,59.53,62.415,59.0727,30.8775483218672,80490984
2025-03-24,65.06,66.53,64.815,32.8390522760547,63411497
2025-03-25,66.48,67.3701,66.09,33.4250205459132,55569695
2025-03-26,66.64,66.99,62.76,31.5716356828471,79567687
2025-03-27,62.6,64.23,61.75,31.0336526197756,72368042
2025-03-28,61.54,61.81,56.97,28.5629155893729,103632136
2025-03-31,54.72,57.628,53.04,28.5429902907406,106854450
2025-04-01,56.68,58.9901,55.62,29.2005251456059,97098166
2025-04-02,56.19,61.2,56.09,29.853078675813,123087357
2025-04-03,52.43,53.83,50.11,25.0560630300917,140115741
2025-04-04,45.99,46.78,41.03,20.4682630200093,258026677
2025-04-07,36.75,46.83,35.0,20.5479642145384,395727627
2025-04-08,45.39,46.81,37.1,19.377352919892,251147696
2025-04-09,38.76,53.41,38.73,26.2067490261058,356932034
2025-04-10,48.68,49.34,41.57,22.9838319723346,281692729
2025-04-11,45.67,49.07,44.62,24.1992751889037,179292899
2025-04-14,51.9,52.052,48.0749,24.7073703040268,147430727
2025-04-15,49.96,51.2093,49.19,24.8020154725301,104670056
2025-04-16,46.83,48.01,43.16,22.5604193763987,134574359
2025-04-17,46.09,46.2895,44.35,22.4956621558438,101095831
2025-04-21,43.37,43.64,40.24,20.8518250186807,114769688
2025-04-22,43.46,45.98,43.1,22.4458489092631,130111434
2025-04-23,49.24,50.8277,47.63,23.935264982026,151997725
2025-04-24,48.74,52.28,48.54,25.9726267671766,120307701
2025-04-25,52.04,54.07,51.48,26.8294146083646,113051563
2025-04-28,54.02,54.64,51.64,26.8094893097323,95678446
2025-04-29,53.04,55.17,52.83,27.3325283988296,84904015
2025-04-30,51.96,55.42,50.32,27.3375097234877,134223296
2025-05-01,57.56,58.885,56.63,28.2789800838629,102740841
2025-05-02,58.64,60.1867,58.03,29.6040124429095,97548936
2025-05-05,57.9,59.5,57.7,29.0909360031283,69289492
2025-05-06,56.06,58.04,55.57,28.2640361098887,82942944
2025-05-07,56.96,58.26,55.085,28.5928035373213,104368572
2025-05-08,59.2,60.71,57.66,29.4446100538513,98810788
2025-05-09,59.8,60.2698,58.325,29.3748715086383,73409422
2025-05-12,65.85,66.16,63.8508,32.9315373145002,101244950
2025-05-13,66.67,69.86,66.36,34.4408786858954,85297723
2025-05-14,69.61,70.6075,69.21,35.04860029418,80592386
2025-05-15,69.48,71.6899,68.93,35.1581894366575,80847372
2025-05-16,71.11,71.52,69.65,35.5915646819096,63813609
2025-05-19,68.47,71.86,68.43,35.6862098504129,71897093
2025-05-20,70.58,71.1699,69.4001,35.3126105010577,67034708
2025-05-21,69.24,71.99,67.18,33.843119726927,109627584
2025-05-22,68.16,69.7501,67.62,34.0174660899595,86771006
2025-05-23,65.09,67.3401,64.8587,33.0361451323197,107110438
2025-05-27,68.99,71.145,68.3893,35.337517124348,65269766
2025-05-28,71.34,71.94,69.78,34.8842165804636,66271337
2025-05-29,73.0,73.0596,69.33,35.053581618838,97717242
2025-05-30,70.13,70.6,67.04,34.8692726064894,93559149
2025-06-02,69.2,71.72,68.69,35.6712658764387,68962708
2025-06-03,71.76,73.8799,71.4,36.5031470943364,64364182
2025-06-04,73.58,74.32,72.71,36.7970452491625,64444452
2025-06-05,74.45,75.65,71.3,35.9402574079745,99512462
2025-06-06,74.27,75.01,73.54,36.9664102875369,65607693
2025-06-09,74.31,75.24,73.84,37.1307940012532,50181894
2025-06-10,74.71,76.285,73.76,37.8481047520152,61346475
2025-06-11,76.59,77.075,74.22,37.4595614286858,90825988
2025-06-12,74.6,76.1293,74.52,37.7036463369312,63055008
2025-06-13,73.1,74.885,72.27,36.2789874847232,105333080
2025-06-16,74.22,76.2499,74.22,37.75844090817,58334341
2025-06-17,74.68,75.38,73.08,36.6426241847623,67709094
2025-06-18,73.92,74.96,72.84,36.5928109381816,71330708
2025-06-20,74.76,75.3298,71.715,36.0896971477166,81677450
2025-06-23,72.73,74.93,71.42,37.2104951957823,83786355
2025-06-24,76.91,78.51,76.655,38.9041455795261,56595750
2025-06-25,78.88,79.42,77.72,39.2021886946002,50719073
2025-06-26,79.42,80.85,78.6207,40.2761528344242,50072093
2025-06-27,81.0303,82.25,79.8529,40.670772216034,73011781
2025-06-30,82.8,83.49,81.83,41.4600109792535,56860730
2025-07-01,82.12,82.54,79.81,40.4060275676122,70194973
2025-07-02,80.46,82.59,80.43,41.2102518769688,50142531
2025-07-03,83.49,85.29,83.49,42.364138929524,41742302
2025-07-07,83.6,83.97,81.8,41.420049522888,69837376
2025-07-08,83.48,83.775,82.47,41.4749965253906,57757712
2025-07-09,83.97,85.385,83.35,42.3341678372498,58988125
2025-07-10,85.03,85.22,83.14,42.1393557374678,55158885
2025-07-11,83.315,84.45,82.75,41.8196640865434,53468792
2025-07-14,83.63,84.9352,82.55,42.2642352886101,48655739
2025-07-15,86.43,86.67,84.8,42.3741292936153,61628768
2025-07-16,85.06,85.35,82.44,42.494013662712,83178817
2025-07-17,85.37,87.32,85.0,43.4830597077592,48665426
2025-07-18,87.64,87.74,86.19,43.3332042463884,49248128
2025-07-21,87.15,88.98,87.12,43.9925682764199,43860151
2025-07-22,88.13,88.16,85.465,43.30822833616,54172638
2025-07-23,87.18,87.88,85.9,43.877679089369,59012615
2025-07-24,88.45,88.96,87.6,44.1673996480192,45189135
2025-07-25,88.31,89.58,87.98,44.4171587503039,39501591
2025-07-28,89.59,90.19,89.18,44.8492419972563,47795992
2025-07-29,90.99,91.625,88.98,44.6469371244057,58125579
2025-07-30,89.74,90.88,88.26,44.8017877678222,72763814
2025-07-31,92.71,92.75,87.66,44.0625008250596,89437328
2025-08-01,85.25,85.32,81.86,41.420049522888,109890608
2025-08-04,85.22,87.5699,85.16,43.6878621716327,54292974
2025-08-05,88.05,88.61,85.42,42.7787390393165,76044162
2025-08-06,86.03,89.0655,85.81,44.3771972939383,64497633
2025-08-07,90.89,91.67,87.815,44.8267636780507,84619574
2025-08-08,90.24,92.28,90.1012,46.0355977331085,52261337
2025-08-11,92.23,93.24,90.715,45.6309879874073,47308495
2025-08-12,92.42,94.8899,91.13,47.3143643368059,60138981
2025-08-13,96.05,96.32,94.175,47.3842968854456,48029255
2025-08-14,93.84,95.5878,93.64,47.2544221522576,53192875
2025-08-15,94.47,94.51,92.4194,46.5850677581347,48083699
2025-08-18,92.8,93.455,92.23,46.5251255735864,36685677
2025-08-19,92.77,92.86,88.8238,44.626956396223,55559321
2025-08-20,88.83,88.89,84.38,43.812741722775,82202129
2025-08-21,86.95,87.95,85.39,43.2033295132004,59959971
2025-08-22,87.02,91.32,86.37,45.1464553289751,66363241
2025-08-25,89.62,90.98,89.03,44.7518359473653,40226284
2025-08-26,89.31,90.77,88.835,45.2713348801174,42187299
2025-08-27,90.14,91.44,89.54,45.4761373439908,45027590
2025-08-28,91.28,93.11,90.51,46.3053375635759,45328999
2025-08-29,91.415,91.59,88.49,44.6369467603144,60943503
2025-09-02,85.11,87.24,84.25,43.4980452538963,83334035
2025-09-03,88.73,89.875,87.5899,44.512067209172,59605270
2025-09-04,89.4,91.6646,88.615,45.7159060821841,50879842
2025-09-05,93.94,94.24,89.6872,45.8657615435549,86312867
2025-09-08,92.91,94.0951,92.64,46.5201303915407,50848372
2025-09-09,93.5,94.11,92.2435,46.8997642270134,47310374
2025-09-10,95.45,95.46,92.94,46.9497160474703,60409405
2025-09-11,95.19,95.98,94.41,47.7389548106898,45623565
2025-09-12,95.96,97.3699,95.525,48.3333814741273,46117618
2025-09-15,97.64,99.27,97.565,49.5671914394135,39057176
2025-09-16,99.67,99.81,98.61,49.4323215241798,38568574
2025-09-17,98.89,99.2,95.511,49.1176250553012,73848571
2025-09-18,100.76,102.37,99.79,50.4413482974099,61700782
2025-09-19,101.88,103.29,101.15,51.4403847065485,42182694
2025-09-22,102.42,105.0757,102.42,52.3095463824991,40527290
2025-09-23,104.79,104.9,101.98,51.2555629708578,49965276
2025-09-24,103.21,103.36,99.99,50.705,50527807
2025-09-25,99.4,100.87,97.4998,50.025,61410295
2025-09-26,100.4,101.38,98.74,50.625,62048678
2025-09-29,102.785,104.28,101.94,51.3,46196553
2025-09-30,102.41,103.57,101.22,51.7,46161927
2025-10-01,101.73,105.14,101.3,52.43,46998217
2025-10-02,106.81,106.835,104.66,53.07,44579349
2025-10-03,106.44,106.87,103.76,52.35,51548185
2025-10-06,107.4,107.8824,106.13,53.52,41238363
2025-10-07,107.7,108.06,104.52,52.655,50092909
2025-10-08,105.72,109.0499,105.66,54.44,43465528
2025-10-09,108.876,108.96,106.755,54.225,43978050
2025-10-10,108.73,109.66,96.8302,48.535,119004702
2025-10-13,102.06,103.68,100.8501,51.615,57255565
2025-10-14,99.73,103.53,97.07,50.565,73615024
2025-10-15,104.14,105.51,100.04,51.6,63534689
2025-10-16,104.68,106.33,99.75,51.025,79671984
2025-10-17,100.92,104.77,100.12,51.995,71137009
2025-10-20,105.61,108.52,105.55,53.945,39964416
2025-10-21,107.895,108.48,106.67,53.885,39905727
2025-10-22,107.45,107.74,101.58,52.3,67190370
2025-10-23,104.27,107.63,104.08,53.61,45622495
2025-10-24,109.99,111.26,109.53,55.28,42193834
2025-10-27,114.52,116.69,114.2701,58.215,38744718
2025-10-28,117.65,120.0756,117.06,59.545,46119718
2025-10-29,120.57,121.37,117.54,60.305,66530439
2025-10-30,118.59,119.34,115.03,57.545,63617135
2025-10-31,119.49,119.49,115.38,58.36,61333438
2025-11-03,120.0,120.4176,117.08,59.16,41798958
2025-11-04,113.36,115.4099,110.6433,55.54,62381392
2025-11-05,110.68,115.0,109.94,56.62,53900538
2025-11-06,112.37,112.5,106.12,53.445,78230692
2025-11-07,105.02,105.8436,99.96,52.89,91794686
2025-11-10,110.43,113.25,109.41,56.355,59939377
2025-11-11,111.27,112.42,109.6,55.89,51332767
2025-11-12,113.53,113.54,109.73,55.775,62854189
2025-11-13,109.57,109.88,103.4,52.33,100632201
2025-11-14,99.98,107.09,98.77,52.37,111198798
2025-11-17,103.41,106.628,100.11,51.025,93163522
2025-11-18,99.97,101.34,95.8,49.18,133674008
2025-11-19,98.65,103.15,97.43,50.025,92131757
2025-11-20,52.95,53.54,46.23,46.45,174012348
2025-11-21,46.85,49.1,45.24,47.48,179618618
2025-11-24,48.7,51.45,48.67,51.08,93894159
2025-11-25,50.64,52.36,49.08,52.01,101851915
2025-11-26,52.91,53.855,52.3701,53.37,75598097
2025-11-28,53.82,54.61,53.625,54.54,34381610
2025-12-01,53.11,54.65,52.82,54.05,66359590
2025-12-02,54.63,55.76,54.1441,55.3,79504353
2025-12-03,54.66,55.88,54.2327,55.69,69844899
2025-12-04,56.04,56.05,54.61,55.51,63957971
2025-12-05,55.86,57.08,55.68,56.15,73205980
2025-12-08,56.57,57.04,55.12,55.8,67607147
2025-12-09,55.45,56.22,55.09,56.01,48022799
2025-12-10,55.65,57.09,54.89,56.65,100261104
2025-12-11,55.63,56.16,53.98,56.11,99683926
2025-12-12,55.11,55.52,52.23,52.82,138448531
2025-12-15,54.06,54.06,51.72,52.02,98696303
2025-12-16,51.43,52.7684,51.095,52.33,105953678
2025-12-17,52.65,52.7994,49.37,49.4,125606247
2025-12-18,51.67,52.46,50.98,51.51,109222135
2025-12-19,52.2,53.6399,52.19,53.52,72957834
