Date,Open,High,Low,Close,Volume
2016-01-07,116.36,122.18,112.29,11.456,33636661
2016-01-08,116.33,117.72,111.1,11.139,18067140
2016-01-11,112.13,116.79,111.2,11.497,21920390
2016-01-12,116.11,117.78,115.08,11.658,15133522
2016-01-13,114.43,114.48,104.53,10.656,24921587
2016-01-14,105.65,109.25,101.21,10.706,23664784
2016-01-15,102.43,105.5,101.72,10.404,19775141
2016-01-19,106.57,110.14,105.55,10.789,35722752
2016-01-20,108.91,109.99,97.0501,10.774,53009419
2016-01-21,108.32,108.51,102.1,10.235,31027503
2016-01-22,104.7225,104.99,99.22,10.072,26821771
2016-01-25,99.78,102.68,99.0,9.912,20321102
2016-01-26,99.74,100.55,94.85,9.783,22083897
2016-01-27,96.61,97.8495,90.59,9.115,25556187
2016-01-28,93.84,95.25,90.11,9.441,24562311
2016-01-29,92.0,94.39,90.63,9.184,20463895
2016-02-01,91.79,97.18,91.3,9.409,19684477
2016-02-02,95.54,96.65,90.73,9.149,21906495
2016-02-03,92.41,92.69,86.14,9.074,27466034
2016-02-04,89.5,91.25,86.54,8.971,19108600
2016-02-05,88.23,88.95,81.86,8.279,25929257
2016-02-08,80.57,84.7,79.95,8.332,25035634
2016-02-09,81.75,88.4,81.55,8.613,25892874
2016-02-10,89.0,92.21,87.42,8.845,23146517
2016-02-11,87.42,88.39,82.911,8.635,21820321
2016-02-12,86.64,89.72,85.26,8.74,19067683
2016-02-16,89.0,90.14,87.54,8.905,16356604
2016-02-17,90.13,94.77,89.64,9.476,18323834
2016-02-18,94.8,94.9,90.31,9.049,17695324
2016-02-19,89.98,91.4,88.03,8.923,14259205
2016-02-22,90.75,93.11,88.3,9.193,16321822
2016-02-23,91.4,92.49,89.05,8.912,12744428
2016-02-24,88.5,91.76,86.7,9.161,15972819
2016-02-25,91.08,94.81,90.21,9.453,17898777
2016-02-26,95.3,97.48,94.25,9.479,16975151
2016-02-29,94.81,97.2,93.34,9.341,13663080
2016-03-01,94.58,99.16,93.61,9.83,17048790
2016-03-02,98.01,99.48,95.9,9.761,19102849
2016-03-03,97.83,98.35,95.39,9.793,15320921
2016-03-04,98.76,102.22,98.32,10.158,23414622
2016-03-07,101.0,101.79,95.25,9.549,23906672
2016-03-08,95.0,98.28,94.5,9.623,14710898
2016-03-09,96.82,98.37,95.0,9.8,12298660
2016-03-10,98.18,99.74,95.45,9.736,17002063
2016-03-11,99.51,99.6,96.05,9.766,15114299
2016-03-14,97.2,99.42,97.17,9.813,11251874
2016-03-15,97.87,98.51,96.43,9.786,9691768
2016-03-16,97.53,99.73,97.5,9.935,12630530
2016-03-17,99.05,101.39,99.0,9.972,13824964
2016-03-18,100.5,102.41,100.01,10.112,15453454
2016-03-21,101.15,102.1,99.5,10.106,9578466
2016-03-22,100.48,101.52,99.2,9.984,9069905
2016-03-23,99.75,100.39,98.81,9.959,8313480
2016-03-24,98.64,98.85,97.07,9.836,10671139
2016-03-28,98.34,101.44,97.82,10.121,12432217
2016-03-29,101.08,104.33,101.0,10.413,16008868
2016-03-30,104.65,104.91,101.4805,10.219,14704994
2016-03-31,102.43,103.53,101.05,10.223,9747539
2016-04-01,102.93,105.79,102.47,10.57,14182359
2016-04-04,105.9,105.92,103.2,10.435,10940426
2016-04-05,103.47,105.75,103.25,10.494,10060916
2016-04-06,105.3,106.44,104.25,10.483,9605800
2016-04-07,104.31,106.435,103.6,10.445,10774911
2016-04-08,105.12,105.326,102.82,10.381,7857592
2016-04-11,104.04,104.98,102.62,10.268,7451315
2016-04-12,103.15,107.22,102.21,10.698,12436982
2016-04-13,108.0,111.28,107.88,10.965,16701709
2016-04-14,110.01,111.64,109.15,11.042,9553688
2016-04-15,110.64,111.85,109.7803,11.151,11746065
2016-04-18,109.9,110.7,106.02,10.84,32816416
2016-04-19,99.49,101.37,94.2,9.434,55728765
2016-04-20,94.34,96.98,93.14,9.677,26613506
2016-04-21,97.31,97.38,94.78,9.498,19919415
2016-04-22,94.847,96.69,94.21,9.59,15806320
2016-04-25,95.7,95.7461,92.8,9.356,14985382
2016-04-26,93.5,93.55,91.25,9.243,15330856
2016-04-27,92.18,92.5,90.21,9.104,12218929
2016-04-28,91.5,92.67,90.09,9.028,11474907
2016-04-29,90.5,90.56,88.21,9.003,13968018
2016-05-02,90.41,93.22,89.8901,9.311,12547005
2016-05-03,92.08,93.25,91.3,9.154,10593880
2016-05-04,91.0,92.16,90.35,9.079,7394742
2016-05-05,90.91,92.0775,89.25,8.937,10368491
2016-05-06,88.83,90.88,88.11,9.084,10433936
2016-05-09,90.73,91.828,89.9,9.054,9543705
2016-05-10,91.14,93.25,91.09,9.289,11175913
2016-05-11,92.4,92.59,89.9,9.002,11692864
2016-05-12,90.32,90.41,85.74,8.774,20408118
2016-05-13,87.39,88.59,86.26,8.788,11571389
2016-05-16,87.56,90.0,86.15,8.912,11247812
2016-05-17,89.0,90.87,88.172,8.863,11571267
2016-05-18,88.25,91.72,88.25,9.05,13911836
2016-05-19,90.16,91.27,88.3,8.955,11450323
2016-05-20,90.08,93.28,89.98,9.249,15063042
2016-05-23,92.98,95.2924,92.85,9.489,13992330
2016-05-24,95.98,99.14,95.75,9.789,21246023
2016-05-25,99.0,100.31,98.3,10.02,15211295
2016-05-26,103.21,104.0,101.38,10.281,17824673
2016-05-27,102.44,103.5,101.44,10.33,9092127
2016-05-31,102.95,103.45,102.13,10.257,8725656
2016-06-01,101.5,101.92,100.16,10.151,8393380
2016-06-02,101.39,102.15,100.77,10.125,7992448
2016-06-03,100.99,101.0,98.53,9.959,9223994
2016-06-06,100.29,101.0712,99.72,10.074,6828128
2016-06-07,101.2,101.63,99.77,9.989,6474742
2016-06-08,100.02,100.28,97.6,9.786,9423938
2016-06-09,97.22,98.433,96.664,9.709,8923803
2016-06-10,94.88,95.35,93.28,9.375,12907900
2016-06-13,95.02,97.2,93.62,9.385,13484345
2016-06-14,94.16,95.8,93.27,9.412,9480388
2016-06-15,94.61,95.46,93.5,9.429,7675449
2016-06-16,94.18,95.56,93.2474,9.544,7550774
2016-06-17,95.75,95.77,94.2,9.445,8046841
2016-06-20,95.22,95.88,93.65,9.38,9026376
2016-06-21,93.87,93.88,90.77,9.099,15199727
2016-06-22,90.78,91.98,89.77,9.001,9454685
2016-06-23,90.62,91.68,88.15,9.166,10819033
2016-06-24,87.53,90.49,87.21,8.844,11248582
2016-06-27,87.88,88.0,84.81,8.533,13775706
2016-06-28,87.41,88.88,86.41,8.797,11545631
2016-06-29,89.67,91.97,88.7,9.106,11687079
2016-06-30,90.91,91.7201,89.9,9.148,9098971
2016-07-01,95.0,97.0,94.8,9.667,16167210
2016-07-05,95.2,101.27,93.31,9.791,25879367
2016-07-06,95.03,96.0,93.55,9.46,16301211
2016-07-07,94.7,95.38,93.18,9.51,9913509
2016-07-08,96.0,97.41,95.3,9.706,8335375
2016-07-11,96.19,96.869,94.3,9.467,13276161
2016-07-12,95.07,96.72,94.09,9.597,11617410
2016-07-13,96.26,96.72,94.8,9.643,8768863
2016-07-14,97.0,98.27,96.8,9.802,9885009
2016-07-15,98.52,98.7,97.41,9.839,9041865
2016-07-18,98.43,99.84,97.24,9.881,28669659
2016-07-19,85.43,86.75,84.5,8.584,55681209
2016-07-20,86.67,88.49,85.82,8.791,23525141
2016-07-21,88.3,88.38,85.21,8.599,16083996
2016-07-22,86.48,86.5,85.11,8.589,11363917
2016-07-25,85.73,87.87,85.01,8.766,14135027
2016-07-26,91.03,93.1,90.9,9.141,19577623
2016-07-27,91.5,92.06,90.1,9.204,8727517
2016-07-28,91.92,92.21,90.68,9.165,6227698
2016-07-29,91.19,91.749,90.59,9.125,6960222
2016-08-01,91.23,94.67,90.5,9.437,10666945
2016-08-02,94.0,94.08,92.18,9.356,9836233
2016-08-03,93.28,94.67,92.55,9.31,7030916
2016-08-04,93.2,93.7319,91.82,9.344,6043394
2016-08-05,93.77,97.74,93.56,9.703,18364801
2016-08-08,95.91,95.93,94.0,9.511,10135401
2016-08-09,95.12,95.81,93.48,9.399,9175413
2016-08-10,94.4,94.75,92.95,9.393,6511142
2016-08-11,94.6,96.33,94.37,9.589,8547659
2016-08-12,95.53,96.83,95.08,9.659,6592923
2016-08-15,96.83,96.91,95.24,9.531,7304620
2016-08-16,95.19,95.61,94.4,9.512,6311339
2016-08-17,94.94,96.93,94.85,9.637,8315615
2016-08-18,95.98,97.2168,95.17,9.616,7252629
2016-08-19,96.05,96.78,95.51,9.587,6942892
2016-08-22,95.67,96.13,94.95,9.526,5830548
2016-08-23,95.68,96.59,95.48,9.594,5239106
2016-08-24,96.13,96.36,94.91,9.518,6276468
2016-08-25,96.38,98.245,96.04,9.732,10823055
2016-08-26,97.33,97.95,96.57,9.758,6617636
2016-08-29,96.97,98.4497,96.57,9.73,8008430
2016-08-30,97.84,98.85,97.14,9.745,6093536
2016-08-31,97.48,97.88,96.76,9.745,4690614
2016-09-01,97.81,97.98,96.916,9.738,4148621
2016-09-02,97.9,98.18,97.01,9.738,4247182
2016-09-06,97.76,100.32,97.649,10.009,9036092
2016-09-07,100.11,100.19,98.42,9.915,6468512
2016-09-08,99.23,100.05,98.82,9.966,5201208
2016-09-09,99.06,99.39,96.5,9.65,7373319
2016-09-12,95.91,99.29,95.71,9.905,7718351
2016-09-13,97.17,98.0,95.33,9.609,11788078
2016-09-14,97.35,98.35,96.96,9.701,8528450
2016-09-15,97.23,97.97,96.53,9.734,5299930
2016-09-16,97.1,99.49,97.04,9.948,9445109
2016-09-19,99.9,100.35,97.82,9.806,8616183
2016-09-20,98.78,99.16,97.66,9.825,4736762
2016-09-21,96.9,97.1,93.26,9.488,20042236
2016-09-22,95.54,95.88,94.23,9.583,11214973
2016-09-23,95.75,96.97,95.43,9.594,6179471
2016-09-26,95.38,95.38,94.04,9.456,6739188
2016-09-27,95.04,97.64,95.0,9.707,9680100
2016-09-28,97.1,97.59,96.02,9.748,7235109
2016-09-29,97.31,98.31,96.6,9.667,6217636
2016-09-30,96.9,99.53,96.79,9.855,9807925
2016-10-03,98.0,103.39,98.0,10.263,15344490
2016-10-04,103.19,104.44,101.86,10.234,12143104
2016-10-05,103.5,106.97,103.4301,10.628,12942880
2016-10-06,104.97,105.47,103.88,10.507,6587738
2016-10-07,103.98,106.5,103.5501,10.482,8659518
2016-10-10,103.18,104.53,102.76,10.333,6699653
2016-10-11,102.31,102.9,99.86,10.059,9032854
2016-10-12,100.88,102.47,99.22,9.95,7426504
2016-10-13,98.01,100.5,97.63,10.023,8319333
2016-10-14,101.59,102.099,100.35,10.147,9531056
2016-10-17,100.5,100.73,98.38,9.98,26589483
2016-10-18,116.63,119.82,116.5,11.879,42168221
2016-10-19,118.25,122.45,118.0,12.187,21981734
2016-10-20,121.97,123.75,121.06,12.335,14492827
2016-10-21,122.5,127.85,122.31,12.75,18832428
2016-10-24,127.42,129.29,126.15,12.733,15980674
2016-10-25,126.52,128.06,125.75,12.651,8253941
2016-10-26,126.29,128.72,125.75,12.697,8602407
2016-10-27,127.43,128.18,125.93,12.647,6914182
2016-10-28,126.08,128.93,126.0118,12.657,7077252
2016-10-31,126.85,126.9,124.4,12.487,6517512
2016-11-01,124.98,125.83,121.8,12.33,6978621
2016-11-02,122.83,124.07,121.83,12.234,4816526
2016-11-03,122.31,123.72,121.84,12.214,5041321
2016-11-04,122.0,123.43,121.62,12.203,5077719
2016-11-07,124.26,125.75,123.37,12.458,5827126
2016-11-08,124.12,125.81,123.22,12.434,4690756
2016-11-09,121.84,123.65,120.8611,12.219,7705673
2016-11-10,122.76,122.97,113.7,11.542,19718703
2016-11-11,114.9,116.63,113.11,11.478,11080251
2016-11-14,114.75,115.9,110.68,11.338,9932379
2016-11-15,114.55,116.41,113.091,11.359,7445094
2016-11-16,112.96,116.12,111.81,11.519,5933728
2016-11-17,115.13,116.81,113.56,11.503,6232744
2016-11-18,115.73,116.42,113.51,11.521,6746783
2016-11-21,116.2,118.72,116.19,11.796,7064528
2016-11-22,118.32,119.46,116.98,11.804,7007188
2016-11-23,117.76,118.89,117.31,11.769,4521314
2016-11-25,117.64,118.39,117.18,11.741,1616260
2016-11-28,117.05,117.62,115.71,11.693,5278861
2016-11-29,117.3,119.18,117.1316,11.751,7082264
2016-11-30,119.0,120.37,116.3913,11.7,7715103
2016-12-01,117.52,118.68,113.95,11.722,8636943
2016-12-02,116.75,120.98,116.75,12.081,8953590
2016-12-05,120.73,120.75,118.4,11.916,7626283
2016-12-06,120.1,124.79,119.42,12.457,11513209
2016-12-07,124.48,125.75,123.25,12.539,8204687
2016-12-08,125.4,126.35,122.16,12.324,8987712
2016-12-09,123.78,124.3,121.73,12.288,4700783
2016-12-12,122.84,124.03,122.3,12.283,3917605
2016-12-13,123.51,125.09,122.7809,12.378,5564509
2016-12-14,123.43,124.4,122.5,12.344,6110273
2016-12-15,123.44,127.43,122.95,12.5,7376184
2016-12-16,126.39,126.68,124.01,12.422,7867975
2016-12-19,124.3,126.44,122.87,12.545,4867276
2016-12-20,125.46,126.3,124.64,12.512,3937812
2016-12-21,125.53,127.7372,125.0,12.65,6514793
2016-12-22,126.84,127.5,125.18,12.558,4161410
2016-12-23,125.61,126.28,125.08,12.559,2010382
2016-12-27,126.24,129.05,125.7,12.835,5288164
2016-12-28,129.07,129.07,125.76,12.589,4389162
2016-12-29,125.95,126.14,124.2,12.533,3445056
2016-12-30,126.24,126.57,123.6,12.38,4455351
2017-01-03,124.96,128.19,124.31,12.749,9437856
2017-01-04,127.49,130.17,126.55,12.941,7843559
2017-01-05,129.22,132.75,128.9,13.181,10185516
2017-01-06,132.08,133.88,129.81,13.107,10657878
2017-01-09,131.48,131.99,129.89,13.095,5771835
2017-01-10,131.27,132.22,129.29,12.989,5985809
2017-01-11,130.91,131.5,129.2475,13.05,5615061
2017-01-12,130.63,130.85,128.5,12.918,5388880
2017-01-13,131.15,133.93,130.58,13.37,10515015
2017-01-17,135.04,135.4,132.09,13.289,12220202
2017-01-18,133.21,133.65,131.06,13.326,16168617
2017-01-19,142.01,143.46,138.25,13.841,23203441
2017-01-20,139.36,140.79,137.66,13.86,9497394
2017-01-23,138.65,139.49,137.31,13.739,7433896
2017-01-24,138.11,140.93,137.03,14.011,7754673
2017-01-25,140.8,141.39,139.05,13.952,7612888
2017-01-26,140.45,141.21,138.51,13.896,6038313
2017-01-27,139.46,142.49,139.0,14.245,8323866
2017-01-30,141.77,141.967,138.8,14.122,8122481
2017-01-31,140.55,141.83,139.7,14.071,4411631
2017-02-01,141.2,142.41,139.3,14.078,6033422
2017-02-02,140.61,141.04,139.05,13.92,3462370
2017-02-03,139.51,140.64,139.1,14.025,3512568
2017-02-06,140.0,141.0,139.16,14.097,3552066
2017-02-07,141.49,144.28,141.05,14.4,8573515
2017-02-08,143.57,145.07,142.56,14.474,6887050
2017-02-09,144.98,145.09,143.58,14.414,4555119
2017-02-10,144.68,145.2992,143.97,14.482,6171936
2017-02-13,145.19,145.95,143.05,14.32,4790435
2017-02-14,143.2,144.11,140.05,14.082,8367786
2017-02-15,140.72,142.43,140.51,14.227,5309050
2017-02-16,142.42,142.44,141.07,14.201,2847496
2017-02-17,141.75,142.9,141.27,14.222,4588073
2017-02-21,142.99,143.38,141.81,14.26,3571481
2017-02-22,142.92,144.0,142.17,14.386,3481968
2017-02-23,144.45,144.49,141.5196,14.278,4667978
2017-02-24,141.88,143.56,141.55,14.325,3302714
2017-02-27,143.12,143.92,142.38,14.341,3907377
2017-02-28,143.3,143.57,141.85,14.213,3862200
2017-03-01,142.84,143.26,142.1,14.265,4170600
2017-03-02,142.15,142.7,139.09,13.953,6119945
2017-03-03,139.69,140.91,138.26,13.914,5401104
2017-03-06,141.0,142.84,140.54,14.194,7116118
2017-03-07,141.99,142.4,140.38,14.143,4241037
2017-03-08,141.47,142.06,139.7704,14.032,4092550
2017-03-09,140.04,141.24,139.74,14.053,2652740
2017-03-10,141.39,141.8,140.28,14.089,3318464
2017-03-13,140.9,143.71,140.321,14.352,4922432
2017-03-14,142.95,143.31,141.7,14.319,4660294
2017-03-15,144.2,145.52,143.23,14.525,5987198
2017-03-16,145.5,146.5,144.22,14.439,5286456
2017-03-17,144.05,145.76,143.4,14.511,6281316
2017-03-20,145.45,146.25,144.58,14.583,3421046
2017-03-21,146.75,147.7,142.1,14.242,7669753
2017-03-22,142.545,143.8,140.76,14.265,6486893
2017-03-23,142.14,142.89,141.26,14.184,3712625
2017-03-24,142.36,142.8,141.58,14.202,3546599
2017-03-27,140.83,144.39,140.0,14.406,4771650
2017-03-28,144.1,146.11,143.92,14.517,4638003
2017-03-29,145.5,147.18,144.9089,14.647,3855031
2017-03-30,146.81,148.29,146.53,14.806,4461068
2017-03-31,148.0,148.225,147.33,14.781,3888237
2017-04-03,146.7,148.005,145.74,14.692,4609336
2017-04-04,146.84,147.09,144.89,14.55,4368919
2017-04-05,146.19,146.25,143.26,14.362,4607636
2017-04-06,144.0,144.14,143.01,14.374,3312410
2017-04-07,143.79,143.89,142.71,14.311,3032571
2017-04-10,143.04,144.65,141.21,14.385,5807440
2017-04-11,144.28,144.54,141.98,14.435,4621451
2017-04-12,144.85,145.74,143.55,14.383,4386954
2017-04-13,144.25,144.55,142.76,14.292,3685789
2017-04-17,144.43,147.32,144.43,14.725,16364743
2017-04-18,147.34,147.4,140.0,14.336,19670975
2017-04-19,143.37,144.0,138.66,13.976,12395064
2017-04-20,140.3,141.8,139.27,14.118,7248180
2017-04-21,141.39,143.03,140.9028,14.287,6824786
2017-04-24,143.61,144.5,143.4,14.383,4792928
2017-04-25,147.46,153.52,146.22,15.216,20578697
2017-04-26,151.53,152.15,148.9,15.017,9196892
2017-04-27,150.6,153.49,149.3,15.308,7643227
2017-04-28,152.71,152.97,150.94,15.22,6311736
2017-05-01,151.91,157.7,151.61,15.535,8964849
2017-05-02,155.76,156.5,154.61,15.645,4983533
2017-05-03,156.29,156.54,154.88,15.559,3864199
2017-05-04,155.59,157.9,154.55,15.725,5345797
2017-05-05,158.55,158.59,155.9,15.66,5316045
2017-05-08,156.55,157.64,155.3,15.638,4780919
2017-05-09,156.1,157.85,155.97,15.746,3886416
2017-05-10,157.82,161.1,156.56,16.028,6834094
2017-05-11,160.33,160.52,157.55,15.854,5534257
2017-05-12,159.11,160.84,158.51,16.081,5069936
2017-05-15,160.25,161.78,159.76,16.002,4931529
2017-05-16,160.5,161.18,159.33,15.941,3366344
2017-05-17,158.09,158.78,153.0,15.32,8042402
2017-05-18,153.61,156.89,153.24,15.57,6249052
2017-05-19,156.15,158.05,155.91,15.702,4050649
2017-05-22,157.86,158.6,156.43,15.716,3720885
2017-05-23,157.75,158.31,156.8,15.795,3333727
2017-05-24,158.35,158.48,157.17,15.775,2963515
2017-05-25,161.0,164.1,160.55,16.305,8467678
2017-05-26,162.84,163.05,161.12,16.243,4804219
2017-05-30,163.6,164.75,162.71,16.322,4791959
2017-05-31,163.61,164.0,160.74,16.307,5251201
2017-06-01,163.52,163.9316,161.7,16.299,3869808
2017-06-02,163.42,165.36,162.8,16.518,4217679
2017-06-05,165.49,165.5,163.43,16.506,3830296
2017-06-06,164.95,166.82,164.51,16.517,4325459
2017-06-07,165.6,166.4,164.4086,16.561,3285592
2017-06-08,166.12,166.87,164.84,16.588,3666393
2017-06-09,166.27,166.27,154.5,15.803,10255110
2017-06-12,155.3,155.53,148.31,15.144,14045559
2017-06-13,154.38,155.68,150.13,15.272,8379437
2017-06-14,154.34,155.615,150.28,15.22,6364572
2017-06-15,149.44,152.56,147.3,15.176,6976720
2017-06-16,151.45,153.53,150.39,15.238,6751799
2017-06-19,154.29,155.58,152.41,15.34,6461866
2017-06-20,153.68,154.5,151.4,15.205,4850911
2017-06-21,152.5,155.38,152.26,15.503,5783436
2017-06-22,155.13,155.2,153.7,15.489,3735995
2017-06-23,155.01,158.19,153.76,15.802,6086644
2017-06-26,158.78,159.97,156.56,15.75,5951060
2017-06-27,156.62,156.9775,150.7197,15.103,7386827
2017-06-28,151.64,154.2,150.12,15.341,5522740
2017-06-29,152.82,152.82,148.0,15.009,7106930
2017-06-30,149.76,150.71,148.42,14.941,5164844
2017-07-03,149.8,150.45,145.8,14.617,3907790
2017-07-05,146.58,148.26,145.58,14.761,4469163
2017-07-06,146.13,147.27,144.25,14.625,5253871
2017-07-07,146.65,150.75,146.65,15.018,5490809
2017-07-10,150.34,153.23,149.65,15.267,5113353
2017-07-11,152.37,155.23,151.55,15.433,4824579
2017-07-12,155.77,158.8,155.77,15.875,8095303
2017-07-13,158.51,160.13,156.98,15.821,6666000
2017-07-14,159.3,161.35,157.97,16.112,5412128
2017-07-17,162.91,163.55,160.0201,16.17,12299024
2017-07-18,176.12,185.0,174.24,18.36,40126110
2017-07-19,182.97,187.17,181.75,18.386,17149580
2017-07-20,183.84,185.92,182.7,18.36,7688768
2017-07-21,182.72,191.5,182.71,18.854,9215232
2017-07-24,188.685,190.25,187.01,18.791,8646192
2017-07-25,187.79,188.66,185.81,18.697,5357533
2017-07-26,187.7,189.7043,187.51,18.908,4354866
2017-07-27,189.89,190.0,179.38,18.268,11013995
2017-07-28,182.0,185.03,181.18,18.404,6166404
2017-07-31,184.26,184.9738,180.65,18.166,4776740
2017-08-01,182.49,184.62,181.43,18.203,5003248
2017-08-02,182.22,182.57,177.8149,18.074,5713517
2017-08-03,180.53,181.2248,178.02,17.923,4596187
2017-08-04,179.6,181.0,178.5,18.027,4446148
2017-08-07,181.0,182.27,179.1,18.133,4470746
2017-08-08,181.37,181.91,177.45,17.836,4806525
2017-08-09,171.43,175.96,170.01,17.578,9573608
2017-08-10,174.03,174.45,167.6,16.914,9539473
2017-08-11,169.86,172.58,169.0,17.14,4972045
2017-08-14,169.8,172.45,168.8,17.1,7377962
2017-08-15,171.53,171.88,168.25,16.85,5470271
2017-08-16,167.5,170.5,166.25,16.998,6916579
2017-08-17,169.23,170.58,165.72,16.609,5161920
2017-08-18,165.95,169.97,165.8,16.654,7363750
2017-08-21,166.91,168.99,164.23,16.676,6303314
2017-08-22,167.76,169.93,167.04,16.934,4857816
2017-08-23,168.35,169.64,166.7,16.906,4616656
2017-08-24,169.86,171.2363,166.15,16.813,5270931
2017-08-25,168.58,168.75,165.5,16.595,4045626
2017-08-28,166.43,168.67,165.6,16.712,3619575
2017-08-29,165.0,169.68,164.73,16.881,4573282
2017-08-30,169.5,174.85,169.37,17.469,7985196
2017-08-31,175.45,176.24,173.86,17.471,6886143
2017-09-01,175.55,176.48,173.92,17.474,3781453
2017-09-05,173.4,175.88,172.44,17.452,4580903
2017-09-06,175.25,179.46,173.73,17.925,8695383
2017-09-07,178.8,180.35,177.1,17.9,5938152
2017-09-08,178.45,180.39,176.25,17.642,4577777
2017-09-11,178.1,182.47,178.03,18.174,5936476
2017-09-12,182.55,185.33,180.6435,18.515,6606688
2017-09-13,184.07,184.4995,182.55,18.364,4303277
2017-09-14,183.25,185.2882,182.07,18.263,4469985
2017-09-15,182.73,184.93,181.43,18.235,5442089
2017-09-18,183.61,185.45,182.73,18.462,5318130
2017-09-19,184.98,186.23,184.17,18.568,4951465
2017-09-20,186.1,186.5,183.2,18.551,4473036
2017-09-21,185.82,189.95,184.51,18.878,7113489
2017-09-22,188.4,189.85,186.39,18.735,5420227
2017-09-25,186.46,186.55,177.7,17.855,9322531
2017-09-26,180.7,180.95,176.55,17.938,5572599
2017-09-27,181.01,183.34,180.7,18.197,4963152
2017-09-28,181.25,181.95,179.36,18.07,4064507
2017-09-29,180.73,182.9,180.65,18.135,4193999
2017-10-02,182.11,182.8,176.58,17.701,7316345
2017-10-03,177.65,179.7,177.55,17.919,3903112
2017-10-04,181.41,186.7,181.25,18.445,9170855
2017-10-05,185.65,194.49,184.49,19.439,19270032
2017-10-06,194.3,198.92,192.05,19.802,15096222
2017-10-09,199.1,199.4,196.56,19.687,6912140
2017-10-10,197.85,198.3,192.1,19.508,6179012
2017-10-11,195.57,196.2199,193.81,19.495,5544715
2017-10-12,196.75,198.62,194.71,19.586,7723224
2017-10-13,199.7,200.8199,197.1866,19.949,11929816
2017-10-16,201.95,202.83,197.86,20.268,18103086
2017-10-17,200.11,204.38,197.77,19.948,23819054
2017-10-18,199.99,200.01,194.25,19.554,11133883
2017-10-19,193.01,195.25,191.16,19.513,7007447
2017-10-20,195.9,196.38,193.77,19.416,5907121
2017-10-23,194.17,194.8999,191.0346,19.247,6952997
2017-10-24,192.75,196.735,191.4,19.602,6985460
2017-10-25,195.38,197.055,193.01,19.377,5231713
2017-10-26,194.66,197.61,194.08,19.521,5101258
2017-10-27,197.2,200.65,196.22,19.954,8088364
2017-10-30,199.62,201.099,197.0721,19.837,5412277
2017-10-31,198.21,198.59,195.218,19.643,5437925
2017-11-01,197.24,199.199,196.0,19.8,4983343
2017-11-02,197.45,199.44,197.0901,19.932,3578289
2017-11-03,199.8,200.55,197.99,20.001,3643216
2017-11-06,200.0,202.48,198.09,20.013,5834857
2017-11-07,200.0,200.61,194.8,19.589,6413310
2017-11-08,196.0,197.09,194.74,19.644,4203137
2017-11-09,194.46,194.49,190.81,19.39,5839579
2017-11-10,191.61,192.59,189.5,19.202,6609739
2017-11-13,191.12,196.05,191.0,19.508,4598005
2017-11-14,193.64,195.88,193.0,19.571,3408535
2017-11-15,194.54,195.42,191.53,19.212,4162712
2017-11-16,194.33,197.7,193.75,19.551,5655042
2017-11-17,195.74,195.95,192.65,19.32,3753775
2017-11-20,193.3,194.32,191.9,19.41,3727412
2017-11-21,195.04,197.52,194.971,19.623,4598017
2017-11-22,196.58,196.75,193.63,19.632,5879771
2017-11-24,196.65,196.9,195.33,19.575,2160300
2017-11-27,195.56,195.85,194.0,19.505,3186677
2017-11-28,195.34,199.68,194.01,19.918,6942358
2017-11-29,198.91,199.03,184.32,18.815,14180063
2017-11-30,190.31,190.86,186.68,18.758,6615427
2017-12-01,186.99,189.8,185.0,18.682,6215663
2017-12-04,189.36,189.72,178.38,18.404,9069765
2017-12-05,183.5,188.14,181.19,18.421,5547802
2017-12-06,183.38,186.4844,182.88,18.53,5006257
2017-12-07,185.71,187.34,183.22,18.52,4543492
2017-12-08,186.5,189.42,186.3,18.854,4909440
2017-12-11,187.85,189.42,185.91,18.622,5131319
2017-12-12,186.01,187.85,184.82,18.573,4135595
2017-12-13,186.1,188.69,185.41,18.786,4653749
2017-12-14,187.98,192.64,187.2,18.956,7677048
2017-12-15,189.61,191.43,188.01,19.012,7048874
2017-12-18,191.2,191.65,188.9,19.042,4944337
2017-12-19,190.18,190.3,185.75,18.702,6526555
2017-12-20,187.94,189.11,185.26,18.882,5814609
2017-12-21,189.44,190.95,187.58,18.862,3522551
2017-12-22,188.33,190.95,186.8,18.994,3760922
2017-12-26,189.78,189.94,186.4,18.776,3032707
2017-12-27,187.8,188.1,185.22,18.624,3932094
2017-12-28,187.18,194.49,186.85,19.271,10080261
2017-12-29,192.51,193.95,191.22,19.196,5158845
2018-01-02,196.1,201.65,195.42,20.107,10854449
2018-01-03,202.05,206.21,201.5,20.505,8526678
2018-01-04,206.2,207.05,204.0,20.563,5999150
2018-01-05,207.25,210.02,205.59,20.999,6947850
2018-01-08,210.02,212.5,208.44,21.205,5508816
2018-01-09,212.11,212.98,208.59,20.931,5773129
2018-01-10,207.57,213.64,206.91,21.252,5783171
2018-01-11,214.29,217.75,213.35,21.724,6936990
2018-01-12,217.18,222.55,216.0,22.123,8150809
2018-01-16,224.24,226.07,217.2,22.153,10344272
2018-01-17,221.0,221.15,216.32,21.75,8979616
2018-01-18,220.34,220.58,216.55,22.033,8104960
2018-01-19,222.75,223.49,218.5,22.046,10257129
2018-01-22,222.0,227.79,221.2,22.758,13078653
2018-01-23,255.05,257.71,248.02,25.029,27518256
2018-01-24,250.88,261.71,249.31,26.13,17116019
2018-01-25,263.0,272.3,260.23,26.97,15127209
2018-01-26,271.49,274.6,268.76,27.46,10841105
2018-01-29,274.2,286.81,273.92,28.459,17290833
2018-01-30,277.0,282.73,272.7,27.88,11983092
2018-01-31,281.94,282.29,269.58,27.03,11192988
2018-02-01,266.41,271.95,263.38,26.507,9468021
2018-02-02,263.0,270.62,262.71,26.743,8968632
2018-02-05,262.0,267.9,250.03,25.426,11121359
2018-02-06,247.7,266.7,245.0,26.572,12285458
2018-02-07,266.58,272.45,264.33,26.456,8679872
2018-02-08,267.08,267.62,250.0,25.01,8711249
2018-02-09,253.85,255.8,236.11,24.947,16282837
2018-02-12,252.14,259.15,249.0,25.795,8453411
2018-02-13,257.29,261.41,254.7,25.827,6758332
2018-02-14,260.47,269.88,260.33,26.6,10819780
2018-02-15,270.03,280.5,267.63,28.027,10661768
2018-02-16,278.73,281.96,275.69,27.852,8223309
2018-02-20,277.74,285.81,276.61,27.855,7691297
2018-02-21,282.07,286.64,280.01,28.104,9289130
2018-02-22,283.88,284.5,274.45,27.814,8769251
2018-02-23,281.0,286.0,277.81,28.593,7224968
2018-02-26,288.75,295.65,287.01,29.416,10203579
2018-02-27,294.77,297.36,290.59,29.061,9187578
2018-02-28,293.1,295.75,290.78,29.138,7422673
2018-03-01,292.75,295.25,283.83,29.039,11932051
2018-03-02,284.65,301.18,283.23,30.105,13345313
2018-03-05,302.85,316.91,297.6,31.5,18986099
2018-03-06,319.88,325.79,316.5,32.522,18525844
2018-03-07,320.0,323.74,314.55,32.116,17132222
2018-03-08,322.2,322.92,314.13,31.7,11182666
2018-03-09,321.33,331.44,320.23,33.144,14152860
2018-03-12,333.56,333.98,318.6,32.13,20050086
2018-03-13,323.87,325.84,313.28,31.588,12836292
2018-03-14,318.16,323.88,317.7,32.155,10187889
2018-03-15,323.17,323.4,318.14,32.109,5217383
2018-03-16,321.42,324.11,318.37,31.845,7144077
2018-03-19,315.8,317.0,307.34,31.348,9812726
2018-03-20,313.26,319.5,312.8,31.75,5922296
2018-03-21,316.35,319.4,314.51,31.648,5016980
2018-03-22,313.07,314.12,305.66,30.67,7920524
2018-03-23,307.41,309.37,300.36,30.094,9226978
2018-03-26,309.36,321.03,302.0,32.035,11906279
2018-03-27,322.49,322.9,297.0,30.069,11890994
2018-03-28,298.39,298.8,281.61,28.577,18972912
2018-03-29,287.0,295.35,275.9,29.535,19145522
2018-04-02,291.94,292.87,275.05,28.029,13405760
2018-04-03,285.45,291.25,278.01,28.367,12694862
2018-04-04,273.63,290.31,271.22,28.894,12913978
2018-04-05,293.15,299.16,289.11,29.397,10655178
2018-04-06,289.1,298.85,285.65,28.885,11444777
2018-04-09,291.77,299.55,289.12,28.993,9853564
2018-04-10,297.68,298.95,291.69,29.807,10719097
2018-04-11,302.88,311.64,301.82,30.367,14877429
2018-04-12,309.72,311.13,306.75,30.925,10249403
2018-04-13,317.29,317.49,308.23,31.165,12046573
2018-04-16,315.99,316.1,304.0,30.778,20307921
2018-04-17,329.66,338.62,323.77,33.606,33866456
2018-04-18,336.3,338.82,331.1,33.452,11221139
2018-04-19,332.88,335.31,326.77,33.27,8438825
2018-04-20,332.22,336.51,326.0,32.777,9158655
2018-04-23,329.15,331.22,317.08,31.869,8968015
2018-04-24,319.22,320.25,302.31,30.702,13893217
2018-04-25,306.37,309.98,292.62,30.576,14919698
2018-04-26,310.0,316.63,305.58,31.398,9266699
2018-04-27,316.25,317.45,306.5,31.176,7074384
2018-04-30,311.07,317.88,310.12,31.246,6088787
2018-05-01,310.36,313.48,306.69,31.33,6036639
2018-05-02,311.65,317.1,310.4,31.336,5697120
2018-05-03,312.59,312.59,305.73,31.169,6135828
2018-05-04,308.71,320.98,307.67,32.009,8209513
2018-05-07,321.99,329.02,319.34,32.626,7117823
2018-05-08,325.9,327.35,323.05,32.689,4735738
2018-05-09,328.79,331.95,327.51,33.03,5633444
2018-05-10,331.5,332.06,327.34,32.96,5302254
2018-05-11,329.65,331.26,324.87,32.646,4589731
2018-05-14,327.25,330.5,327.04,32.853,4089800
2018-05-15,325.94,326.94,322.43,32.613,4746096
2018-05-16,326.28,329.72,325.14,32.819,3671690
2018-05-17,327.53,330.45,323.17,32.522,4935708
2018-05-18,324.9,326.42,322.8,32.418,3577717
2018-05-21,327.11,331.88,325.45,33.182,6657326
2018-05-22,334.05,336.63,331.15,33.162,5964448
2018-05-23,329.04,345.0,328.09,34.472,10049147
2018-05-24,344.34,354.0,341.12,34.929,14758553
2018-05-25,349.9,354.36,348.83,35.129,7817400
2018-05-29,351.5,356.1,346.71,34.973,9717921
2018-05-30,352.37,354.0,349.26,35.354,5685531
2018-05-31,353.8,355.53,350.21,35.16,6921687
2018-06-01,353.88,359.99,352.82,35.993,7112292
2018-06-04,362.68,363.0,355.51,36.181,7681995
2018-06-05,363.32,369.83,361.41,36.58,8358045
2018-06-06,367.78,369.68,363.33,36.745,7712302
2018-06-07,368.54,368.7,357.8,36.14,8278040
2018-06-08,358.06,362.39,356.25,36.057,5225736
2018-06-11,361.88,365.67,360.91,36.145,4432445
2018-06-12,363.6,365.98,362.0,36.383,4290969
2018-06-13,367.53,384.25,364.11,37.993,18222799
2018-06-14,384.27,395.03,383.25,39.287,14598333
2018-06-15,390.71,398.86,387.51,39.198,13588114
2018-06-18,387.72,393.16,386.5,39.04,6824794
2018-06-19,389.5,405.29,388.5,40.498,16697104
2018-06-20,415.15,419.47,409.6,41.676,16494572
2018-06-21,421.38,423.21,406.37,41.544,18389936
2018-06-22,419.98,420.5,409.65,41.109,10428621
2018-06-25,404.69,405.99,378.75,38.448,22490922
2018-06-26,393.28,404.78,389.05,39.939,15191157
2018-06-27,407.56,411.59,390.0,39.039,16541426
2018-06-28,395.0,396.9,387.1,39.542,12219888
2018-06-29,399.19,401.33,390.55,39.143,9252511
2018-07-02,385.45,398.38,380.0,39.818,8142457
2018-07-03,399.49,399.98,389.5,39.052,5280344
2018-07-05,393.8,399.24,390.86,39.839,8448937
2018-07-06,397.45,408.65,395.52,40.825,8629606
2018-07-09,415.95,419.12,411.1,41.897,11127477
2018-07-10,417.24,419.44,413.08,41.563,9382944
2018-07-11,411.34,419.77,410.6,41.865,9713904
2018-07-12,415.16,416.79,407.8,41.35,12743273
2018-07-13,409.19,410.0,395.08,39.58,15747266
2018-07-16,398.98,403.36,391.75,40.048,22959984
2018-07-17,346.95,385.0,344.0,37.948,58410362
2018-07-18,381.24,383.13,372.36,37.513,21746266
2018-07-19,371.06,375.75,363.0,36.423,16878681
2018-07-20,364.92,370.5,360.14,36.105,15113740
2018-07-23,359.15,363.9,353.6,36.266,11505232
2018-07-24,366.94,367.4,354.56,35.732,12851457
2018-07-25,357.57,363.28,355.65,36.287,8516248
2018-07-26,358.19,365.54,356.63,36.309,6993684
2018-07-27,366.85,367.0,351.65,35.521,8949491
2018-07-30,351.93,352.03,334.02,33.496,18260710
2018-07-31,331.51,342.5,328.0,33.745,14085369
2018-08-01,335.87,344.41,334.02,33.838,7790477
2018-08-02,337.23,345.0,334.71,34.45,7131328
2018-08-03,347.75,347.86,338.48,34.309,8848367
2018-08-06,342.87,351.98,341.74,35.092,8198076
2018-08-07,353.23,357.31,349.01,35.183,7970930
2018-08-08,352.21,352.29,346.61,34.761,5402465
2018-08-09,347.96,352.44,345.82,34.936,4820313
2018-08-10,346.91,349.1,344.42,34.587,4337481
2018-08-13,339.89,347.19,339.07,34.131,6893649
2018-08-14,342.09,342.41,336.25,33.749,5805182
2018-08-15,334.03,335.5,321.0,32.64,11784485
2018-08-16,329.9,331.17,321.21,32.244,6689733
2018-08-17,319.01,324.37,312.96,31.678,10407908
2018-08-20,314.64,331.6,310.93,32.773,13591100
2018-08-21,331.0,341.5,329.7,33.802,14783246
2018-08-22,338.49,346.21,337.41,34.444,8930669
2018-08-23,348.11,350.08,337.65,33.917,11336425
2018-08-24,346.0,359.15,344.54,35.882,14729137
2018-08-27,367.15,374.49,360.0,36.458,17427304
2018-08-28,367.23,369.99,360.38,36.849,9222617
2018-08-29,367.2,369.86,362.91,36.804,8118734
2018-08-30,365.0,376.81,363.54,37.098,10981013
2018-08-31,370.66,376.0,367.08,36.768,7943443
2018-09-04,366.47,368.88,361.26,36.36,7605161
2018-09-05,360.0,363.39,335.83,34.118,13092847
2018-09-06,347.44,356.0,341.99,34.646,13050156
2018-09-07,342.2,355.75,341.25,34.868,9105817
2018-09-10,352.27,352.5,343.08,34.841,5752184
2018-09-11,344.67,356.15,343.9,35.593,6198063
2018-09-12,359.08,370.43,356.24,36.995,10480769
2018-09-13,371.91,374.09,366.84,36.815,8366122
2018-09-14,368.55,371.09,363.46,36.456,4756426
2018-09-17,364.22,367.33,349.57,35.035,7071945
2018-09-18,353.67,368.15,351.56,36.765,10413981
2018-09-19,373.95,377.61,359.17,36.696,11876841
2018-09-20,370.26,370.26,363.17,36.536,6768086
2018-09-21,366.59,372.22,360.74,36.119,11930568
2018-09-24,359.0,373.64,354.33,36.961,9322522
2018-09-25,370.23,371.34,364.49,36.943,6799816
2018-09-26,373.59,382.0,370.88,37.788,13799728
2018-09-27,379.87,383.2,376.0,38.071,7326246
2018-09-28,379.24,380.8,373.73,37.413,7114878
2018-10-01,375.85,386.11,375.59,38.143,8376560
2018-10-02,384.38,386.8,373.83,37.714,8638717
2018-10-03,378.53,380.93,374.88,37.705,5798605
2018-10-04,375.88,375.92,360.4,36.365,9074350
2018-10-05,359.77,363.5,343.0,35.135,13522957
2018-10-08,345.18,352.95,338.11,34.91,12375496
2018-10-09,348.48,358.72,347.09,35.571,8754990
2018-10-10,353.52,355.15,325.39,32.589,17183120
2018-10-11,324.94,334.2,315.81,32.11,16082056
2018-10-12,339.57,341.3,328.9,33.956,14870830
2018-10-15,337.63,339.21,326.93,33.313,11214956
2018-10-16,337.24,347.95,330.56,34.64,20156418
2018-10-17,378.33,380.0,356.5,36.47,32610947
2018-10-18,360.67,362.2,346.05,34.671,18461040
2018-10-19,351.0,355.8,332.2,33.267,16717233
2018-10-22,333.1,335.8,320.34,32.954,17097175
2018-10-23,318.0,336.58,316.77,33.316,14907326
2018-10-24,332.28,333.0,300.73,30.183,19039297
2018-10-25,307.12,319.94,305.25,31.287,13346921
2018-10-26,300.51,313.99,292.3,29.983,19616041
2018-10-29,305.26,307.89,275.4,28.484,21698841
2018-10-30,275.57,290.52,271.21,28.581,23685702
2018-10-31,297.77,311.5,295.05,30.178,20360342
2018-11-01,304.59,318.45,296.67,31.738,15121450
2018-11-02,318.0,321.88,308.33,30.91,13404646
2018-11-05,311.1,317.53,303.74,31.544,10283044
2018-11-06,314.76,320.22,305.3,31.084,9710424
2018-11-07,312.9,328.56,311.0,32.75,13328328
2018-11-08,328.0,332.05,316.61,31.792,11023853
2018-11-09,311.07,312.98,298.01,30.347,13480792
2018-11-12,300.0,302.49,290.63,29.407,10924827
2018-11-13,295.0,303.55,289.1,29.44,12232162
2018-11-14,300.4,301.84,278.3,28.673,16853574
2018-11-15,285.51,292.5,282.16,29.006,9967098
2018-11-16,287.14,291.72,281.0,28.621,9099485
2018-11-19,283.79,285.09,269.15,27.06,12993797
2018-11-20,254.63,276.34,250.0,26.698,16693809
2018-11-21,274.42,275.34,261.51,26.213,11023037
2018-11-23,260.11,265.5,256.84,25.882,5245123
2018-11-26,260.55,266.25,253.8,26.143,12498560
2018-11-27,259.24,269.08,256.14,26.663,11149501
2018-11-28,271.98,284.0,263.34,28.265,14801333
2018-11-29,282.32,290.49,275.5,28.875,15431538
2018-11-30,288.0,290.81,283.06,28.613,11860117
2018-12-03,293.19,298.72,284.58,29.03,14117370
2018-12-04,288.13,295.74,274.72,27.533,12800586
2018-12-06,268.33,283.22,267.14,28.288,13074324
2018-12-07,282.48,284.21,263.38,26.514,12466711
2018-12-10,264.19,271.18,260.61,26.97,9605553
2018-12-11,274.08,274.5,262.76,26.532,9843199
2018-12-12,267.66,281.77,266.48,27.488,11456716
2018-12-13,277.64,279.32,271.85,27.602,8379292
2018-12-14,271.81,277.67,265.0,26.684,9915319
2018-12-17,266.51,272.98,261.08,26.28,9634734
2018-12-18,263.3,275.75,263.29,27.094,10350079
2018-12-19,269.96,280.87,263.77,26.677,13788448
2018-12-20,264.64,269.9,251.88,26.058,16792928
2018-12-21,263.83,264.5,241.29,24.639,21397595
2018-12-24,242.0,250.65,233.68,23.388,9547616
2018-12-26,233.92,254.5,231.23,25.367,14402735
2018-12-27,250.11,255.59,240.1,25.557,12235217
2018-12-28,257.94,261.9144,249.8,25.608,10987286
2018-12-31,260.16,270.1001,260.0,26.766,13508920
2019-01-02,259.28,269.75,256.58,26.766,11679528
2019-01-03,270.2,275.79,264.43,27.12,14969647
2019-01-04,281.88,297.8,278.54,29.757,19330102
2019-01-07,302.1,316.8,301.65,31.534,18620116
2019-01-08,319.98,320.59,308.01,32.027,15359180
2019-01-09,317.71,323.35,313.5,31.996,13343152
2019-01-10,314.57,325.37,312.5,32.466,13472475
2019-01-11,330.96,341.09,328.52,33.759,19500429
2019-01-14,334.24,335.48,329.13,33.294,10499582
2019-01-15,349.6,357.22,347.0,35.464,21181234
2019-01-16,354.0,358.85,348.11,35.139,15385548
2019-01-17,349.5,355.79,346.41,35.319,18871195
2019-01-18,351.97,353.0,336.73,33.91,26621040
2019-01-22,334.89,336.88,321.03,32.516,17941416
2019-01-23,328.25,331.75,318.6,32.199,13480138
2019-01-24,320.6,331.8,319.0,32.667,11131627
2019-01-25,328.72,340.0,328.51,33.805,11166609
2019-01-28,334.7,336.3,328.88,33.566,8652082
2019-01-29,335.87,338.22,328.15,32.89,7655189
2019-01-30,332.75,341.78,330.8,34.066,9234530
2019-01-31,339.68,345.99,338.09,33.95,8535517
2019-02-01,337.18,346.84,336.5,33.985,9827760
2019-02-04,342.6,352.0,341.3,35.134,9051387
2019-02-05,353.2,360.0,352.9,35.581,9046623
2019-02-06,357.0,357.04,347.19,35.219,6717662
2019-02-07,347.9,348.75,339.02,34.471,7864529
2019-02-08,338.0,348.0,338.0,34.757,7561391
2019-02-11,350.0,352.87,344.81,34.573,5454863
2019-02-12,348.09,360.0,346.52,35.997,10429399
2019-02-13,357.3,359.6,350.28,35.177,10559146
2019-02-14,351.75,360.45,348.33,35.907,9295338
2019-02-15,358.47,364.4,355.5,35.687,9229980
2019-02-19,355.8,365.0,355.32,36.192,7396559
2019-02-20,364.85,366.71,356.7,35.991,8110741
2019-02-21,360.03,362.85,353.88,35.697,6227897
2019-02-22,360.34,366.13,360.05,36.302,7088214
2019-02-25,367.01,371.49,363.79,36.391,7569320
2019-02-26,362.98,365.7,359.33,36.497,4944593
2019-02-27,363.5,368.03,359.8,36.287,5629945
2019-02-28,362.47,366.39,357.71,35.81,6186763
2019-03-01,362.26,362.87,354.69,35.732,5526539
2019-03-04,359.72,362.25,348.04,35.104,7486996
2019-03-05,351.46,356.17,348.25,35.43,5937754
2019-03-06,353.6,359.88,351.7,35.961,6211895
2019-03-07,360.16,362.86,350.5,35.26,6151331
2019-03-08,345.75,349.92,342.47,34.96,6898838
2019-03-11,352.0,358.98,350.03,35.886,5387285
2019-03-12,359.37,360.13,353.8,35.627,5164571
2019-03-13,355.81,362.48,352.77,36.121,6444092
2019-03-14,360.5,363.84,358.1,35.882,5271429
2019-03-15,361.02,364.0,358.89,36.146,8443210
2019-03-18,362.47,370.97,361.86,36.344,7194726
2019-03-19,366.4,366.96,356.8,35.878,7541425
2019-03-20,358.91,375.9,357.01,37.522,10917165
2019-03-21,374.0,379.0,370.61,37.787,8544017
2019-03-22,375.95,376.43,360.04,36.101,8661346
2019-03-25,359.0,367.04,357.44,36.623,8473845
2019-03-26,367.87,368.38,358.02,35.997,7666475
2019-03-27,361.0,362.47,350.37,35.337,7852370
2019-03-28,354.49,355.94,349.2,35.461,4360960
2019-03-29,357.16,358.25,353.71,35.656,4705636
2019-04-01,359.0,368.33,358.51,36.696,7036097
2019-04-02,366.25,368.42,362.22,36.772,5158742
2019-04-03,369.26,373.41,366.19,36.975,5376623
2019-04-04,370.07,372.05,362.4,36.788,4627305
2019-04-05,369.0,369.8,364.66,36.549,3905493
2019-04-08,365.11,365.94,359.93,36.141,4653810
2019-04-09,360.54,366.74,359.0,36.471,5439228
2019-04-10,365.79,368.85,362.25,36.392,4545561
2019-04-11,365.0,370.12,360.81,36.765,6526899
2019-04-12,360.69,361.75,349.36,35.114,15646199
2019-04-15,350.71,352.21,342.27,34.887,8842344
2019-04-16,355.0,364.48,352.72,35.946,18740232
2019-04-17,365.05,368.76,350.6,35.474,18054101
2019-04-18,355.0,360.41,351.64,36.035,8353165
2019-04-22,359.7,377.69,359.0,37.734,11980534
2019-04-23,375.45,384.8,374.71,38.189,10089820
2019-04-24,381.07,381.9,373.27,37.423,6541872
2019-04-25,374.49,374.76,365.7,36.833,6255496
2019-04-26,368.35,375.14,366.24,37.485,5621901
2019-04-29,373.68,374.58,369.12,37.183,3821703
2019-04-30,369.56,374.5,368.35,37.054,3870095
2019-05-01,374.0,385.99,373.17,37.881,9257284
2019-05-02,378.0,383.5,374.51,37.906,5398167
2019-05-03,381.53,385.03,378.27,38.503,5130301
2019-05-06,377.69,381.35,376.0,37.867,5793144
2019-05-07,377.0,379.91,365.81,37.046,6974924
2019-05-08,367.92,369.0,361.36,36.437,6571957
2019-05-09,360.9,364.2,352.75,36.275,5882572
2019-05-10,361.62,365.26,353.06,36.104,5657123
2019-05-13,352.29,354.26,343.1,34.526,8026697
2019-05-14,348.71,349.95,342.5,34.561,5353029
2019-05-15,343.34,356.5,341.39,35.499,6340118
2019-05-16,356.37,364.0,353.94,35.931,6441463
2019-05-17,356.39,359.62,353.79,35.445,4725448
2019-05-20,351.23,352.42,345.4,34.811,4621515
2019-05-21,350.95,356.43,349.93,35.427,4026369
2019-05-22,358.01,370.46,357.3,35.973,6229389
2019-05-23,355.5,357.42,347.7,35.221,5630443
2019-05-24,355.41,359.44,353.79,35.439,3830963
2019-05-28,354.39,361.2,353.65,35.506,4717144
2019-05-29,353.6,353.85,345.9,34.919,5658913
2019-05-30,350.55,354.21,348.3,35.185,4008042
2019-05-31,347.22,349.34,342.92,34.328,5023449
2019-06-03,343.56,347.66,332.65,33.663,7849589
2019-06-04,345.0,353.61,343.25,35.34,7891632
2019-06-05,354.38,357.88,348.71,35.573,5020081
2019-06-06,354.84,358.21,352.09,35.713,3709955
2019-06-07,357.39,365.15,355.69,36.087,4777321
2019-06-10,363.65,367.1,349.29,35.201,7810261
2019-06-11,355.0,357.58,348.5,35.127,5396712
2019-06-12,351.82,353.61,343.23,34.556,4584704
2019-06-13,347.23,348.5,339.25,34.343,6209347
2019-06-14,341.63,343.4,336.16,33.973,5019011
2019-06-17,342.69,351.77,342.06,35.062,5358219
2019-06-18,355.57,361.5,353.75,35.712,5428542
2019-06-19,361.72,364.74,356.12,36.352,5667156
2019-06-20,365.91,370.12,361.22,36.521,5899467
2019-06-21,365.0,371.45,365.0,36.921,7448356
2019-06-24,370.27,375.0,370.2,37.104,4830240
2019-06-25,370.75,371.0,358.29,36.03,5750383
2019-06-26,361.6,366.79,361.6,36.22,3669677
2019-06-27,363.2,370.85,363.2,37.002,4138575
2019-06-28,370.26,371.54,364.87,36.732,4592706
2019-07-01,373.5,376.66,372.0,37.46,5001518
2019-07-02,374.89,376.0,370.31,37.543,3628962
2019-07-03,376.69,381.99,375.84,38.172,3799009
2019-07-05,378.29,381.4,375.56,38.055,3732162
2019-07-08,378.19,378.25,375.36,37.616,3113402
2019-07-09,379.06,384.76,377.5,37.993,6932822
2019-07-10,382.77,384.34,362.68,38.1,5878790
2019-07-11,381.1,384.54,378.8,37.95,4336287
2019-07-12,378.68,379.74,372.79,37.325,6636937
2019-07-15,372.94,373.68,362.3,36.66,7944680
2019-07-16,370.09,371.34,364.92,36.599,5863222
2019-07-17,366.25,366.5,361.75,36.244,13639536
2019-07-18,323.76,329.85,320.3,32.521,31305899
2019-07-19,323.4,325.85,314.23,31.51,16302482
2019-07-22,312.0,314.54,305.81,31.062,17725334
2019-07-23,311.44,313.5,306.0,30.73,9171068
2019-07-24,310.51,319.99,307.25,31.794,11961818
2019-07-25,318.86,327.69,316.3,32.646,10798496
2019-07-26,328.79,336.0,327.5,33.578,10847495
2019-07-29,335.98,336.4,328.77,33.27,5782817
2019-07-30,329.2,329.65,323.23,32.593,6029320
2019-07-31,325.16,331.77,318.53,32.299,6259494
2019-08-01,324.25,328.58,318.74,31.95,6563156
2019-08-02,317.49,319.41,311.8,31.883,6280343
2019-08-05,310.96,313.42,304.68,30.763,8692485
2019-08-06,310.58,311.88,305.3,31.01,6179090
2019-08-07,302.56,305.0,296.81,30.429,9322433
2019-08-08,311.03,316.36,306.63,31.59,5905865
2019-08-09,313.74,316.64,305.68,30.893,5349059
2019-08-12,305.46,312.89,303.24,31.083,6531722
2019-08-13,309.77,316.43,308.16,31.228,5338761
2019-08-14,308.01,308.41,298.01,29.911,7355753
2019-08-15,299.5,300.63,288.0,29.576,9683384
2019-08-16,298.86,303.55,296.27,30.28,7090757
2019-08-19,306.25,311.75,304.75,30.938,4951733
2019-08-20,304.57,305.0,297.68,29.899,7352162
2019-08-21,301.61,302.88,296.2,29.781,5689746
2019-08-22,298.65,300.33,293.15,29.693,4977042
2019-08-23,295.0,299.01,290.32,29.144,6331189
2019-08-26,295.24,296.95,292.5,29.498,4696982
2019-08-27,294.54,296.77,287.2,29.103,6314559
2019-08-28,289.47,292.82,287.75,29.177,3889363
2019-08-29,295.0,299.93,294.99,29.678,4392532
2019-08-30,298.78,298.94,290.85,29.375,4447990
2019-09-03,290.82,293.9,288.06,28.929,3684177
2019-09-04,291.25,292.38,286.51,29.152,4653665
2019-09-05,285.32,293.97,282.79,29.325,8972356
2019-09-06,293.35,293.35,287.03,29.017,5166556
2019-09-09,294.81,301.55,290.6,29.434,8232744
2019-09-10,291.16,297.17,282.66,28.799,12320248
2019-09-11,285.7,292.65,284.61,28.827,7405949
2019-09-12,288.1,292.73,286.6,28.886,5010927
2019-09-13,290.61,296.62,290.04,29.415,6583124
2019-09-16,294.23,297.43,289.78,29.429,5307386
2019-09-17,294.5,299.15,291.79,29.86,4817119
2019-09-18,294.99,296.05,287.45,29.156,7841539
2019-09-19,291.56,293.81,283.4,28.66,8545761
2019-09-20,280.26,282.5,266.0,27.075,23954192
2019-09-23,268.35,273.39,261.89,26.592,13610294
2019-09-24,262.5,265.0,252.28,25.459,16392808
2019-09-25,255.71,266.6,253.7,26.475,11846748
2019-09-26,266.42,268.05,260.2,26.331,7696858
2019-09-27,266.18,267.44,260.39,26.308,7367491
2019-09-30,264.0,268.88,262.78,26.762,6823100
2019-10-01,267.35,272.2,264.03,26.958,8786284
2019-10-02,263.61,269.35,262.19,26.803,7773299
2019-10-03,267.78,268.84,257.01,26.815,9068810
2019-10-04,268.2,275.48,266.47,27.279,9992774
2019-10-07,271.99,276.68,271.28,27.446,6796811
2019-10-08,273.03,275.53,270.64,27.072,6302269
2019-10-09,270.02,271.0,264.57,26.753,6843488
2019-10-10,265.97,280.53,265.03,28.048,10961191
2019-10-11,284.8,287.87,282.34,28.293,8817301
2019-10-14,283.93,286.93,282.0,28.553,5543120
2019-10-15,283.82,285.87,279.4,28.425,7728161
2019-10-16,283.12,288.17,280.74,28.628,18413335
2019-10-17,304.49,308.75,288.3,29.335,38462343
2019-10-18,289.36,290.9,273.36,27.53,23212468
2019-10-21,272.89,279.94,269.0,27.805,12599173
2019-10-22,271.16,275.41,265.8,26.669,11865593
2019-10-23,268.06,273.92,266.63,27.127,7154430
2019-10-24,271.81,274.02,268.8,27.15,4911033
2019-10-25,270.68,277.77,270.18,27.682,4747829
2019-10-28,278.05,285.75,277.35,28.186,6172256
2019-10-29,281.87,284.41,277.55,28.121,4356181
2019-10-30,284.34,293.49,283.0,29.145,9345562
2019-10-31,291.0,291.45,284.78,28.741,5090021
2019-11-01,288.7,289.12,283.02,28.681,5594293
2019-11-04,288.0,295.39,287.16,29.286,5566213
2019-11-05,289.99,291.19,286.31,28.803,4062370
2019-11-06,288.19,290.56,285.84,28.859,3438257
2019-11-07,290.7,298.19,288.27,28.957,5928471
2019-11-08,288.73,293.99,287.51,29.157,4509588
2019-11-11,289.16,296.36,288.5,29.418,3945885
2019-11-12,295.32,295.35,288.7,29.201,5774833
2019-11-13,291.03,293.41,281.14,28.311,9233066
2019-11-14,283.25,290.63,283.22,28.962,6539771
2019-11-15,290.59,295.82,287.57,29.503,6337779
2019-11-18,296.0,304.99,293.28,30.257,8621566
2019-11-19,304.01,305.67,298.52,30.26,5919710
2019-11-20,301.01,308.25,301.0,30.516,5115546
2019-11-21,306.0,312.69,304.26,31.169,7488373
2019-11-22,309.1,311.4,304.41,31.048,5970056
2019-11-25,308.83,315.73,305.25,31.555,7878943
2019-11-26,315.0,316.5,311.69,31.249,5328348
2019-11-27,313.93,316.82,312.75,31.593,4100975
2019-11-29,315.78,316.62,313.34,31.466,2411749
2019-12-02,314.39,314.39,303.75,30.999,6223135
2019-12-03,302.22,307.36,301.88,30.616,5272447
2019-12-04,308.43,308.43,303.27,30.432,3513551
2019-12-05,305.27,306.48,298.81,30.286,4618867
2019-12-06,304.7,307.85,302.6,30.735,4459684
2019-12-09,307.35,311.49,302.44,30.25,5766006
2019-12-10,296.12,298.94,292.02,29.312,10481239
2019-12-11,294.49,299.43,294.2,29.893,5607155
2019-12-12,295.67,299.17,295.06,29.844,4771404
2019-12-13,298.5,301.8,297.25,29.85,3883069
2019-12-16,300.85,305.71,298.63,30.421,4660166
2019-12-17,307.36,316.8,306.6,31.548,10437127
2019-12-18,316.26,325.36,315.6,32.08,11210737
2019-12-19,324.5,332.83,324.18,33.222,9833355
2019-12-20,335.0,338.0,330.6,33.69,9923260
2019-12-23,337.76,337.95,331.02,33.31,5767937
2019-12-24,334.01,335.7,331.6,33.32,2019322
2019-12-26,334.6,336.46,332.01,33.263,3595854
2019-12-27,332.96,333.82,326.01,32.909,5037156
2019-12-30,329.08,329.19,322.86,32.331,4315267
2019-12-31,322.0,324.92,321.09,32.357,3714837
2020-01-02,326.1,329.98,324.78,32.981,4348493
2020-01-03,326.78,329.86,325.53,32.59,3795466
2020-01-06,323.12,336.36,321.2,33.583,5668577
2020-01-07,336.47,336.7,330.3,33.075,4742458
2020-01-08,331.49,342.7,331.05,33.926,7109117
2020-01-09,342.0,343.42,334.61,33.566,4717430
2020-01-10,337.13,338.5,327.27,32.905,4720540
2020-01-13,331.8,340.85,331.51,33.892,6216564
2020-01-14,344.4,345.38,335.52,33.869,7201544
2020-01-15,338.68,343.17,336.6,33.907,5158035
2020-01-16,343.5,343.56,335.85,33.862,5015997
2020-01-17,341.0,341.57,337.38,33.967,6066547
2020-01-21,340.0,341.0,332.59,33.811,12705288
2020-01-22,332.55,336.3,323.6,32.6,21729959
2020-01-23,326.04,349.88,325.01,34.96,18200293
2020-01-24,348.46,359.85,345.88,35.316,17939681
2020-01-27,345.95,351.9,341.02,34.288,7709482
2020-01-28,345.88,352.4,342.78,34.852,6821581
2020-01-29,349.0,349.4,338.55,34.316,7649183
2020-01-30,341.1,348.2,339.25,34.774,5328136
2020-01-31,347.39,347.39,340.98,34.509,5230001
2020-02-03,347.24,359.63,346.28,35.8,6674885
2020-02-04,361.0,369.57,356.1,36.901,7161451
2020-02-05,375.13,375.25,362.3,36.967,6437026
2020-02-06,369.6,371.55,362.51,36.695,3920428
2020-02-07,365.04,371.8,363.57,36.677,4385227
2020-02-10,365.0,374.8,362.52,37.107,5294138
2020-02-11,373.75,378.11,369.72,37.369,4772870
2020-02-12,377.18,380.62,375.88,38.001,4624772
2020-02-13,376.96,385.37,376.51,38.14,4485383
2020-02-14,381.47,385.15,379.43,38.04,3736266
2020-02-18,379.3,389.54,379.19,38.778,5180400
2020-02-19,388.12,392.95,384.9,38.619,4896368
2020-02-20,386.56,389.7,376.68,38.6,4079425
2020-02-21,385.33,387.32,377.9,38.007,3935618
2020-02-24,364.76,372.82,361.0,36.87,6936418
2020-02-25,372.0,375.65,357.72,36.009,6481243
2020-02-26,366.31,382.0,365.0,37.924,8961126
2020-02-27,371.46,391.56,370.6,37.171,10967699
2020-02-28,364.21,376.77,356.8,36.903,11178572
2020-03-02,373.11,381.36,364.5,38.105,6997891
2020-03-03,381.03,393.52,367.4,36.877,8364623
2020-03-04,377.77,384.01,370.51,38.379,5487340
2020-03-05,381.0,391.4,368.64,37.278,8746985
2020-03-06,367.7,371.31,356.85,36.897,8147165
2020-03-09,343.86,357.47,341.72,34.649,7405458
2020-03-10,356.43,364.54,347.85,36.413,7604444
2020-03-11,358.92,362.98,344.79,34.992,6058782
2020-03-12,326.5,335.72,307.32,31.525,12071591
2020-03-13,330.51,336.42,307.39,33.63,9458197
2020-03-16,306.63,334.35,294.75,29.884,10559940
2020-03-17,306.19,322.9,290.25,31.975,10013913
2020-03-18,302.4,331.58,300.0,31.547,12560908
2020-03-19,324.33,348.51,316.82,33.203,10615957
2020-03-20,342.31,350.49,332.0,33.283,10853846
2020-03-23,347.89,366.11,340.88,36.027,13449378
2020-03-24,369.99,372.93,353.03,35.732,11638683
2020-03-25,361.02,362.0,339.17,34.239,8767171
2020-03-26,344.0,363.84,341.73,36.299,7235016
2020-03-27,359.09,368.56,353.0,35.712,7948775
2020-03-30,363.0,377.8,361.17,37.096,8621964
2020-03-31,367.93,383.01,366.44,37.55,9366464
2020-04-01,376.05,380.23,361.02,36.408,6672454
2020-04-02,364.08,370.99,360.06,37.008,4592477
2020-04-03,367.47,370.9,357.51,36.176,4860768
2020-04-06,365.22,380.29,361.71,37.996,8183921
2020-04-07,380.0,381.33,369.34,37.228,7046438
2020-04-08,374.01,378.39,368.31,37.112,6908879
2020-04-09,371.06,372.1,363.03,37.072,7711296
2020-04-13,371.31,400.51,367.7,39.672,11692922
2020-04-14,397.5,417.82,394.85,41.355,11580983
2020-04-15,413.0,434.98,412.25,42.675,13561222
2020-04-16,437.0,449.52,431.61,43.917,16128666
2020-04-17,431.0,432.0,414.7,42.296,12616258
2020-04-20,435.17,444.49,430.56,43.749,12655818
2020-04-21,444.77,447.0,425.6,43.383,23177550
2020-04-22,429.73,433.0,413.0,42.142,21123773
2020-04-23,419.26,438.41,419.26,42.67,13952330
2020-04-24,425.0,427.17,415.88,42.499,8670362
2020-04-27,425.0,429.0,420.84,42.138,6277480
2020-04-28,419.99,421.0,402.91,40.383,10101233
2020-04-29,399.53,415.86,393.6,41.189,9693137
2020-04-30,410.31,424.44,408.0,41.985,7953975
2020-05-01,415.1,427.97,411.73,41.527,8299858
2020-05-04,417.78,428.54,414.87,42.815,7799058
2020-05-05,427.56,431.0,421.56,42.468,6286293
2020-05-06,429.3,439.77,426.39,43.426,6660737
2020-05-07,436.89,438.88,430.66,43.653,5650281
2020-05-08,434.14,442.0,433.64,43.555,5054308
2020-05-11,436.33,444.89,435.56,44.052,5486037
2020-05-12,442.0,444.17,431.36,43.182,4598211
2020-05-13,435.69,447.0,427.27,43.827,7014563
2020-05-14,444.9,452.38,432.82,44.195,9007467
2020-05-15,440.7,455.0,437.51,45.419,7243998
2020-05-18,451.16,456.36,443.35,45.258,7780309
2020-05-19,453.4,458.97,450.47,45.104,4810487
2020-05-20,454.25,455.81,444.0,44.767,5607257
2020-05-21,448.56,448.96,430.25,43.625,9076150
2020-05-22,437.0,439.09,427.18,42.932,5422334
2020-05-26,427.77,428.5,413.14,41.477,7881115
2020-05-27,410.38,420.02,397.86,41.989,10446339
2020-05-28,417.24,422.37,411.5,41.344,5660160
2020-05-29,417.46,420.3,411.85,41.973,5270484
2020-06-01,418.83,426.72,415.98,42.592,3748573
2020-06-02,425.87,427.59,419.46,42.731,3494801
2020-06-03,426.95,427.1,418.05,42.197,4316044
2020-06-04,422.39,428.71,410.03,41.433,5410529
2020-06-05,407.29,420.24,404.25,41.96,5099561
2020-06-08,416.0,420.8,406.5,41.949,5851453
2020-06-09,421.65,434.73,420.31,43.405,6796999
2020-06-10,436.0,439.69,430.55,43.448,4896893
2020-06-11,428.2,445.57,424.16,42.556,7462868
2020-06-12,429.0,434.06,412.45,41.807,6461127
2020-06-15,421.4,426.49,415.42,42.55,4471499
2020-06-16,425.76,437.96,425.18,43.613,5514016
2020-06-17,441.82,450.46,439.22,44.777,6529568
2020-06-18,448.73,452.76,442.8,44.987,4277627
2020-06-19,449.12,453.97,445.6,45.372,5933651
2020-06-22,455.01,468.59,454.21,46.804,6272105
2020-06-23,466.5,474.01,464.5,46.626,5948436
2020-06-24,468.54,472.36,454.0,45.785,4826191
2020-06-25,458.86,467.01,454.0,46.591,4134513
2020-06-26,466.39,468.03,442.24,44.34,6804726
2020-06-29,445.23,447.67,432.14,44.724,4843978
2020-06-30,450.02,457.59,447.0,45.504,4198545
2020-07-01,454.0,488.23,454.0,48.564,9711520
2020-07-02,485.64,492.28,475.53,47.689,6351983
2020-07-06,480.77,499.5,479.8,49.381,7838990
2020-07-07,497.31,504.82,490.83,49.316,5670204
2020-07-08,498.58,505.1,493.81,50.278,5691852
2020-07-09,508.4,510.0,495.78,50.776,5840561
2020-07-10,519.73,555.88,511.28,54.873,21605587
2020-07-13,567.98,575.37,520.96,52.55,18401757
2020-07-14,517.08,525.5,490.49,52.488,15083326
2020-07-15,516.3,529.0,510.18,52.326,10066652
2020-07-16,526.48,535.54,504.36,52.739,24499009
2020-07-17,494.87,503.59,484.14,49.299,24991528
2020-07-20,489.14,504.5,484.2,50.241,11859644
2020-07-21,506.0,506.22,488.61,49.01,9072982
2020-07-22,492.19,497.2,487.2,48.982,6954078
2020-07-23,491.13,491.9,472.0201,47.758,7722034
2020-07-24,468.77,487.17,467.54,48.045,7746247
2020-07-27,484.51,496.92,482.31,49.565,7863069
2020-07-28,496.02,497.7927,487.7601,48.851,5986727
2020-07-29,492.25,494.92,484.13,48.448,6611769
2020-07-30,480.7072,488.35,477.5101,48.58,6608569
2020-07-31,488.29,494.8,484.5,48.888,5924310
2020-08-03,490.86,503.09,490.23,49.862,5876190
2020-08-04,498.65,510.4436,498.65,50.964,5607968
2020-08-05,508.68,510.1021,501.2,50.211,4313526
2020-08-06,504.11,510.82,498.7,50.908,3725861
2020-08-07,505.45,508.29,486.68,49.473,5910348
2020-08-10,493.35,497.4584,478.6269,48.338,4691185
2020-08-11,479.75,480.92,466.55,46.693,7329226
2020-08-12,471.34,482.49,470.18,47.547,5441243
2020-08-13,478.4,484.45,476.45,48.133,3008933
2020-08-14,482.82,488.325,480.21,48.268,2943487
2020-08-17,484.19,486.24,479.1,48.235,2409957
2020-08-18,484.35,495.3,482.8,49.187,3505518
2020-08-19,493.93,494.4985,483.5,48.453,3156218
2020-08-20,484.69,498.94,483.89,49.79,5132480
2020-08-21,496.46,498.13,490.0,49.231,3921293
2020-08-24,495.4383,501.0,483.16,48.881,4762183
2020-08-25,488.19,492.47,485.09,49.058,5727721
2020-08-26,492.5,549.04,492.075,54.753,20373681
2020-08-27,537.775,541.0,521.2471,52.627,9062912
2020-08-28,532.0,539.0,522.0,52.389,4417517
2020-08-31,521.16,531.99,517.58,52.956,4941409
2020-09-01,532.6,557.3895,532.45,55.655,9581907
2020-09-02,553.78,556.5,537.369,55.284,5886930
2020-09-03,545.0,554.0,521.32,52.575,9071089
2020-09-04,520.18,527.36,485.98,51.605,8270118
2020-09-08,498.4,522.0,495.0,50.702,5572684
2020-09-09,519.21,520.0,492.5743,50.019,6848127
2020-09-10,503.35,506.29,478.84,48.067,6240181
2020-09-11,486.485,493.73,476.81,48.203,5035200
2020-09-14,480.62,488.99,471.3001,47.626,7359126
2020-09-15,484.0,497.47,481.63,49.599,5336992
2020-09-16,499.99,504.66,483.31,48.386,4401412
2020-09-17,475.16,478.4,463.27,47.02,5379301
2020-09-18,472.51,479.4,458.6,46.996,6717711
2020-09-21,467.6923,487.775,466.32,48.735,5457539
2020-09-22,489.01,491.82,479.26,49.117,3482324
2020-09-23,491.04,491.04,469.0,47.061,3726423
2020-09-24,470.53,477.0,467.82,47.308,3727201
2020-09-25,474.39,484.87,468.0258,48.288,3769436
2020-09-28,489.1094,492.0,477.88,49.065,4773497
2020-09-29,489.5,496.2868,486.53,49.348,3543193
2020-09-30,492.57,504.63,489.2704,50.003,4634111
2020-10-01,506.03,529.55,503.6,52.751,8153710
2020-10-02,516.43,526.3714,502.7,50.306,6071165
2020-10-05,506.8,520.99,501.6997,52.065,4088069
2020-10-06,518.72,521.82,504.16,50.587,4199034
2020-10-07,518.0,536.49,515.815,53.466,7988683
2020-10-08,533.48,535.0,524.15,53.179,5386488
2020-10-09,537.8339,544.28,535.0,53.944,4781259
2020-10-12,548.81,551.81,538.24,53.981,5391074
2020-10-13,540.56,557.65,537.2,55.409,5602498
2020-10-14,562.61,572.49,541.0,54.145,9510081
2020-10-15,545.52,551.22,535.1,54.194,5113126
2020-10-16,549.5,554.33,530.03,53.079,6347363
2020-10-19,537.07,541.8,525.38,53.072,7567506
2020-10-20,528.14,533.78,522.26,52.542,10047175
2020-10-21,501.03,506.85,488.25,48.905,17405708
2020-10-22,494.69,495.14,482.0,48.523,6997922
2020-10-23,488.11,490.06,481.35,48.828,4927862
2020-10-26,487.025,496.82,478.9,48.824,6186087
2020-10-27,490.01,490.49,482.93,48.893,3627175
2020-10-28,486.36,494.0,483.28,48.624,5992731
2020-10-29,488.5,513.8999,479.34,50.421,11120689
2020-10-30,502.01,505.88,472.21,47.574,7813897
2020-11-02,478.87,486.3,475.0,48.412,4408193
2020-11-03,484.93,495.305,478.76,48.722,3690213
2020-11-04,495.36,507.73,493.98,49.695,5137330
2020-11-05,506.56,518.7337,503.45,51.376,5372781
2020-11-06,515.0,515.21,502.51,51.473,4236349
2020-11-09,485.54,495.85,467.26,47.05,10419676
2020-11-10,470.95,484.6,463.41,48.024,8306142
2020-11-11,483.0,491.68,478.26,49.076,5460532
2020-11-12,491.0,496.52,480.4255,48.677,5071155
2020-11-13,486.77,488.94,477.8,48.284,3006510
2020-11-16,480.0,485.58,477.3,47.91,3953563
2020-11-17,480.12,487.51,478.8525,48.063,3698082
2020-11-18,481.95,488.61,477.7212,48.179,3629237
2020-11-19,482.0,487.8,480.47,48.467,2254653
2020-11-20,485.22,494.76,481.57,48.824,4255924
2020-11-23,490.46,491.15,475.84,47.662,5416571
2020-11-24,478.84,484.05,475.89,48.288,3462363
2020-11-25,485.13,486.9,478.919,48.5,3598629
2020-11-27,486.58,493.25,481.845,49.136,2805762
2020-11-30,490.08,492.55,481.2678,49.07,3530940
2020-12-01,492.3404,509.47,491.9812,50.458,4904884
2020-12-02,501.62,506.795,493.5,50.338,3028358
2020-12-03,502.99,508.77,496.04,49.752,2826116
2020-12-04,497.5,504.5,493.64,49.831,3666243
2020-12-07,500.01,517.76,497.77,51.578,4289293
2020-12-08,517.9,521.4909,505.55,51.266,4228950
2020-12-09,510.53,514.5,491.29,49.36,4178768
2020-12-10,494.56,503.77,492.91,50.109,3018203
2020-12-11,495.0,503.34,494.85,50.322,3210928
2020-12-14,505.44,524.1603,501.18,52.242,5770424
2020-12-15,518.5,524.7,513.56,51.978,3398209
2020-12-16,520.11,527.38,517.69,52.483,3682392
2020-12-17,529.0,535.49,526.44,53.29,3193377
2020-12-18,533.2,536.37,526.02,53.445,4502692
2020-12-21,530.05,532.62,521.15,52.891,3893964
2020-12-22,527.69,530.4,520.5,52.733,1908529
2020-12-23,524.76,526.32,514.2,51.448,2393187
2020-12-24,515.12,519.345,512.2104,51.397,1143952
2020-12-28,516.43,523.66,507.13,51.912,2869734
2020-12-29,519.9,536.5478,515.4801,53.087,4022358
2020-12-30,530.13,533.2575,523.69,52.459,1876286
2020-12-31,525.53,545.5,523.1502,54.073,5392322
2021-01-04,539.0,540.8,515.085,52.286,4444407
2021-01-05,521.55,526.78,515.89,52.08,3133872
2021-01-06,511.97,513.0998,499.5,50.049,5346210
2021-01-07,508.28,516.44,506.42,50.889,3686448
2021-01-08,511.31,513.24,504.51,51.04,2973949
2021-01-11,507.84,510.725,497.95,49.91,3812720
2021-01-12,500.0,501.09,485.6701,49.425,5955729
2021-01-13,495.5012,512.3542,493.01,50.779,5032099
2021-01-14,507.35,514.5,499.58,50.086,4177357
2021-01-15,500.0,506.32,495.1,49.798,5895788
2021-01-19,501.0,509.25,493.5427,50.177,12315813
2021-01-20,565.42,593.2877,556.86,58.634,32637450
2021-01-21,582.45,588.75,570.4,57.984,11840634
2021-01-22,582.1,583.99,564.35,56.517,7550822
2021-01-25,567.0,569.75,548.65,55.678,7207329
2021-01-26,554.73,567.99,554.06,56.193,5023847
2021-01-27,550.71,556.4187,515.73,52.328,8670277
2021-01-28,535.88,553.1482,530.74,53.86,5968978
2021-01-29,538.0,541.0,530.18,53.239,4325264
2021-02-01,536.79,545.06,531.73,53.904,3547507
2021-02-02,542.01,555.48,538.935,54.816,3717321
2021-02-03,550.17,550.48,538.243,53.945,3172288
2021-02-04,539.81,559.48,537.51,55.216,5164537
2021-02-05,552.26,554.44,545.4778,55.079,2376175
2021-02-08,555.0,555.0,543.7,54.792,2791721
2021-02-09,546.0,566.0,543.0,55.907,3685157
2021-02-10,562.5,566.65,553.463,56.359,3940210
2021-02-11,564.442,565.93,554.22,55.759,2730587
2021-02-12,556.94,561.2499,550.85,55.652,2197128
2021-02-16,557.286,563.63,552.73,55.728,2624097
2021-02-17,550.99,555.25,543.03,55.134,2057853
2021-02-18,549.0,550.0,538.2265,54.822,2457604
2021-02-19,548.0,548.99,538.8132,54.022,2841457
2021-02-22,534.99,541.79,530.79,53.378,3061747
2021-02-23,525.0035,548.54,518.28,54.615,4136532
2021-02-24,539.8,556.8499,539.065,55.341,3245038
2021-02-25,550.27,556.48,535.75,54.67,4090475
2021-02-26,546.51,553.09,538.0,53.885,3708255
2021-03-01,545.5734,552.14,542.0,55.064,3042180
2021-03-02,553.34,556.99,546.02,54.782,3042226
2021-03-03,545.93,548.005,517.81,52.07,5362443
2021-03-04,521.5,531.5,507.68,51.129,5034792
2021-03-05,511.98,517.76,498.7901,51.639,5069973
2021-03-08,514.46,518.84,492.85,49.333,3981758
2021-03-09,507.31,513.11,503.8221,50.644,3470042
2021-03-10,513.5,518.97,504.25,50.454,3771484
2021-03-11,512.2048,530.235,510.71,52.306,4714469
2021-03-12,512.5,526.51,506.59,51.802,3981743
2021-03-15,516.32,520.729,508.03,52.025,3485519
2021-03-16,524.47,533.42,523.21,52.403,3238888
2021-03-17,522.0,528.3654,514.3,52.444,2817376
2021-03-18,516.3959,517.9,503.85,50.479,4096606
2021-03-19,504.96,513.19,501.63,51.218,4386360
2021-03-22,509.13,529.31,509.13,52.311,3360587
2021-03-23,529.87,543.12,529.4,53.509,5583461
2021-03-24,533.78,534.42,520.0,52.081,4102211
2021-03-25,516.99,518.53,497.0,50.286,4926764
2021-03-26,502.82,508.72,496.68,50.805,3467797
2021-03-29,505.66,518.0,504.4,51.395,3330049
2021-03-30,510.505,514.41,506.91,51.339,2418129
2021-03-31,515.675,528.13,515.44,52.166,3503111
2021-04-01,529.93,540.5,527.03,53.942,3938637
2021-04-05,540.01,542.85,529.23,54.067,3355904
2021-04-06,544.81,554.165,543.3,54.453,3474205
2021-04-07,543.5,549.64,541.45,54.699,2151319
2021-04-08,551.13,556.899,547.57,55.458,4309829
2021-04-09,552.69,556.9,547.11,55.531,2894034
2021-04-12,551.05,557.98,549.58,55.278,2944060
2021-04-13,557.0,559.75,550.3,55.373,2720344
2021-04-14,554.87,554.87,538.53,54.002,3740294
2021-04-15,544.17,553.49,542.66,54.922,3139050
2021-04-16,550.54,551.98,539.51,54.654,3209075
2021-04-19,546.9,556.44,545.53,55.444,4288715
2021-04-20,554.42,563.56,546.3,54.957,11257648
2021-04-21,508.0,515.46,503.6001,50.89,22897446
2021-04-22,513.82,513.96,500.55,50.878,9061062
2021-04-23,509.01,509.7,500.7,50.555,7314659
2021-04-26,506.76,510.48,503.0,51.03,4388839
2021-04-27,512.62,512.99,504.5808,50.555,3761327
2021-04-28,505.2,508.395,503.34,50.652,3192983
2021-04-29,507.6,509.29,499.0,50.9,5127792
2021-04-30,505.0,514.55,505.0,51.347,4413242
2021-05-03,512.65,518.95,505.2,50.911,4091895
2021-05-04,510.78,511.63,496.79,50.318,4349502
2021-05-05,504.99,507.7843,494.63,49.608,3129366
2021-05-06,495.99,499.55,491.37,49.955,3783698
2021-05-07,504.62,508.55,501.12,50.384,3132786
2021-05-10,502.0,503.15,486.11,48.669,5131632
2021-05-11,479.75,497.99,478.63,49.508,4401000
2021-05-12,486.83,493.54,482.7,48.498,4121540
2021-05-13,489.13,490.775,482.71,48.666,2716561
2021-05-14,487.86,494.85,486.59,49.337,2882464
2021-05-17,485.59,492.71,482.81,48.894,2705249
2021-05-18,488.395,493.4778,486.1895,48.628,2350496
2021-05-19,481.625,488.57,478.54,48.77,3349930
2021-05-20,489.55,502.7,488.975,50.167,3721218
2021-05-21,503.12,505.4,497.26,49.789,3322925
2021-05-24,501.05,504.25,499.51,50.29,2412595
2021-05-25,506.0,506.365,499.22,50.134,2699459
2021-05-26,502.34,504.14,500.5,50.236,2465303
2021-05-27,501.8,505.1,498.54,50.386,3253773
2021-05-28,504.4,511.76,502.53,50.281,2911297
2021-06-01,504.01,505.41,497.7443,49.908,2482555
2021-06-02,499.82,503.22,495.82,49.924,2268979
2021-06-03,495.19,496.66,487.25,48.943,3887445
2021-06-04,492.0,501.86,490.95,49.474,3160487
2021-06-07,492.9169,496.7,490.55,49.466,2791932
2021-06-08,497.0,498.82,489.37,49.239,2374037
2021-06-09,494.5,496.09,484.65,48.581,3055029
2021-06-10,487.165,490.21,482.14,48.727,4382928
2021-06-11,490.0,491.41,487.78,48.877,3123969
2021-06-14,489.68,503.5,486.91,49.989,4400222
2021-06-15,501.23,501.23,490.4,49.19,3104073
2021-06-16,495.0,496.46,486.28,49.241,3508622
2021-06-17,490.25,501.8,490.15,49.834,3198273
2021-06-18,496.4,504.49,495.24,50.077,5197576
2021-06-21,501.64,502.05,492.28,49.7,5277297
2021-06-22,498.54,513.55,495.795,50.882,5809271
2021-06-23,508.48,516.63,508.2,51.274,3944782
2021-06-24,517.96,520.96,514.4001,51.806,3361202
2021-06-25,528.84,533.06,525.0,52.707,5299072
2021-06-28,528.12,533.9399,524.56,53.303,2820227
2021-06-29,533.55,536.13,528.57,53.35,2314647
2021-06-30,534.0551,534.38,526.82,52.821,2773445
2021-07-01,525.72,537.04,525.72,53.354,2805402
2021-07-02,535.5,538.5351,529.39,53.398,1980316
2021-07-06,533.0,542.86,533.0,54.164,2775051
2021-07-07,544.24,544.64,531.66,53.596,2722498
2021-07-08,530.93,535.5,529.09,53.076,3268988
2021-07-09,531.0,538.26,528.58,53.598,2777231
2021-07-12,540.3,540.6497,532.92,53.731,1780738
2021-07-13,535.76,545.33,535.76,54.068,2751593
2021-07-14,541.01,554.1,541.01,54.795,4659535
2021-07-15,553.97,557.5399,538.2,54.295,5713873
2021-07-16,541.81,544.06,527.05,53.031,3442101
2021-07-19,526.05,534.913,522.2401,53.228,3885764
2021-07-20,526.07,536.64,520.3,53.105,6930440
2021-07-21,526.13,530.99,505.61,51.363,11906793
2021-07-22,510.2059,513.68,507.0,51.177,4328061
2021-07-23,512.16,517.41,504.66,51.541,3820478
2021-07-26,514.38,521.13,509.0101,51.649,2254538
2021-07-27,518.08,521.95,512.05,51.891,2759037
2021-07-28,521.82,524.47,516.98,51.93,2390466
2021-07-29,519.96,520.7799,513.7927,51.425,1704378
2021-07-30,512.69,519.79,510.9642,51.757,2537107
2021-08-02,519.0,519.85,510.51,51.515,2096632
2021-08-03,514.39,515.63,505.37,51.082,2579427
2021-08-04,513.0,517.98,510.37,51.735,2039374
2021-08-05,517.13,525.41,514.02,52.489,2556687
2021-08-06,524.0,526.84,519.39,52.055,1919798
2021-08-09,521.1469,522.6699,517.99,51.997,1367782
2021-08-10,520.0,520.79,512.965,51.584,1960544
2021-08-11,517.0,519.57,509.77,51.24,1673904
2021-08-12,511.86,513.0,507.2014,51.072,1686170
2021-08-13,512.64,521.44,511.51,51.592,2136762
2021-08-16,515.24,523.38,512.3,51.792,2033176
2021-08-17,515.465,520.79,514.2,51.891,2309803
2021-08-18,520.0,526.38,518.65,52.187,2582046
2021-08-19,522.74,548.39,521.87,54.371,7497292
2021-08-20,545.09,551.3883,539.1,54.688,3776429
2021-08-23,545.98,555.55,543.74,55.333,2602010
2021-08-24,551.484,555.3141,549.27,55.341,2109525
2021-08-25,550.16,552.84,545.45,54.758,2065621
2021-08-26,546.16,552.604,545.9,55.012,1595499
2021-08-27,551.6,564.17,549.25,55.892,3252595
2021-08-30,557.25,567.1648,556.45,56.618,2434839
2021-08-31,566.12,569.48,561.611,56.919,2431886
2021-09-01,569.0,591.0,569.0,58.207,5626214
2021-09-02,583.68,598.7567,583.68,58.855,6184782
2021-09-03,585.8,591.8783,583.14,59.053,2684005
2021-09-07,594.69,613.85,593.99,60.671,5830979
2021-09-08,603.84,615.6,595.71,60.605,5424503
2021-09-09,606.47,609.44,596.55,59.754,2954214
2021-09-10,598.16,609.45,593.67,59.872,3950764
2021-09-13,598.57,598.57,582.775,58.929,3062871
2021-09-14,584.89,587.28,575.56,57.776,3456958
2021-09-15,578.17,584.62,575.37,58.287,2755615
2021-09-16,584.3,587.48,577.72,58.65,1832028
2021-09-17,587.85,590.28,580.8501,58.935,4145145
2021-09-20,586.79,591.53,568.08,57.543,3732227
2021-09-21,578.31,581.88,569.37,57.314,2250884
2021-09-22,579.69,595.65,579.69,59.065,4021845
2021-09-23,590.79,599.32,589.1301,59.326,2526161
2021-09-24,592.5,592.98,583.64,59.239,2126246
2021-09-27,587.95,593.58,576.93,59.264,2504738
2021-09-28,589.0,599.5353,580.16,58.385,4431051
2021-09-29,589.01,609.8799,588.01,59.906,6221026
2021-09-30,608.05,619.0,608.05,61.034,6616040
2021-10-01,604.24,614.99,597.505,61.315,4090847
2021-10-04,613.39,626.125,594.68,60.335,4995932
2021-10-05,606.94,640.39,606.89,63.481,9534293
2021-10-06,628.18,639.8699,626.36,63.91,4580434
2021-10-07,642.2252,646.84,630.45,63.185,3556886
2021-10-08,634.165,643.8,630.86,63.266,3272093
2021-10-11,633.195,639.42,626.78,62.704,2862470
2021-10-12,633.02,637.655,621.99,62.494,3227349
2021-10-13,632.1791,632.1791,622.1,62.976,2424638
2021-10-14,632.23,636.88,626.79,63.38,2672535
2021-10-15,638.0,639.42,625.16,62.829,4116874
2021-10-18,632.1,638.41,620.5901,63.797,4669071
2021-10-19,636.969,641.0,632.3,63.9,7633147
2021-10-20,625.5728,637.4,617.15,62.514,10621997
2021-10-21,628.89,654.01,628.65,65.316,8437070
2021-10-22,651.81,665.46,651.81,66.478,6186016
2021-10-25,663.74,675.88,657.07,67.166,3833526
2021-10-26,673.76,676.4899,662.77,66.852,2904840
2021-10-27,669.0,671.41,661.85,66.292,2276914
2021-10-28,670.9493,676.8,668.03,67.405,2859409
2021-10-29,673.06,690.9699,671.24,69.031,3825279
2021-11-01,689.06,689.97,676.54,68.117,3065876
2021-11-02,683.11,687.68,673.82,67.772,3878793
2021-11-03,677.27,689.39,677.27,68.829,2334852
2021-11-04,685.89,685.94,665.5,66.84,4865023
2021-11-05,663.97,665.64,645.01,64.572,5283488
2021-11-08,650.29,656.0,643.79,65.145,2887523
2021-11-09,653.7,660.5,650.52,65.599,2376248
2021-11-10,653.01,660.3306,642.11,64.691,2405785
2021-11-11,650.24,665.82,649.705,65.758,2868311
2021-11-12,660.01,683.34,653.82,68.261,4128862
2021-11-15,681.235,685.2599,671.49,67.933,2872186
2021-11-16,678.27,688.3599,676.9,68.74,2077387
2021-11-17,690.0,700.9894,686.09,69.169,2732831
2021-11-18,691.61,691.74,679.735,68.202,2014992
2021-11-19,692.35,694.16,675.0,67.88,2614852
2021-11-22,676.02,679.48,656.47,65.92,2765318
2021-11-23,658.18,666.43,646.05,65.406,2320917
2021-11-24,658.01,661.44,651.1,65.829,1867282
2021-11-26,675.0,676.405,660.67,66.564,2872513
2021-11-29,663.2,667.99,658.29,66.384,2529364
2021-11-30,668.1975,675.38,640.01,64.19,5608919
2021-12-01,649.48,654.52,617.07,61.777,3897019
2021-12-02,617.1,625.36,612.88,61.647,3331131
2021-12-03,622.75,625.5,594.0,60.213,4829282
2021-12-06,606.01,617.29,601.0,61.269,3075672
2021-12-07,619.83,628.89,611.4,62.558,3125190
2021-12-08,630.0,632.455,623.2,62.808,2220308
2021-12-09,627.58,630.24,610.44,61.1,2376321
2021-12-10,616.78,617.74,605.88,61.166,2748774
2021-12-13,612.0,612.64,599.52,60.456,2517915
2021-12-14,598.71,602.29,588.13,59.799,2984536
2021-12-15,598.18,605.69,584.51,60.504,2866196
2021-12-16,597.09,602.8308,588.0,59.106,3143217
2021-12-17,591.61,593.25,581.74,58.673,4433706
2021-12-20,586.43,602.8847,584.26,59.374,3358404
2021-12-21,597.5434,607.82,593.8611,60.492,2319390
2021-12-22,603.36,614.82,602.63,61.424,2335745
2021-12-23,616.4,616.88,607.57,61.409,1621146
2021-12-27,615.0,615.0,609.25,61.312,2062233
2021-12-28,614.95,618.41,609.69,61.071,1884116
2021-12-29,610.71,613.98,604.68,61.054,1287513
2021-12-30,612.99,620.61,611.2401,61.209,1625093
2021-12-31,610.01,614.075,602.05,60.244,1961618
2022-01-03,605.61,609.99,590.56,59.737,3068808
2022-01-04,599.91,600.4099,581.6,59.115,4393135
2022-01-05,592.0,592.84,566.88,56.752,4148749
2022-01-06,554.34,563.36,542.01,55.329,5711795
2022-01-07,549.46,553.43,538.2175,54.106,3382873
2022-01-10,538.49,543.69,526.32,53.985,4486145
2022-01-11,536.99,543.91,530.07,54.084,3063783
2022-01-12,544.27,544.27,532.02,53.722,3787372
2022-01-13,537.06,540.79,518.26,51.92,4475063
2022-01-14,517.6,538.37,511.88,52.569,7861109
2022-01-18,520.08,521.75,508.68,51.08,4772067
2022-01-19,515.0,523.21,510.51,51.586,4226987
2022-01-20,517.7498,526.64,506.93,50.825,12658993
2022-01-21,400.425,409.1499,379.99,39.75,58904266
2022-01-24,383.91,387.26,351.46,38.715,32386782
2022-01-25,379.14,387.71,365.13,36.642,15145816
2022-01-26,378.27,382.66,356.62,35.97,12683981
2022-01-27,382.06,394.8,378.1,38.67,24324747
2022-01-28,386.76,387.0,372.08,38.436,11966605
2022-01-31,401.97,427.7,398.2,42.714,20047452
2022-02-01,432.96,458.48,425.5401,45.713,22568099
2022-02-02,448.25,451.98,426.48,42.948,14346010
2022-02-03,421.44,429.26,404.28,40.56,9905210
2022-02-04,407.31,412.77,396.6391,41.017,7789798
2022-02-07,410.17,412.35,393.55,40.21,8232859
2022-02-08,398.18,406.61,395.83,40.353,6818543
2022-02-09,408.65,412.98,398.79,41.289,7738227
2022-02-10,402.1,408.0,396.36,40.627,8452915
2022-02-11,405.33,411.6103,387.65,39.131,7558939
2022-02-14,387.59,409.36,386.891,39.657,7202155
2022-02-15,403.79,409.1619,401.01,40.746,5395641
2022-02-16,401.53,401.56,390.3842,39.808,5277650
2022-02-17,394.235,399.11,385.7,38.667,4669222
2022-02-18,392.53,402.87,389.0466,39.129,6801668
2022-02-22,388.95,392.42,373.02,37.738,6664974
2022-02-23,382.72,386.0,366.66,36.746,4614290
2022-02-24,355.09,390.73,354.72,39.003,7068724
2022-02-25,386.61,391.29,375.58,39.08,4841636
2022-02-28,387.33,397.75,382.13,39.452,5035046
2022-03-01,391.6,395.0,383.705,38.624,3290439
2022-03-02,388.93,389.22,375.21,38.003,5356809
2022-03-03,386.0,386.12,364.65,36.807,6076836
2022-03-04,368.0,374.8186,357.17,36.173,5329180
2022-03-07,360.41,361.995,350.2,35.026,5708383
2022-03-08,349.8,358.86,340.67,34.176,6428655
2022-03-09,357.685,364.14,350.5089,35.879,6520186
2022-03-10,356.2,367.02,353.3,35.677,4807767
2022-03-11,361.19,363.36,340.0,34.032,4819925
2022-03-14,338.72,341.32,329.82,33.101,5907817
2022-03-15,335.1,345.36,332.36,34.375,5460640
2022-03-16,348.2,359.99,343.06,35.753,6982469
2022-03-17,359.7,373.31,354.88,37.14,5818348
2022-03-18,372.0,381.8,368.47,38.06,8252687
2022-03-21,378.02,381.82,368.94,37.459,4612272
2022-03-22,371.14,386.66,366.76,38.292,4209911
2022-03-23,379.77,382.46,374.49,37.449,3728954
2022-03-24,379.76,379.76,368.9,37.571,3888461
2022-03-25,377.07,377.64,366.43,37.385,3568441
2022-03-28,375.23,380.28,366.73,37.851,4323435
2022-03-29,384.39,396.5,380.33,39.182,5880723
2022-03-30,389.55,392.7,378.625,38.147,4023301
2022-03-31,383.59,384.0,373.61,37.459,4134720
2022-04-01,376.8,380.87,368.5,37.347,4644237
2022-04-04,373.55,396.02,373.13,39.15,7009235
2022-04-05,389.3,390.0,377.305,38.015,4127937
2022-04-06,374.15,376.4699,362.73,36.835,4354885
2022-04-07,365.0,368.54,353.6897,36.215,4948909
2022-04-08,361.96,362.5,354.865,35.588,4025183
2022-04-11,350.0,354.78,345.2,34.8,3777096
2022-04-12,355.91,359.41,342.25,34.41,3824261
2022-04-13,343.92,352.0,341.155,35.043,3230950
2022-04-14,350.95,352.0,339.86,34.113,4343837
2022-04-18,340.0,342.36,331.615,33.786,5105041
2022-04-19,333.22,351.68,333.22,34.861,20906885
2022-04-20,245.2,248.7,212.51,22.619,132644607
2022-04-21,220.0,227.68,211.52,21.822,53501603
2022-04-22,220.18,226.27,210.05,21.552,37515127
2022-04-25,213.81,216.66,204.51,20.991,28152045
2022-04-26,208.8,209.15,198.2773,19.84,20064274
2022-04-27,194.005,200.19,187.77,18.854,22298394
2022-04-28,191.56,201.48,185.6,19.952,21363162
2022-04-29,198.68,204.71,190.0,19.036,16391889
2022-05-02,191.71,200.2141,190.01,19.946,14591602
2022-05-03,198.29,203.2,194.77,19.987,11839431
2022-05-04,197.65,204.38,191.01,20.401,12108505
2022-05-05,200.45,200.71,186.0,18.832,13971326
2022-05-06,186.75,187.21,175.81,18.097,17185475
2022-05-09,177.655,183.2,172.3,17.31,14031327
2022-05-10,176.01,181.8712,170.57,17.766,13883905
2022-05-11,176.09,180.92,165.55,16.637,12665518
2022-05-12,163.96,177.58,162.71,17.431,17662118
2022-05-13,177.16,187.77,176.01,18.764,13136334
2022-05-16,193.3,195.89,185.7,18.651,16145011
2022-05-17,189.17,191.4,185.17,19.056,9876685
2022-05-18,186.72,187.7,176.27,17.719,9665632
2022-05-19,178.045,186.3,175.71,18.348,10448513
2022-05-20,185.8665,190.19,179.77,18.635,10429396
2022-05-23,186.15,187.66,177.89,18.744,9602027
2022-05-24,182.0,184.0,177.17,18.034,7706372
2022-05-25,180.28,188.87,180.17,18.783,8522092
2022-05-26,186.49,192.3402,183.0916,19.14,8049933
2022-05-27,193.19,195.25,190.3722,19.519,8585987
2022-05-31,196.18,199.95,190.8,19.744,11398460
2022-06-01,198.7,202.74,191.6606,19.291,8416151
2022-06-02,192.02,205.47,191.72,20.509,9623121
2022-06-03,200.14,202.95,198.05,19.898,7191775
2022-06-06,202.09,203.87,195.38,19.714,5372043
2022-06-07,194.87,199.6,193.0,19.861,4839491
2022-06-08,197.95,207.38,197.64,20.283,7244121
2022-06-09,200.65,201.69,192.54,19.277,6948967
2022-06-10,182.64,185.86,180.85,18.294,13074280
2022-06-13,177.07,179.09,168.9571,16.969,10222407
2022-06-14,169.75,172.0622,164.28,16.754,11555323
2022-06-15,169.258,183.845,168.53,18.011,12396041
2022-06-16,174.0,176.27,171.56,17.335,8201306
2022-06-17,173.63,179.65,173.34,17.551,12133372
2022-06-21,177.6,178.6189,169.8,17.091,12177592
2022-06-22,170.75,182.82,170.2,17.889,12010615
2022-06-23,180.5,182.76,175.87,18.171,9538226
2022-06-24,183.5,191.19,181.84,19.085,12423974
2022-06-27,191.77,191.78,182.39,18.914,8363879
2022-06-28,189.2,192.2,179.37,17.96,7201897
2022-06-29,179.55,180.665,175.1,17.836,5766847
2022-06-30,177.07,179.45,170.3,17.487,7894710
2022-07-01,176.49,180.1,174.27,17.995,5201583
2022-07-05,176.28,185.92,172.6801,18.588,7339023
2022-07-06,185.2,186.22,180.82,18.406,5753385
2022-07-07,184.27,190.21,183.5,18.927,6334545
2022-07-08,186.02,189.91,182.75,18.6975,5835680
2022-07-11,184.73,184.99,176.89,17.734,6048447
2022-07-12,177.33,179.7839,173.42,17.445,6845264
2022-07-13,170.5,179.18,169.702,17.656,12734421
2022-07-14,175.56,177.52,171.82,17.478,9039457
2022-07-15,175.58,189.22,174.56,18.911,16319116
2022-07-18,192.5,199.67,189.8,19.092,16322845
2022-07-19,193.02,201.97,188.4,20.163,28178716
2022-07-20,208.17,216.9699,200.1,21.644,53920266
2022-07-21,214.3,224.32,211.5,22.388,23430117
2022-07-22,222.38,229.35,218.44,22.044,17805452
2022-07-25,221.31,225.23,216.35,21.851,10935247
2022-07-26,216.66,219.39,211.64,21.391,9508532
2022-07-27,216.48,227.78,214.58,22.675,10508385
2022-07-28,224.6,228.1,219.67,22.602,8972738
2022-07-29,223.29,230.75,222.4,22.49,9064937
2022-08-01,223.095,228.39,221.0,22.621,5525044
2022-08-02,222.76,228.2,220.88,22.142,6361327
2022-08-03,224.79,228.1,222.42,22.673,6400701
2022-08-04,227.68,232.07,225.05,22.991,7142741
2022-08-05,225.3,228.62,222.87,22.678,5539733
2022-08-08,227.49,241.9599,226.41,23.349,10997409
2022-08-09,231.62,232.1999,224.65,22.994,6181194
2022-08-10,236.99,244.54,236.5958,24.411,9254760
2022-08-11,244.68,251.62,241.51,24.27,8780062
2022-08-12,244.81,249.41,243.76,24.93,6098531
2022-08-15,248.11,251.99,247.51,24.911,6527391
2022-08-16,247.16,249.29,244.03,24.569,5136806
2022-08-17,241.18,244.24,237.56,24.115,5627224
2022-08-18,241.96,246.4794,239.2801,24.517,5280387
2022-08-19,240.95,243.29,235.68,24.116,7504707
2022-08-22,232.55,233.475,224.59,22.654,8630094
2022-08-23,226.46,229.9,224.3,22.455,5276945
2022-08-24,225.66,234.1,223.94,22.961,5426316
2022-08-25,230.24,234.16,229.0,23.398,3766867
2022-08-26,233.625,236.95,223.15,22.328,5349848
2022-08-29,221.93,229.87,221.52,22.457,7096010
2022-08-30,226.66,229.79,218.74,22.065,5740434
2022-08-31,227.0,233.8787,223.43,22.356,8615906
2022-09-01,220.72,230.37,219.47,23.004,7292917
2022-09-02,231.03,233.8814,225.04,22.611,8164883
2022-09-06,225.59,226.85,214.69,21.839,7447153
2022-09-07,220.21,229.33,218.2681,22.896,8149329
2022-09-08,224.16,228.735,221.3,22.744,6737436
2022-09-09,229.62,234.7799,229.62,23.357,6702060
2022-09-12,233.61,239.49,233.37,23.653,6047425
2022-09-13,226.5,227.69,217.72,21.813,8000128
2022-09-14,219.82,228.0,215.8,22.412,8230340
2022-09-15,230.47,242.2871,229.1,23.538,19454122
2022-09-16,231.22,241.355,227.83,24.013,18914177
2022-09-19,245.05,245.25,235.75,24.363,17912370
2022-09-20,240.37,250.49,239.66,24.285,16037431
2022-09-21,242.67,248.2999,236.68,23.687,9166772
2022-09-22,235.35,240.5,231.66,23.705,9991482
2022-09-23,235.14,236.4499,221.43,22.641,11207228
2022-09-26,225.6,232.7,223.01,22.407,8234285
2022-09-27,228.63,230.64,220.72,22.436,7762223
2022-09-28,229.69,246.65,227.38,24.52,17579670
2022-09-29,241.61,246.98,235.68,23.971,18994943
2022-09-30,237.0,242.44,233.26,23.544,11848607
2022-10-03,237.85,241.54,232.85,23.904,8657443
2022-10-04,244.84,245.7999,233.25,24.074,13925854
2022-10-05,238.76,241.59,227.38,23.673,10825633
2022-10-06,236.68,244.28,233.9101,24.002,9188940
2022-10-07,235.77,237.33,224.28,22.475,9806128
2022-10-10,225.64,233.83,224.23,22.998,9991145
2022-10-11,226.05,230.44,213.7,21.429,15282411
2022-10-12,214.3,223.67,212.64,22.087,12952643
2022-10-13,212.69,234.47,211.73,23.251,17505012
2022-10-14,237.8,238.8,229.51,23.0,15293400
2022-10-17,234.41,249.9221,234.4,24.51,21057824
2022-10-18,249.8,250.37,237.73,24.086,25776731
2022-10-19,265.0,279.3,262.66,27.238,46685255
2022-10-20,272.78,278.3755,266.38,26.816,17207104
2022-10-21,268.95,290.75,265.68,28.957,24889055
2022-10-24,290.23,290.49,280.36,28.245,13326418
2022-10-25,286.95,297.59,285.5501,29.102,15100718
2022-10-26,290.04,305.63,288.04,29.862,15749252
2022-10-27,298.33,305.21,294.78,29.694,14612586
2022-10-28,297.7,301.19,292.2924,29.572,9960547
2022-10-31,295.13,297.6199,289.5,29.188,7505133
2022-11-01,296.17,299.7,286.42,28.675,6916424
2022-11-02,286.4,287.33,272.84,27.3,10367620
2022-11-03,271.25,276.29,268.8,26.906,7057350
2022-11-04,272.02,274.97,255.32,26.079,11124694
2022-11-07,261.06,261.155,252.09,25.86,7927033
2022-11-08,259.92,266.08,256.8801,26.346,7683826
2022-11-09,259.66,260.9,254.2202,25.466,7265994
2022-11-10,265.99,275.36,260.0901,27.497,9667323
2022-11-11,274.47,290.66,271.5577,29.013,9573834
2022-11-14,290.0,311.0,288.19,29.927,17973398
2022-11-15,309.2,312.71,302.55,31.02,14626932
2022-11-16,309.94,310.49,303.61,30.602,8038556
2022-11-17,294.72,299.82,291.0,29.528,9838220
2022-11-18,297.33,298.0,287.0,28.798,8400108
2022-11-21,291.0,291.87,282.66,28.505,7256507
2022-11-22,284.99,286.98,277.34,28.669,6245119
2022-11-23,285.91,292.47,283.76,29.15,5918988
2022-11-25,289.0,289.21,284.17,28.554,3235953
2022-11-28,284.0,289.55,280.53,28.117,4707049
2022-11-29,282.5,282.96,275.94,28.096,5786874
2022-11-30,281.37,308.26,280.41,30.553,16070120
2022-12-01,303.99,319.8,303.03,31.695,14664866
2022-12-02,310.49,321.99,310.0,32.041,12690602
2022-12-05,316.46,322.77,310.92,31.259,8423029
2022-12-06,311.0,313.2231,303.13,30.556,7195395
2022-12-07,306.5,309.61,302.1,30.842,7821634
2022-12-08,309.11,312.38,304.8098,31.026,7205326
2022-12-09,321.45,329.0,319.52,32.001,14364032
2022-12-12,320.0,323.18,308.85,31.518,10148614
2022-12-13,328.0,332.7236,317.199,32.034,10756428
2022-12-14,318.97,324.71,314.42,31.783,7543291
2022-12-15,302.12,303.39,286.55,29.041,17724556
2022-12-16,288.76,294.7199,288.7,29.071,14080045
2022-12-19,289.73,292.25,286.13,28.83,6163667
2022-12-20,281.24,289.28,280.81,28.819,6918114
2022-12-21,289.99,300.66,286.5,29.796,6376173
2022-12-22,298.09,298.88,290.8131,29.775,7856192
2022-12-23,296.18,298.4614,291.91,29.4965,4251108
2022-12-27,293.19,293.57,282.13,28.417,5778098
2022-12-28,281.92,285.19,273.41,27.688,5964369
2022-12-29,283.18,295.4999,281.01,29.112,9588527
2022-12-30,285.53,295.01,283.22,29.488,7566892
2023-01-03,298.06,298.39,288.7,29.495,6763964
2023-01-04,298.24,311.135,295.51,30.941,9345054
2023-01-05,307.0,314.18,304.545,30.97,8328390
2023-01-06,311.57,316.77,303.69,31.555,8959839
2023-01-09,316.83,321.7,313.22,31.517,6766628
2023-01-10,311.07,329.35,311.07,32.754,13072286
2023-01-11,326.5,328.88,321.35,32.726,9579681
2023-01-12,332.5,332.95,323.14,33.013,10856246
2023-01-13,329.97,336.65,328.885,33.282,8286816
2023-01-17,331.08,332.5,323.6,32.622,9246987
2023-01-18,326.75,330.08,321.25,32.633,7814115
2023-01-19,322.57,324.89,313.39,31.578,18008195
2023-01-20,336.79,344.0,332.625,34.25,28430339
2023-01-23,341.715,362.2453,340.6329,35.742,15646853
2023-01-24,357.53,365.65,355.1401,36.383,11796528
2023-01-25,360.57,368.8999,358.501,36.796,7766907
2023-01-26,368.77,369.02,361.7,36.487,8256844
2023-01-27,363.2,365.92,360.59,36.077,6703548
2023-01-30,358.44,360.95,352.855,35.311,5127593
2023-01-31,349.98,355.95,348.71,35.386,5660738
2023-02-01,353.86,365.385,349.91,36.199,8005170
2023-02-02,365.16,368.32,358.43,36.689,7856952
2023-02-03,359.08,379.4301,359.0,36.59,9402034
2023-02-06,363.642,368.45,360.68,36.148,4994942
2023-02-07,358.51,364.1799,354.18,36.295,6289368
2023-02-08,360.02,368.193,358.31,36.683,6253179
2023-02-09,372.41,373.83,361.7444,36.25,6901100
2023-02-10,359.16,362.14,347.14,34.736,7291096
2023-02-13,349.5,359.7034,344.25,35.857,7134445
2023-02-14,357.55,363.75,353.4,35.996,4624758
2023-02-15,356.63,362.88,354.24,36.142,3969945
2023-02-16,355.0,361.5,350.31,35.071,5215726
2023-02-17,347.905,349.0,342.44,34.796,5294727
2023-02-21,342.85,344.1253,336.4177,33.75,5710292
2023-02-22,337.5,341.91,332.82,33.488,4546249
2023-02-23,331.23,331.28,314.3,32.365,13238673
2023-02-24,319.3,321.5,314.52,31.715,6830692
2023-02-27,323.87,330.0,322.121,32.303,6142580
2023-02-28,323.7,327.62,321.17,32.213,3676075
2023-03-01,321.55,326.6,312.36,31.348,4911311
2023-03-02,310.96,315.57,310.38,31.188,4921053
2023-03-03,315.45,317.49,310.82,31.518,5953319
2023-03-06,317.0,323.3,311.8412,31.203,5660743
2023-03-07,312.675,314.3,306.6226,30.847,4553082
2023-03-08,309.29,311.83,305.75,31.179,3479474
2023-03-09,312.08,312.51,294.88,29.778,7443350
2023-03-10,297.905,298.79,289.0,29.276,5759315
2023-03-13,287.34,299.24,285.3301,29.351,6292385
2023-03-14,295.97,297.45,290.31,29.494,5956692
2023-03-15,292.51,306.31,292.28,30.379,9215340
2023-03-16,304.75,316.6,301.71,31.006,7912371
2023-03-17,310.06,310.76,300.0,30.35,6918777
2023-03-20,299.79,307.5,296.0,30.513,5113430
2023-03-21,306.32,307.92,300.43,30.579,4886279
2023-03-22,306.31,306.45,293.54,29.39,5808035
2023-03-23,304.68,322.78,304.14,32.037,15653347
2023-03-24,320.63,331.83,320.63,32.839,13004085
2023-03-27,327.55,336.44,324.41,32.766,8625763
2023-03-28,326.06,333.32,321.28,32.352,6489388
2023-03-29,326.29,332.85,325.73,33.203,6287336
2023-03-30,340.2699,343.29,335.3,33.843,7131468
2023-03-31,340.05,345.84,337.2001,34.548,5610161
2023-04-03,341.83,348.58,340.4001,34.828,4413650
2023-04-04,348.49,349.8,343.95,34.675,3298072
2023-04-05,345.3,345.43,336.2526,34.235,4205545
2023-04-06,339.34,340.48,332.63,33.933,4660542
2023-04-10,335.27,339.88,333.36,33.899,2657898
2023-04-11,343.45,347.14,337.635,33.821,4044778
2023-04-12,340.81,342.8,330.04,33.103,3965440
2023-04-13,339.99,346.43,338.75,34.619,7406437
2023-04-14,342.94,344.853,336.41,33.863,5350508
2023-04-17,338.0,338.39,327.5,33.272,6104222
2023-04-18,335.0,337.19,330.5,33.37,17944496
2023-04-19,324.21,325.75,316.1,32.312,22128267
2023-04-20,320.39,331.4298,318.33,32.535,9947800
2023-04-21,323.0,328.29,319.5,32.798,6348000
2023-04-24,330.2,334.66,326.75,32.902,5586627
2023-04-25,328.5,328.655,321.1,32.255,5426642
2023-04-26,321.36,325.9,320.47,32.115,4613351
2023-04-27,324.3,327.45,317.44,32.585,5618768
2023-04-28,325.24,330.8077,324.0,32.993,4228374
2023-05-01,329.435,331.23,318.09,32.412,5341484
2023-05-02,325.0,326.07,315.62,31.755,4318612
2023-05-03,317.55,324.62,315.85,31.93,5064057
2023-05-04,319.01,323.61,317.95,32.078,3879657
2023-05-05,323.61,324.15,319.4401,32.276,3990637
2023-05-08,322.99,332.56,322.03,33.121,5488593
2023-05-09,330.67,336.32,329.7401,33.214,5544852
2023-05-10,335.21,337.11,329.51,33.542,4289897
2023-05-11,334.98,345.47,331.84,34.476,8033531
2023-05-12,344.76,348.1664,337.3637,33.989,6082360
2023-05-15,340.62,341.9,335.54,33.589,3652970
2023-05-16,334.0,335.17,331.91,33.375,3334863
2023-05-17,331.76,341.38,329.615,33.996,3958807
2023-05-18,347.25,375.87,346.37,37.129,20925235
2023-05-19,369.86,369.99,363.81,36.536,7859703
2023-05-22,365.36,372.01,362.5,36.301,5406420
2023-05-23,360.24,364.17,354.31,35.599,6866078
2023-05-24,356.93,367.151,356.625,36.485,7973316
2023-05-25,359.61,367.4499,357.42,35.9,6263105
2023-05-26,361.1,383.76,356.0,37.888,9360436
2023-05-30,397.48,405.11,385.79,39.298,10864990
2023-05-31,391.89,396.26,388.91,39.523,6961382
2023-06-01,397.41,407.52,393.08,40.313,7160145
2023-06-02,402.89,406.58,395.9,40.047,5902381
2023-06-05,400.47,413.86,400.15,40.354,7247413
2023-06-06,405.0,405.12,396.93,39.929,4991532
2023-06-07,410.43,418.95,399.23,39.977,11932392
2023-06-08,399.77,409.54,396.34,40.937,5991087
2023-06-09,424.5,425.9,414.76,42.002,12372827
2023-06-12,418.83,424.7,416.5669,42.397,5967712
2023-06-13,430.01,437.27,428.4,43.573,7820535
2023-06-14,434.99,447.33,433.5,44.086,8413089
2023-06-15,444.1,448.65,439.5,44.527,7099915
2023-06-16,446.15,447.51,430.9,43.196,8753740
2023-06-20,430.18,440.0,430.0,43.47,4762313
2023-06-21,432.65,434.55,422.54,42.445,5146441
2023-06-22,422.93,424.71,418.6801,42.248,4872246
2023-06-23,418.59,425.82,417.73,42.402,8298600
2023-06-26,422.435,430.9599,414.9,41.594,4640022
2023-06-27,417.39,420.8789,411.5,41.708,4818066
2023-06-28,423.1,437.2915,422.89,42.984,8811342
2023-06-29,434.33,437.85,426.15,42.824,4932310
2023-06-30,431.1,444.12,431.1,44.049,7346394
2023-07-03,439.76,441.545,431.62,44.144,3733207
2023-07-05,444.91,450.97,439.6244,44.59,6875414
2023-07-06,440.0,442.7999,430.72,43.884,4944892
2023-07-07,438.6,442.325,435.8354,43.81,4165144
2023-07-10,438.52,444.41,436.82,44.171,4251737
2023-07-11,438.65,440.8,431.0415,44.021,4574559
2023-07-12,444.55,445.4085,437.7494,44.405,5731657
2023-07-13,447.0,451.67,441.177,45.038,6157475
2023-07-14,452.785,456.48,439.7,44.191,7195860
2023-07-17,445.57,456.68,445.1053,45.005,6901141
2023-07-18,451.0,478.15,448.78,47.48,13196877
2023-07-19,476.86,485.0,470.0,47.759,20996481
2023-07-20,447.0,448.5,432.0,43.742,23989711
2023-07-21,437.37,438.24,423.19,42.75,17340028
2023-07-24,425.0,428.64,419.19,42.837,8282434
2023-07-25,427.18,430.8799,426.13,42.77,4859843
2023-07-26,424.2,425.26,415.59,42.267,6009242
2023-07-27,426.9,427.52,411.88,41.317,6594466
2023-07-28,415.56,427.47,413.76,42.578,6428073
2023-07-31,426.51,439.13,426.3,43.897,6587619
2023-08-01,437.37,445.2499,431.4,43.862,5725544
2023-08-02,435.23,435.56,426.56,42.97,4921781
2023-08-03,427.8,441.93,427.19,43.1,6259309
2023-08-04,433.06,436.5,426.27,43.16,5441811
2023-08-07,436.455,441.11,428.9057,44.076,4781303
2023-08-08,440.36,443.57,435.1,43.83,3767195
2023-08-09,439.74,440.62,427.59,42.89,3846639
2023-08-10,431.12,438.12,428.69,42.998,5467607
2023-08-11,428.98,430.6317,421.3277,42.166,3927914
2023-08-14,421.99,428.845,418.78,42.778,3965963
2023-08-15,424.41,429.12,421.04,42.37,3367998
2023-08-16,423.73,424.51,415.25,41.545,3967021
2023-08-17,415.0,415.24,401.5818,40.3,6031469
2023-08-18,399.33,406.52,398.15,40.453,4312196
2023-08-21,402.23,409.61,399.5,40.829,3861579
2023-08-22,409.0,415.74,407.4,41.317,3603273
2023-08-23,418.4,437.02,417.71,42.755,8174732
2023-08-24,425.41,427.59,406.165,40.693,5687799
2023-08-25,412.0,419.25,407.5641,41.603,5390933
2023-08-28,418.04,419.83,413.27,41.806,2928613
2023-08-29,416.0,432.17,414.5,42.999,4486703
2023-08-30,430.85,438.16,428.35,43.467,3625380
2023-08-31,431.23,437.15,431.23,43.368,3802954
2023-09-01,437.725,445.5,435.93,43.988,4793379
2023-09-05,438.39,453.45,438.0,44.868,6155865
2023-09-06,448.61,451.39,440.49,44.576,3862274
2023-09-07,441.15,444.6,436.7,44.314,2922676
2023-09-08,443.56,446.81,438.85,44.28,2704353
2023-09-11,443.07,449.89,442.75,44.536,2913767
2023-09-12,442.85,445.4399,434.12,43.469,3124024
2023-09-13,435.5,438.4,410.69,41.224,11843027
2023-09-14,410.4,411.39,400.0,40.049,10709043
2023-09-15,401.0,404.6997,395.03,39.694,9116745
2023-09-18,395.5,399.465,392.6,39.44,4704706
2023-09-19,392.84,398.23,390.245,39.62,4080054
2023-09-20,397.05,397.985,386.12,38.63,3866619
2023-09-21,386.5,395.8999,383.42,38.415,5556388
2023-09-22,385.0,386.88,378.36,37.981,3699796
2023-09-25,382.9,386.62,380.81,38.48,3757278
2023-09-26,382.88,384.56,377.355,37.925,4089392
2023-09-27,382.4,384.223,376.25,37.759,3843521
2023-09-28,375.6,378.96,371.1,37.636,4369906
2023-09-29,380.0,382.58,375.35,37.76,4205298
2023-10-02,377.48,384.808,376.8,38.033,3102101
2023-10-03,377.11,394.9,372.8492,37.675,8878134
2023-10-04,376.5,380.22,373.58,37.69,4303658
2023-10-05,378.01,378.5999,367.24,37.259,5034773
2023-10-06,368.43,382.52,367.77,38.151,4778118
2023-10-09,378.05,387.17,377.755,38.595,3299802
2023-10-10,385.58,388.7,372.25,37.332,7288939
2023-10-11,372.775,377.81,365.34,36.593,9151395
2023-10-12,366.48,368.83,359.05,36.12,7376086
2023-10-13,355.64,358.93,352.05,35.568,6316320
2023-10-16,356.21,363.0799,354.77,36.082,5128947
2023-10-17,361.1,362.7049,353.89,35.572,5908412
2023-10-18,351.0,354.79,344.73,34.619,11429643
2023-10-19,404.74,408.95,392.2601,40.177,28074416
2023-10-20,405.63,410.64,398.01,40.096,12782922
2023-10-23,403.32,407.54,398.5201,40.684,7390032
2023-10-24,409.68,416.6899,408.39,41.373,6459247
2023-10-25,416.02,418.84,410.11,41.125,6299587
2023-10-26,411.42,417.31,401.5444,40.354,6849702
2023-10-27,406.42,410.21,395.62,39.787,4997612
2023-10-30,402.35,412.82,399.41,41.008,5317147
2023-10-31,409.24,412.52,404.6301,41.169,3877623
2023-11-01,414.77,420.6,414.1798,42.019,4806108
2023-11-02,421.17,426.69,417.1,42.471,4475984
2023-11-03,428.76,434.815,425.53,43.236,3667051
2023-11-06,434.38,435.03,429.61,43.474,3003235
2023-11-07,436.18,437.64,431.0,43.461,3291064
2023-11-08,435.0,438.07,433.68,43.665,2356845
2023-11-09,438.03,440.38,434.35,43.515,2735507
2023-11-10,437.48,447.48,435.51,44.724,4443284
2023-11-13,447.25,448.43,442.6,44.462,2896143
2023-11-14,448.78,454.075,445.64,44.865,4060884
2023-11-15,452.81,462.7499,452.45,46.194,5035283
2023-11-16,463.0,467.28,459.65,46.695,3655974
2023-11-17,466.95,467.65,462.76,46.591,2800214
2023-11-20,465.4,476.7558,465.4,47.447,3621095
2023-11-21,472.63,477.02,471.21,47.495,2997723
2023-11-22,476.8,482.7,476.56,47.8,2843891
2023-11-24,477.11,480.4,475.2,47.956,1404732
2023-11-27,479.03,482.0,475.35,47.917,3625924
2023-11-28,478.11,480.5,475.95,47.9,2890164
2023-11-29,479.0,480.9885,474.49,47.719,2855540
2023-11-30,475.31,478.5907,470.42,47.397,4287349
2023-12-01,473.17,475.2299,464.6,46.574,4341471
2023-12-04,460.99,461.2,451.2,45.39,5157713
2023-12-05,450.7,456.39,449.58,45.515,3380674
2023-12-06,460.0,460.5,445.73,44.673,4157611
2023-12-07,450.85,452.885,448.32,45.2,3506722
2023-12-08,450.76,455.5,450.76,45.376,3458384
2023-12-11,459.36,470.65,457.21,45.989,4929662
2023-12-12,465.23,465.61,459.1962,46.3,3302660
2023-12-13,461.98,481.25,461.98,47.998,5820192
2023-12-14,480.36,480.76,464.7601,46.983,5176437
2023-12-15,467.3,473.0,467.3,47.206,7840992
2023-12-18,476.3,492.04,475.095,48.612,6410660
2023-12-19,488.4,496.14,484.06,49.502,3838951
2023-12-20,492.0,500.89,488.39,48.927,4563690
2023-12-21,492.66,494.4,486.77,49.161,2756225
2023-12-22,494.0,496.02,485.45,48.676,2702672
2023-12-26,489.39,491.48,486.38,49.119,2034517
2023-12-27,491.24,494.015,489.25,49.179,2553830
2023-12-28,492.0,492.89,489.07,49.051,1710492
2023-12-29,490.37,492.2299,481.935,48.688,2740555
2024-01-02,483.185,484.65,461.86,46.85,5049423
2024-01-03,467.32,475.05,465.7727,47.026,3443694
2024-01-04,472.98,480.7393,466.53,47.467,3636513
2024-01-05,476.5,479.545,471.804,47.406,2595449
2024-01-08,473.89,485.24,473.65,48.503,3675775
2024-01-09,475.53,485.085,473.8,48.209,3526757
2024-01-10,481.6,487.0,472.95,47.833,4342448
2024-01-11,492.54,503.41,483.82,49.223,7993265
2024-01-12,500.51,500.79,490.61,49.216,5003718
2024-01-16,490.0,494.15,478.02,48.124,4678974
2024-01-17,484.5,486.21,475.2642,48.033,4894593
2024-01-18,480.03,485.77,478.02,48.531,4054399
2024-01-19,484.98,485.67,476.06,48.295,5672351
2024-01-22,487.55,489.8,479.9,48.571,5212309
2024-01-23,492.0,498.96,481.4,49.219,15506024
2024-01-24,537.75,562.5,537.07,54.487,26346717
2024-01-25,551.95,563.46,548.46,56.2,9451915
2024-01-26,561.81,579.64,558.4319,57.042,12770571
2024-01-29,571.35,578.5499,562.68,57.579,6905390
2024-01-30,567.32,570.88,560.82,56.285,6181798
2024-01-31,562.85,572.15,562.045,56.411,4857599
2024-02-01,567.02,572.66,563.83,56.751,3174002
2024-02-02,564.52,567.8,562.37,56.464,4032843
2024-02-05,562.47,575.75,557.195,56.206,4143099
2024-02-06,564.12,566.3399,554.37,55.588,2840300
2024-02-07,558.16,567.8,554.98,55.93,4373591
2024-02-08,560.55,563.7,555.74,55.853,3175468
2024-02-09,565.0,566.0,558.1,56.132,3055698
2024-02-12,560.36,568.44,557.0,55.785,3608487
2024-02-13,550.8,559.1999,549.0,55.452,3511453
2024-02-14,567.26,581.248,564.34,57.933,5634226
2024-02-15,581.91,593.77,580.32,59.346,5220938
2024-02-16,596.95,597.0,577.46,58.395,4325689
2024-02-20,580.18,586.0,569.66,57.513,3124236
2024-02-21,573.51,575.775,567.32,57.335,2281143
2024-02-22,582.75,590.85,578.885,58.847,3526597
2024-02-23,586.4,592.43,579.82,58.356,2568852
2024-02-26,583.56,590.75,583.27,58.765,2393712
2024-02-27,595.0,605.36,592.33,60.167,4489355
2024-02-28,595.79,598.17,590.01,59.648,2605242
2024-02-29,604.25,604.5161,595.16,60.292,3572082
2024-03-01,599.81,620.28,599.5,61.934,4270305
2024-03-04,621.56,624.42,615.08,61.583,3020306
2024-03-05,610.1,610.91,592.0,59.85,3849563
2024-03-06,602.99,607.93,593.5555,59.769,2469592
2024-03-07,599.34,610.53,595.9,60.851,2742805
2024-03-08,608.27,616.09,600.84,60.482,2777243
2024-03-11,608.08,611.0,600.37,60.093,2479366
2024-03-12,600.21,615.3,596.27,61.108,2798854
2024-03-13,613.37,614.8499,607.21,60.945,2178292
2024-03-14,615.0,620.8,607.35,61.301,3110468
2024-03-15,622.92,622.92,603.82,60.588,6671629
2024-03-18,613.56,627.41,610.4481,61.839,3344244
2024-03-19,615.62,621.28,608.0,62.074,2142613
2024-03-20,619.95,629.505,618.34,62.769,2639509
2024-03-21,630.65,634.3617,622.33,62.271,2507671
2024-03-22,624.16,629.05,621.0,62.801,2135688
2024-03-25,627.9,630.46,623.16,62.746,1803264
2024-03-26,625.2,634.3899,619.1836,62.924,2804453
2024-03-27,629.01,631.35,610.73,61.353,2628267
2024-03-28,614.99,615.0,601.59,60.733,3708803
2024-04-01,608.0,615.11,605.571,61.431,2063845
2024-04-02,611.0,615.03,605.5101,61.421,2018210
2024-04-03,612.745,630.41,611.5,63.008,2913989
2024-04-04,633.21,638.0,616.58,61.714,3008557
2024-04-05,624.92,637.91,622.71,63.618,3327195
2024-04-08,636.39,639.0,628.11,62.841,2129483
2024-04-09,631.99,631.99,615.6347,61.82,2135639
2024-04-10,610.97,620.14,609.34,61.858,2806248
2024-04-11,624.42,631.66,617.24,62.878,2662662
2024-04-12,628.23,633.1199,618.915,62.283,2959269
2024-04-15,630.17,630.17,603.871,60.715,3085394
2024-04-16,607.5,622.45,607.5,61.752,3519122
2024-04-17,620.97,620.97,607.71,61.369,3312222
2024-04-18,612.1,621.33,605.435,61.056,8468407
2024-04-19,567.88,579.0,552.16,55.504,16449699
2024-04-22,550.66,558.61,542.01,55.46,8597651
2024-04-23,556.49,579.21,555.28,57.775,4975520
2024-04-24,574.31,576.907,551.3,55.512,5355312
2024-04-25,549.46,566.54,545.705,56.48,3807101
2024-04-26,558.21,562.92,553.19,56.123,4332593
2024-04-29,559.18,559.64,554.24,55.949,2508882
2024-04-30,560.0,560.0,549.375,55.064,3361492
2024-05-01,547.84,560.39,544.25,55.171,3473233
2024-05-02,556.02,565.46,555.59,56.515,3068228
2024-05-03,566.0,580.26,565.16,57.934,3307524
2024-05-06,581.82,597.34,580.25,59.697,3686337
2024-05-07,596.28,606.05,591.32,60.6,3614092
2024-05-08,601.63,618.22,601.63,60.947,3093904
2024-05-09,614.4,615.72,605.75,61.209,2065375
2024-05-10,619.0,623.98,605.06,61.087,2653586
2024-05-13,614.3,618.219,606.83,61.659,2086197
2024-05-14,615.17,621.48,608.4,61.366,2792358
2024-05-15,618.57,624.1,609.1,61.352,5670607
2024-05-16,615.75,618.34,609.09,61.052,3056350
2024-05-17,617.0,625.79,614.7141,62.11,3782708
2024-05-20,620.4,644.37,619.52,64.082,3857853
2024-05-21,636.76,650.88,634.22,65.061,2920155
2024-05-22,647.14,649.25,638.12,64.047,2176174
2024-05-23,642.34,642.71,630.0,63.567,2313939
2024-05-24,639.4,652.0,637.6,64.675,2615260
2024-05-28,647.05,649.75,643.03,64.9,2609451
2024-05-29,644.13,664.25,643.89,65.462,3695935
2024-05-30,653.52,656.4899,644.73,64.766,2393354
2024-05-31,644.01,648.58,628.3,64.162,4071023
2024-06-03,645.215,646.78,627.27,63.379,2323506
2024-06-04,633.78,635.2299,626.44,63.162,3008151
2024-06-05,634.02,651.25,628.25,65.027,2682614
2024-06-06,644.89,657.99,644.2368,64.852,2466664
2024-06-07,649.38,650.4,640.2401,64.147,1876631
2024-06-10,641.01,644.79,635.59,64.45,2066759
2024-06-11,640.72,650.19,640.52,64.855,2167417
2024-06-12,652.21,655.78,643.11,65.006,2094381
2024-06-13,644.0,655.25,642.35,65.326,1863587
2024-06-14,655.05,675.58,652.64,66.938,4447116
2024-06-17,669.11,682.7099,665.1101,67.583,3631184
2024-06-18,675.63,687.06,674.64,68.567,2943775
2024-06-20,681.8,689.88,673.7203,67.903,2585089
2024-06-21,683.26,686.9,678.1,68.612,4557086
2024-06-24,685.0,685.5,664.5,66.902,3916335
2024-06-25,673.44,673.665,662.3,67.241,2278768
2024-06-26,672.41,682.96,670.02,67.769,3545815
2024-06-27,679.35,688.57,678.14,68.434,2404849
2024-06-28,679.0,687.0,673.08,67.488,3412391
2024-07-01,674.89,675.02,663.78,67.361,2212826
2024-07-02,673.54,681.74,670.07,67.958,2411426
2024-07-03,677.48,683.7499,675.5,68.251,1403545
2024-07-05,682.51,697.49,677.23,69.065,2659065
2024-07-08,687.0,688.86,681.485,68.574,1930786
2024-07-09,690.0,695.27,684.72,68.574,2599474
2024-07-10,685.02,687.22,673.16,67.765,2651928
2024-07-11,672.485,672.485,647.44,65.275,5111928
2024-07-12,652.75,655.92,643.7075,64.76,3355197
2024-07-15,647.5,667.54,646.63,65.645,3208763
2024-07-16,661.8,663.675,649.13,65.632,2685706
2024-07-17,650.0,650.45,639.47,64.746,4017277
2024-07-18,656.6,657.0395,639.165,64.304,7575763
2024-07-19,660.64,678.97,629.1201,63.334,9815631
2024-07-22,639.5,656.29,632.6,64.75,5219077
2024-07-23,647.5,649.91,641.0001,64.276,2463579
2024-07-24,635.74,652.42,632.6744,63.599,4888163
2024-07-25,641.0,649.98,621.7001,63.409,4554539
2024-07-26,645.0,646.9899,629.77,63.137,3120659
2024-07-29,634.61,634.61,623.93,62.696,2400537
2024-07-30,630.17,634.69,617.0001,62.258,3496609
2024-07-31,626.57,633.5999,622.58,62.835,3134877
2024-08-01,629.25,646.7099,617.61,62.485,3720573
2024-08-02,620.98,625.27,608.35,61.364,3523003
2024-08-05,587.04,604.5627,587.04,59.855,4044235
2024-08-06,600.62,622.45,600.62,60.957,4319057
2024-08-07,616.065,632.0,610.64,61.148,3187791
2024-08-08,621.99,632.29,616.02,63.035,3283542
2024-08-09,622.99,636.62,622.99,63.394,1980836
2024-08-12,631.0,639.0,627.07,63.314,2331712
2024-08-13,638.56,650.97,635.5,64.802,2639571
2024-08-14,648.7,663.57,648.7,66.168,4014344
2024-08-15,668.49,673.19,659.8,66.322,3210173
2024-08-16,669.43,680.23,665.36,67.407,3511014
2024-08-19,674.07,688.84,672.91,68.853,3016227
2024-08-20,688.86,711.33,688.245,69.854,4813118
2024-08-21,697.0,701.0,691.38,69.712,2235343
2024-08-22,691.0,701.5,686.24,68.896,2729389
2024-08-23,694.13,696.07,678.63,68.673,2354450
2024-08-26,687.26,690.59,681.6376,68.844,1354154
2024-08-27,688.53,707.89,686.92,69.572,3164878
2024-08-28,695.83,696.67,677.1,68.384,2430583
2024-08-29,690.0,699.8,686.07,69.248,2186974
2024-08-30,700.36,701.86,688.16,70.135,3266723
2024-09-03,700.1,703.86,671.01,67.532,3160964
2024-09-04,673.31,684.65,673.06,67.968,1772660
2024-09-05,673.14,687.31,671.86,68.362,1810072
2024-09-06,681.86,683.1518,662.34,66.577,2991265
2024-09-09,674.0,683.5,672.14,67.542,2683111
2024-09-10,676.87,680.5899,665.805,67.362,2079182
2024-09-11,677.46,682.97,660.8,68.147,2391924
2024-09-12,684.92,694.88,682.2,68.68,2588437
2024-09-13,680.01,699.64,680.0,69.706,2276482
2024-09-16,700.0,703.02,688.6316,69.65,1843745
2024-09-17,700.82,707.63,698.37,70.691,2298630
2024-09-18,707.55,707.55,688.0,69.047,2984411
2024-09-19,705.0,715.66,695.37,70.432,4228480
2024-09-20,705.55,706.6732,696.31,70.103,3998062
2024-09-23,702.39,712.2499,699.16,70.537,3224344
2024-09-24,706.625,722.44,704.45,72.226,3565731
2024-09-25,721.0,725.12,716.21,72.156,2259775
2024-09-26,724.73,725.26,701.72,71.143,2832962
2024-09-27,708.36,710.71,701.2509,70.735,2395613
2024-09-30,707.0,711.21,702.8192,70.927,1711508
2024-10-01,713.64,717.76,698.59,70.613,2813482
2024-10-02,706.13,716.21,704.6878,71.109,1758167
2024-10-03,704.26,708.81,700.0,70.68,2256449
2024-10-04,713.32,721.01,708.82,71.97,2230139
2024-10-07,714.755,715.88,696.43,70.192,3360520
2024-10-08,703.88,725.06,703.5457,72.176,3187402
2024-10-09,719.25,728.59,718.87,72.743,1981070
2024-10-10,723.29,733.85,722.5,73.029,2767862
2024-10-11,734.9,736.0,721.22,72.279,2299525
2024-10-14,725.0,726.6196,711.3109,71.3,2797071
2024-10-15,712.51,713.4,699.7806,70.598,2932752
2024-10-16,703.43,705.59,697.82,70.2,2494276
2024-10-17,704.35,704.4124,677.88,68.765,8926672
2024-10-18,737.64,766.281,736.23,76.389,15974119
2024-10-21,765.76,773.0,756.6,77.207,6057093
2024-10-22,765.27,769.7,761.12,76.424,2987252
2024-10-23,762.83,763.7899,744.26,74.929,3749007
2024-10-24,751.97,755.82,746.25,75.455,2642962
2024-10-25,756.17,768.5,753.53,75.468,2819473
2024-10-28,758.68,758.68,747.88,74.912,2862405
2024-10-29,751.13,763.88,748.01,75.944,3660433
2024-10-30,758.08,759.79,752.2775,75.374,1722002
2024-10-31,753.93,760.7899,752.23,75.603,3057709
2024-11-01,753.48,763.7999,747.77,75.61,2996829
2024-11-04,753.14,762.48,749.69,75.551,1902194
2024-11-05,757.35,767.5299,756.27,76.391,2200645
2024-11-06,771.5,781.49,757.38,78.021,3690817
2024-11-07,781.37,798.22,779.94,79.654,3295074
2024-11-08,797.36,799.06,788.65,79.504,1910626
2024-11-11,795.9,806.823,795.565,80.544,2399150
2024-11-12,807.5,820.3697,803.75,81.95,2814064
2024-11-13,822.615,836.9899,820.5368,83.047,2767772
2024-11-14,833.67,840.9997,830.02,83.726,3038231
2024-11-15,832.04,832.04,816.49,82.396,3673720
2024-11-18,815.5,848.45,809.3301,84.705,4084081
2024-11-19,839.75,874.49,839.16,87.132,3814227
2024-11-20,879.98,890.6,868.4,88.385,4093843
2024-11-21,883.93,908.0,877.24,89.748,4511263
2024-11-22,896.0,906.0,893.0,89.779,3214020
2024-11-25,902.05,902.05,864.22,86.559,6014203
2024-11-26,867.49,886.36,867.2501,87.26,3138259
2024-11-27,872.06,880.95,858.91,87.734,2578222
2024-11-29,882.17,892.41,876.68,88.681,2027237
2024-12-02,887.51,902.34,884.12,89.774,2388966
2024-12-03,894.36,902.69,888.025,90.217,2401634
2024-12-04,898.05,915.9699,898.05,91.106,2689629
2024-12-05,917.85,927.0,911.1075,91.787,2835307
2024-12-06,915.23,935.27,912.71,93.474,2955383
2024-12-09,928.0,930.2999,902.59,91.369,3350082
2024-12-10,913.76,922.88,909.58,91.335,2388575
2024-12-11,924.71,941.75,923.08,93.656,3501691
2024-12-12,933.35,934.0886,922.6,92.555,2486197
2024-12-13,916.81,925.55,909.61,91.887,2485829
2024-12-16,923.94,928.94,919.5,92.108,2674892
2024-12-17,921.54,928.45,916.42,91.913,2459456
2024-12-18,919.13,922.44,886.56,88.955,2938194
2024-12-19,908.18,912.6215,899.0,90.204,2815512
2024-12-20,893.21,919.9238,890.487207,90.905,4530519
2024-12-23,913.42,915.0,899.1001,91.145,2339375
2024-12-24,915.0,935.85,911.7,93.212,2320293
2024-12-26,928.4,930.49,915.3,92.414,2342418
2024-12-27,916.01,918.13,894.5,90.755,3226158
2024-12-30,894.51,908.2299,889.71,90.043,2202970
2024-12-31,901.8,902.68,889.47,89.132,1875897
2025-01-02,895.5,898.58,877.0,88.673,2315685
2025-01-03,893.13,898.83,879.8901,88.105,2970019
2025-01-06,888.76,892.83,871.69,88.179,3457656
2025-01-07,879.38,888.0,869.11,87.919,2649823
2025-01-08,880.0,886.215,873.0,87.5,2347949
2025-01-10,866.4,866.41,834.4,83.769,4803312
2025-01-13,831.525,847.07,829.14,84.029,3024517
2025-01-14,843.2,844.8925,823.519,82.84,3037650
2025-01-15,836.44,850.84,830.41,84.826,3181383
2025-01-16,860.96,868.98,842.02,84.237,4028537
2025-01-17,859.79,865.0,852.13,85.81,3617565
2025-01-21,863.53,916.4,854.745,86.968,9851351
2025-01-22,998.025,999.0,950.76,95.399,14273205
2025-01-23,957.81,985.0,953.9,98.486,7752137
2025-01-24,984.41,986.28,967.68,97.759,4550397
2025-01-27,971.1,982.27,960.26,97.189,4634204
2025-01-28,966.71,977.934,957.3,97.183,3433972
2025-01-29,980.0,987.64,968.2345,97.815,2930728
2025-01-30,986.75,994.59,970.0101,97.324,3867825
2025-01-31,974.0,990.2892,974.0,97.676,3618718
2025-02-03,973.0,987.6891,964.375,97.894,3724197
2025-02-04,980.47,1008.0,978.51,99.487,6000137
2025-02-05,987.73,1011.825,986.68,101.111,3997733
2025-02-06,1007.87,1016.35,1002.61,101.568,3134293
2025-02-07,1017.0,1027.76,1005.6701,101.393,3212853
2025-02-10,1023.05,1032.85,1015.88,102.76,3296566
2025-02-11,1020.79,1022.69,1002.95,100.808,3331797
2025-02-12,1005.49,1027.74,998.3473,102.731,3388966
2025-02-13,1026.625,1045.9899,1025.1,104.369,3476068
2025-02-14,1044.95,1064.5,1041.69,105.86,3145430
2025-02-18,1060.0,1062.0,1023.749,103.585,4229339
2025-02-19,1035.18,1044.9999,1024.51,104.333,2600048
2025-02-20,1042.0,1045.0,1015.5941,102.454,3111831
2025-02-21,1029.42,1032.38,999.39,100.315,3738710
2025-02-24,1008.0,1015.17,984.48,98.847,4426227
2025-02-25,989.4,994.3999,955.0,97.724,4738304
2025-02-26,977.6,1000.89,976.9,99.006,3397205
2025-02-27,995.0,1000.7255,961.825,96.307,3766566
2025-02-28,969.56,982.27,958.17,98.056,4717409
2025-03-03,983.0,994.93,964.81,97.37,3907447
2025-03-04,971.61,986.3135,948.21,97.258,4392814
2025-03-05,973.62,995.5999,969.48,99.092,3807935
2025-03-06,972.99,973.69,899.0,90.636,7852559
2025-03-07,897.64,904.8859,858.07,89.111,7737488
2025-03-10,875.07,881.27,854.5,86.668,6951652
2025-03-11,867.41,910.68,866.0,89.51,7398934
2025-03-12,914.6,927.18,901.0,91.968,6865837
2025-03-13,913.0,921.8892,887.51,89.017,5001698
2025-03-14,901.46,919.625,901.0,91.8,5200684
2025-03-17,939.95,967.63,934.42,95.002,7543146
2025-03-18,940.0,948.2499,916.3,92.998,6009400
2025-03-19,935.77,968.0,924.0,95.949,6662361
2025-03-20,950.01,967.0,945.5,95.084,4466305
2025-03-21,941.635,963.6532,940.95,96.029,5905429
2025-03-24,969.67,977.0,951.55,97.199,4677871
2025-03-25,978.18,998.7,977.11,99.728,3782245
2025-03-26,993.81,996.79,966.32,97.065,3534707
2025-03-27,974.22,989.0,966.3664,97.672,3047237
2025-03-28,972.0,974.98,929.23,93.385,4422717
2025-03-31,920.53,934.48,900.59,93.253,4634075
2025-04-01,927.5,932.29,911.5,92.838,3519956
2025-04-02,923.0,949.5479,916.11,93.552,3256886
2025-04-03,901.8,946.5919,900.47,91.705,5864622
2025-04-04,896.5,906.6282,853.87,85.586,6798806
2025-04-07,827.845,906.74,821.1,86.783,6656823
2025-04-08,912.44,922.42,857.7,87.04,5625382
2025-04-09,855.93,951.43,854.4,94.547,7497974
2025-04-10,931.94,941.235,894.0,92.117,5129755
2025-04-11,920.0,944.8599,906.68,91.829,4073638
2025-04-14,932.7,948.98,919.4979,93.128,4035895
2025-04-15,950.0,993.4499,948.0,97.628,7711982
2025-04-16,976.28,981.21,949.165,96.163,6066113
2025-04-17,969.0,984.7015,956.0,97.303,8893735
2025-04-21,984.4,1018.9999,973.05,98.791,9775747
2025-04-22,1005.3,1064.97,1004.52,104.034,9368873
2025-04-23,1047.225,1061.25,1032.0001,104.959,6471876
2025-04-24,1048.0,1101.0,1047.02,109.687,6381896
2025-04-25,1097.04,1106.7984,1091.0001,110.153,3950008
2025-04-28,1100.0,1114.0,1082.62,111.038,3831088
2025-04-29,1103.92,1127.81,1095.48,112.564,3777329
2025-04-30,1112.65,1133.2005,1101.1101,113.172,4266676
2025-05-01,1122.52,1142.42,1111.8301,113.347,3499497
2025-05-02,1136.66,1159.44,1133.32,115.649,3774282
2025-05-05,1114.795,1144.02,1107.01,113.406,5662317
2025-05-06,1129.43,1147.66,1126.4,113.769,3256682
2025-05-07,1139.175,1164.0,1138.0,115.541,4352394
2025-05-08,1161.62,1162.2939,1139.2,114.443,3760872
2025-05-09,1147.1,1151.0,1133.22,114.022,2569633
2025-05-12,1124.26,1130.0,1102.9301,111.0,6479079
2025-05-13,1114.46,1147.88,1106.3,113.844,3997869
2025-05-14,1129.595,1152.9003,1128.4,115.099,3910147
2025-05-15,1147.74,1187.8019,1147.647,117.798,4464041
2025-05-16,1193.14,1196.5,1179.39,119.153,4698353
2025-05-19,1173.575,1191.64,1171.71,119.164,2853415
2025-05-20,1186.79,1193.0,1179.02,119.202,2133066
2025-05-21,1186.5,1211.2199,1186.5,119.463,2976610
2025-05-22,1192.4,1198.7499,1187.2082,118.797,1861588
2025-05-23,1184.0,1191.45,1179.44,118.539,2186483
2025-05-27,1195.33,1211.77,1193.09,121.157,2920469
2025-05-28,1210.27,1215.9101,1206.02,120.855,1855850
2025-05-29,1208.0,1209.0,1176.28,118.486,3303079
2025-05-30,1198.33,1211.81,1180.925,120.723,4696756
2025-06-02,1201.2,1219.3999,1196.2501,121.898,2294216
2025-06-03,1219.87,1229.57,1211.18,121.794,2363762
2025-06-04,1220.735,1242.56,1219.88,123.966,2359381
2025-06-05,1240.6,1262.81,1237.2901,125.052,2821797
2025-06-06,1259.41,1259.9999,1235.5501,124.1475,2556956
2025-06-09,1238.88,1238.88,1221.57,122.446,2403117
2025-06-10,1227.52,1227.52,1180.61,120.362,4454447
2025-06-11,1202.6,1228.29,1196.0101,121.988,2382280
2025-06-12,1222.59,1230.0,1211.965,121.503,2084602
2025-06-13,1206.59,1220.62,1201.89,121.215,2210253
2025-06-16,1212.2,1226.25,1212.2,122.535,2112797
2025-06-17,1219.95,1232.3569,1216.09,122.067,1892126
2025-06-18,1229.99,1241.9999,1220.5,122.229,2281047
2025-06-20,1234.45,1248.4999,1224.349,123.141,5348193
2025-06-23,1238.025,1254.84,1215.01,125.354,2667318
2025-06-24,1260.545,1282.571,1255.0,127.911,2663307
2025-06-25,1286.84,1297.9999,1273.81,127.525,2146510
2025-06-26,1280.0,1307.34,1280.0,130.667,2605870
2025-06-27,1306.88,1331.345,1301.0,132.312,4070857
2025-06-30,1331.0,1341.15,1321.21,133.913,3282908
2025-07-01,1338.23,1338.7743,1282.22,129.36,4993567
2025-07-02,1296.96,1299.9499,1271.59,128.486,3048801
2025-07-03,1292.0,1302.26,1279.76,129.718,2006224
2025-07-07,1295.0,1295.0,1276.02,128.962,2273737
2025-07-08,1290.9,1293.25,1260.0,127.531,3292525
2025-07-09,1273.99,1288.29,1266.24,128.828,2384477
2025-07-10,1285.5,1289.5999,1246.01,125.059,4236494
2025-07-11,1259.786,1261.0,1231.3,124.511,3957150
2025-07-14,1244.91,1270.49,1240.0,126.195,2781048
2025-07-15,1262.0,1271.22,1243.245,126.027,2801731
2025-07-16,1261.71,1271.0,1249.82,125.031,3227022
2025-07-17,1253.0,1277.5,1244.8004,127.417,6469877
2025-07-18,1241.96,1246.5,1201.01,120.924,10693306
2025-07-21,1206.0,1237.1,1198.0,123.327,5627591
2025-07-22,1230.38,1232.37,1187.5,119.008,5062970
2025-07-23,1189.81,1192.6194,1173.6,117.678,4504264
2025-07-24,1177.8,1183.5,1162.6601,118.076,3845570
2025-07-25,1178.415,1187.32,1174.3825,118.049,2629260
2025-07-28,1181.2,1197.7899,1168.53,117.46,3446958
2025-07-29,1179.0,1179.6,1163.29,116.874,2752489
2025-07-30,1168.55,1184.85,1166.1,118.42,2922731
2025-07-31,1184.8,1190.0,1157.74,115.94,3712949
2025-08-01,1163.01,1178.505,1152.85,115.86,3890950
2025-08-04,1167.65,1177.0,1162.615,117.099,2244702
2025-08-05,1171.0,1171.71,1144.71,114.787,2660735
2025-08-06,1153.52,1181.375,1151.8701,117.848,3362161
2025-08-07,1181.76,1191.22,1168.2,118.037,2628321
2025-08-08,1183.19,1214.11,1180.3701,121.164,3816689
2025-08-11,1214.01,1223.07,1201.93,121.831,2455648
2025-08-12,1225.0,1231.99,1206.505,122.528,2282627
2025-08-13,1234.0,1237.12,1203.0,120.444,2762355
2025-08-14,1209.89,1244.09,1207.03,123.056,3904668
2025-08-15,1234.04,1246.941,1227.88,123.895,2767804
2025-08-18,1235.63,1251.1599,1235.45,124.509,2111087
2025-08-19,1240.2,1240.9999,1192.79,121.415,3707731
2025-08-20,1218.0,1222.9999,1193.3101,121.386,2434398
2025-08-21,1211.43,1221.3999,1197.635,120.621,2047178
2025-08-22,1208.88,1213.62,1198.23,120.465,3128133
2025-08-25,1201.65,1233.8,1199.0,121.807,2812036
2025-08-26,1220.21,1231.4999,1212.2,122.609,1985714
2025-08-27,1223.61,1229.21,1213.0,122.35,1664526
2025-08-28,1222.79,1237.891,1214.2681,123.145,1950336
2025-08-29,1227.97,1228.79,1201.15,120.825,3209817
2025-09-02,1197.0,1215.4,1182.8,121.411,2303269
2025-09-03,1205.14,1226.9999,1203.38,122.618,2441424
2025-09-04,1223.2,1257.48,1223.09,125.748,3023506
2025-09-05,1260.0,1267.1,1239.0201,124.382,2379673
2025-09-08,1248.54,1252.0405,1232.0,124.476,1915053
2025-09-09,1246.67,1265.721,1246.67,126.325,2219655
2025-09-10,1263.975,1267.0,1246.355,124.771,2701015
2025-09-11,1251.0,1253.445,1192.0,120.35,5682286
2025-09-12,1203.055,1211.78,1182.4,118.844,3784944
2025-09-15,1188.4,1207.24,1173.2076,120.226,2909277
2025-09-16,1205.64,1208.9999,1197.28,120.051,2404686
2025-09-17,1221.02,1233.93,1206.605,122.85,3459796
2025-09-18,1220.82,1233.0,1205.5,120.778,3169105
2025-09-19,1218.62,1229.9499,1208.1,122.697,4947590
2025-09-22,1221.9,1229.76,1214.2432,122.737,2546814
2025-09-23,1227.33,1227.79,1208.47,121.847,2499146
2025-09-24,1218.61,1221.5,1194.2,120.395,2773127
2025-09-25,1203.09,1216.84,1191.51,120.824,1997783
2025-09-26,1205.42,1214.0,1200.0,121.061,1944957
2025-09-29,1205.0,1224.49,1187.54,120.641,3033174
2025-09-30,1206.41,1208.5,1178.0,119.892,3830304
2025-10-01,1175.49,1179.14,1163.21,117.09,4110221
2025-10-02,1161.5,1163.33,1134.0,116.253,4685467
2025-10-03,1165.0,1168.0,1143.22,115.332,3137365
2025-10-06,1160.37,1163.58,1145.45,116.331,2968596
2025-10-07,1177.79,1201.365,1177.46,119.106,3309094
2025-10-08,1197.11,1217.39,1192.0,121.425,2851353
2025-10-09,1214.25,1237.5,1211.82,123.107,2824077
2025-10-10,1229.0,1247.0,1219.1,122.008,4279776
2025-10-13,1221.35,1231.12,1206.81,121.903,2460783
2025-10-14,1214.75,1224.2899,1203.1,121.535,2362446
2025-10-15,1213.01,1219.62,1201.61,120.329,2025194
2025-10-16,1212.15,1216.71,1176.0,118.359,2832619
2025-10-17,1183.6,1203.12,1178.95,119.936,2957101
2025-10-20,1207.875,1247.76,1206.9,123.856,3986235
2025-10-21,1242.83,1248.5999,1231.76,124.135,6508234
2025-10-22,1142.9,1157.6,1112.51,111.637,14789025
2025-10-23,1126.9,1127.8285,1099.73,111.359,6849722
2025-10-24,1111.0,1114.51,1094.41,109.469,6028025
2025-10-27,1100.67,1102.28,1087.3,109.456,4691114
2025-10-28,1094.0,1116.9799,1093.0083,110.25,4020901
2025-10-29,1099.84,1108.55,1096.0,110.041,3399487
2025-10-30,1094.4,1106.16,1088.11,108.9,4158099
2025-10-31,1105.39,1134.88,1101.98,111.886,6866500
2025-11-03,1133.24,1133.5,1075.15,110.009,5863439
2025-11-04,1099.99,1104.5999,1086.68,109.296,3871780
2025-11-05,1085.0,1100.85,1073.3701,109.846,3538577
2025-11-06,1094.58,1103.7,1085.13,109.702,3653170
2025-11-07,1094.175,1108.22,1087.5,110.366,4412534
2025-11-10,1106.715,1128.2,1104.05,112.007,3692900
2025-11-11,1117.6,1139.2199,1112.8,113.644,2796594
2025-11-12,1138.17,1164.3399,1128.26,115.75,3922057
2025-11-13,1158.5,1167.33,1145.69,115.423,4014359
2025-11-14,1142.73,1142.73,1107.21,111.217,4760713
2025-11-17,110.75,111.85,109.55,110.29,25945780
2025-11-18,110.29,115.25,109.2,114.09,43440565
2025-11-19,113.0,113.34,108.61,110.0,31868089
2025-11-20,111.0,111.1,105.39,105.67,36918546
2025-11-21,105.13,106.53,103.81,104.31,41232687
2025-11-24,104.25,108.04,103.32,106.97,62918292
2025-11-25,106.12,106.3,103.82,104.4,35122559
2025-11-26,105.74,106.95,105.22,106.14,27951013
2025-11-28,106.435,107.94,106.24,107.58,15021609
2025-12-01,106.51,109.335,106.31,109.13,24873385
2025-12-02,109.205,109.73,107.52,109.35,25762983
2025-12-03,106.59,106.87,102.03,103.96,53593403
2025-12-04,103.57,103.8,101.77,103.22,51779136
2025-12-05,98.775,104.79,97.74,100.24,133363601
2025-12-08,99.87,99.89,95.3,96.79,99591582
2025-12-09,97.03,97.24,95.45,96.71,51498294
2025-12-10,96.735,96.97,92.35,92.71,74129272
2025-12-11,93.895,94.82,92.76,94.09,43949009
2025-12-12,95.5,96.92,94.65,95.19,49323122
2025-12-15,96.015,96.37,93.53,93.77,40016455
2025-12-16,93.88,94.93,93.32,94.57,34264989
2025-12-17,95.98,97.33,94.46,94.79,50472781
2025-12-18,95.02,95.81,93.59,94.0,37244734
2025-12-19,93.57,95.54,93.45,94.39,78990153
2025-12-22,94.71,94.71,92.91,93.23,39484765
2025-12-23,93.395,93.81,91.33,93.5,25896234
2025-12-24,93.11,93.68,92.665,93.64,12427895
2025-12-26,93.48,94.685,93.27,94.47,22068276
2025-12-29,93.99,94.97,93.625,94.15,24493738
2025-12-30,93.52,93.9899,93.34,93.78,23422033
2025-12-31,93.6,94.305,93.2,93.76,23495191
2026-01-02,94.13,94.13,90.8104,90.99,41155402
