Date,Open,High,Low,Close,Volume
2016-01-07,98.68,100.13,96.43,21.746017301292,81094428
2016-01-08,98.55,99.11,96.76,21.8610040179707,70798016
2016-01-11,98.97,99.06,97.34,22.2149827340207,49739377
2016-01-12,100.55,100.69,98.8399,22.5373964690218,49154227
2016-01-13,100.32,101.19,97.3,21.9579536026213,62439631
2016-01-14,97.96,100.48,95.74,22.4381922428676,63170127
2016-01-15,96.2,97.71,95.36,21.8993329235302,79833891
2016-01-19,98.41,98.65,95.5,21.7933647728656,53087747
2016-01-20,95.1,98.1897,93.42,21.8226751124111,72334416
2016-01-21,97.06,97.88,94.94,21.7121976787394,52161463
2016-01-22,98.63,101.46,98.37,22.8665741285333,65800467
2016-01-25,101.52,101.53,99.21,22.4201551108396,51794525
2016-01-26,99.93,100.88,98.07,22.5441603935323,75077002
2016-01-27,96.04,96.6289,93.34,21.0628609257304,133369674
2016-01-28,93.79,94.52,92.39,21.2139219064652,55678825
2016-01-29,94.79,97.34,94.35,21.9466803951038,64416504
2016-02-01,96.47,96.71,95.4,21.741508018285,40943541
2016-02-02,95.42,96.04,94.28,21.3018529251018,37357215
2016-02-03,95.0,96.84,94.08,21.723470886257,45964294
2016-02-04,95.86,97.33,95.19,21.8970782820267,46471652
2016-02-05,96.52,96.92,93.69,21.31224948319,46418064
2016-02-08,93.13,95.7,93.04,21.5366605339064,54021375
2016-02-09,94.29,95.94,93.93,21.5321269773263,44331195
2016-02-10,95.92,96.35,94.1,21.3689189404416,42343601
2016-02-11,93.79,94.72,92.59,21.2397125779079,50074711
2016-02-12,94.19,94.5,93.01,21.3054491483198,40351381
2016-02-16,95.02,96.85,94.61,21.906145395187,49057916
2016-02-17,96.67,98.21,96.15,22.2416285821166,44863243
2016-02-18,98.84,98.89,96.091,21.8200078201645,39020983
2016-02-19,96.0,96.7599,95.8,21.7701386977831,35374173
2016-02-22,96.31,96.9,95.92,21.9605480741485,34280758
2016-02-23,96.4,96.5,94.55,21.4641236286243,31942633
2016-02-24,93.98,96.38,93.32,21.7837393675235,36255745
2016-02-25,96.05,96.76,95.25,21.9333467346678,27582659
2016-02-26,97.2,98.0237,96.58,21.9673484090187,28991131
2016-02-29,96.86,98.23,96.65,21.9174792866373,35216277
2016-03-01,97.65,100.77,97.42,22.7879221500222,50407147
2016-03-02,100.51,100.89,99.64,22.8377912724037,33169560
2016-03-03,100.58,101.7099,100.45,23.0077996441585,36955742
2016-03-04,102.37,103.75,101.37,23.3500831659583,46055100
2016-03-07,102.39,102.83,100.96,23.0916704408909,35915810
2016-03-08,100.78,101.76,100.4,22.9012610645255,31182194
2016-03-09,101.31,101.58,100.27,22.9216620691361,27201683
2016-03-10,101.41,102.24,100.15,22.9329959605864,33513577
2016-03-11,102.24,102.28,101.5,23.1800747942035,27408237
2016-03-14,101.91,102.91,101.78,23.2390110297451,25076062
2016-03-15,103.96,105.18,103.85,23.7059673574985,40067734
2016-03-16,104.61,106.31,104.59,24.0210495398175,38303493
2016-03-17,105.52,106.47,104.96,23.9825143088864,34420705
2016-03-18,106.34,106.5,105.19,24.0097156483672,44205171
2016-03-21,105.93,107.65,105.1401,24.0074488700771,35502678
2016-03-22,105.25,107.29,105.21,24.1910579115724,32444375
2016-03-23,106.48,107.07,105.9,24.0573179924586,25703495
2016-03-24,105.47,106.25,104.89,23.9530461911156,26132955
2016-03-28,106.0,106.19,105.06,23.8442408331925,19411372
2016-03-29,104.89,107.79,104.88,24.4086686274186,31190083
2016-03-30,108.65,110.42,108.6,24.8348229459508,45601149
2016-03-31,109.72,109.9,108.88,24.7056165834171,25888449
2016-04-01,108.78,110.0,108.2,24.9322944124236,25873950
2016-04-04,110.42,112.19,110.27,25.1884403592009,37356204
2016-04-05,109.51,110.73,109.42,24.8914924032024,26578652
2016-04-06,110.23,110.98,109.2,25.1521719065599,26404077
2016-04-07,109.95,110.42,108.121,24.6036115603642,31801870
2016-04-08,108.91,109.77,108.17,24.630812899845,23581740
2016-04-11,108.97,110.61,108.83,24.7124169182873,29407518
2016-04-12,109.34,110.5,108.66,25.0342994354765,27232325
2016-04-13,110.8,112.34,110.8,25.3969839618869,33257316
2016-04-14,111.62,112.39,111.33,25.4105846316273,25473923
2016-04-15,112.11,112.3,109.73,24.9005595163627,46938969
2016-04-18,108.89,108.95,106.94,24.3633330616173,60821461
2016-04-19,107.88,108.0,106.23,24.2341266990836,32384879
2016-04-20,106.64,108.09,106.06,24.2839958214651,30611030
2016-04-21,106.93,106.93,105.52,24.0210495398175,31552525
2016-04-22,105.01,106.48,104.62,23.9553129694056,33683121
2016-04-25,105.0,105.65,104.51,23.8193062720018,28031588
2016-04-26,103.91,105.3,103.91,23.653831456827,56016165
2016-04-27,96.0,98.71,95.68,22.1736252334146,114602142
2016-04-28,97.61,97.88,94.25,21.4958585246853,82242690
2016-04-29,93.99,94.72,92.51,21.2487796910682,68531478
2016-05-02,93.965,94.08,92.4,21.2261119081675,48160104
2016-05-03,94.2,95.74,93.68,21.5751957648375,56831277
2016-05-04,95.2,95.9,93.82,21.3507847141211,41025475
2016-05-05,94.0,94.07,92.68,21.2646471390986,35890500
2016-05-06,93.37,93.45,91.85,21.1460540834108,43699886
2016-05-09,93.0,93.77,92.59,21.162018533215,32936436
2016-05-10,93.33,93.57,92.11,21.3056985814521,33686836
2016-05-11,93.48,93.57,92.46,21.0981607339984,28719109
2016-05-12,92.72,92.78,89.47,20.6032627900705,76314690
2016-05-13,90.0,91.67,90.0,20.6443142324239,44392765
2016-05-16,92.39,94.39,91.65,21.4106078230221,61259756
2016-05-17,94.55,94.7,93.01,21.3216630312562,46916939
2016-05-18,94.16,95.21,93.89,21.5656910496908,42062391
2016-05-19,94.64,94.64,93.57,21.4835881649838,30442100
2016-05-20,94.64,95.43,94.52,21.7162130049868,32025968
2016-05-23,95.87,97.19,95.67,21.9921699230296,38018643
2016-05-24,97.22,98.09,96.84,22.3274233689163,35140174
2016-05-25,98.67,99.74,98.11,22.7196927069606,38642108
2016-05-26,99.68,100.73,98.64,22.8998629261786,56331159
2016-05-27,99.44,100.47,99.245,22.8861791120608,36341240
2016-05-31,99.6,100.4,98.82,22.7744279634319,42307212
2016-06-01,99.02,99.54,98.33,22.4551389673493,29173285
2016-06-02,97.6,97.84,96.63,22.2863719265628,40191600
2016-06-03,97.79,98.27,97.45,22.3319846402889,28504888
2016-06-06,97.99,101.89,97.55,22.4939097740165,23292504
2016-06-07,99.25,99.87,98.96,22.5851352014687,22409450
2016-06-08,99.02,99.56,98.68,22.5646094802919,20848131
2016-06-09,98.5,99.99,98.46,22.7265346140195,26601354
2016-06-10,98.53,99.3457,98.48,22.5395224877426,31712936
2016-06-13,98.69,99.12,97.1,22.1997077704833,38020494
2016-06-14,97.32,98.475,96.75,22.2270753987189,31931944
2016-06-15,97.82,98.41,97.03,22.1540950567572,29445227
2016-06-16,96.45,97.75,96.07,22.2476011198957,31326815
2016-06-17,96.62,96.65,95.3,21.7412999975362,61008219
2016-06-20,96.0,96.57,95.03,21.6888453767512,34411901
2016-06-21,94.94,96.35,94.676,21.8735768673418,35546358
2016-06-22,96.25,96.89,95.35,21.7914739826349,29219122
2016-06-23,95.94,96.29,95.25,21.9169089453816,32240187
2016-06-24,92.91,94.655,92.65,21.3011373100795,75311356
2016-06-27,93.0,93.05,91.5,20.9909708567421,46622188
2016-06-28,92.9,93.66,92.14,21.3444693881193,40444914
2016-06-29,93.97,94.55,93.63,21.5292008787099,36531006
2016-06-30,94.44,95.77,94.3,21.8028771610664,35836356
2016-07-01,95.49,96.465,95.33,21.8690155959692,26026540
2016-07-05,95.39,95.4,94.46,21.6637583842018,27705210
2016-07-06,94.6,95.66,94.37,21.7869127112623,30949090
2016-07-07,95.7,96.5,95.62,21.8804187744007,25139558
2016-07-08,96.49,96.89,96.05,22.0491858151872,28912103
2016-07-11,96.75,97.65,96.73,22.1176048857763,23794945
2016-07-12,97.17,97.7,97.12,22.2179528559737,24167463
2016-07-13,97.41,97.67,96.84,22.092517893227,25892171
2016-07-14,97.39,98.99,97.32,22.5303999449974,38918997
2016-07-15,98.92,99.3,98.5,22.5281193093111,30136990
2016-07-18,98.7,100.13,98.6,22.767586056373,36493867
2016-07-19,99.56,100.0,99.34,22.7767085991182,23779924
2016-07-20,100.0,100.46,99.735,22.7972343202949,26275968
2016-07-21,99.83,101.0,99.13,22.6763606289208,32702028
2016-07-22,99.26,99.3,98.31,22.5007516810754,28313669
2016-07-25,98.25,98.84,96.92,22.1997077704833,40382921
2016-07-26,96.82,97.97,96.42,22.0469051795009,56239822
2016-07-27,104.265,104.35,102.75,23.4791443904998,92344820
2016-07-28,102.83,104.45,102.82,23.7961527508961,39869839
2016-07-29,104.19,104.55,103.68,23.7665044869741,27733688
2016-08-01,104.41,106.15,104.41,24.1861414532541,38167871
2016-08-02,106.05,106.07,104.0,23.8280816505043,33816556
2016-08-03,104.81,105.84,104.77,24.1268449254102,30202641
2016-08-04,105.58,106.0,105.28,24.2750862450199,27408650
2016-08-05,106.27,107.65,106.18,24.6442454861126,40553402
2016-08-08,107.52,108.37,107.16,24.848314880257,28037220
2016-08-09,108.23,108.94,108.01,24.9492031200587,26315204
2016-08-10,108.71,108.9,107.76,24.7634770422419,24008505
2016-08-11,108.52,108.93,107.85,24.7474266404553,27484506
2016-08-12,107.78,108.44,107.78,24.804749503979,18660434
2016-08-15,108.14,109.54,108.08,25.1028283943023,25868209
2016-08-16,109.63,110.23,109.21,25.0798992488928,33794448
2016-08-17,109.1,109.37,108.34,25.0432126162376,25355976
2016-08-18,109.23,109.6,109.02,25.0111118126643,21984703
2016-08-19,108.77,109.69,108.36,25.0753134198109,25368072
2016-08-22,108.86,109.1,107.85,24.8804156838303,25820230
2016-08-23,108.59,109.32,108.53,24.9583747782225,21257669
2016-08-24,108.565,108.75,107.68,24.7703557858648,23675081
2016-08-25,107.39,107.88,106.68,24.6648817169811,25086248
2016-08-26,107.41,107.95,106.31,24.5204281009014,27766291
2016-08-29,106.62,107.44,106.29,24.49291312641,24970300
2016-08-30,105.8,106.5,105.5,24.3048941340523,24863945
2016-08-31,105.66,106.5699,105.64,24.3278232794617,29662406
2016-09-01,106.14,106.8,105.62,24.4722768955415,26701523
2016-09-02,107.7,108.0,106.82,24.7015683496363,26802450
2016-09-06,107.9,108.3,107.51,24.6946896060135,26880391
2016-09-07,107.83,108.76,107.07,24.8460219657161,42364328
2016-09-08,107.25,107.27,105.24,24.1948342360867,53002026
2016-09-09,104.64,105.72,103.13,23.6468276608001,46556984
2016-09-12,102.65,105.72,102.53,24.1764909197591,45292770
2016-09-13,107.51,108.79,107.24,24.7520124695372,62176190
2016-09-14,108.73,113.03,108.6,25.6279058241794,112340318
2016-09-15,113.86,115.73,113.49,26.4992133497398,90613177
2016-09-16,115.12,116.13,114.04,26.3501739045782,79886911
2016-09-19,115.19,116.18,113.25,26.0429233560911,47023046
2016-09-20,113.05,114.12,112.51,26.0406304415501,34514269
2016-09-21,113.85,113.989,112.441,26.0360446124682,36003185
2016-09-22,114.35,114.94,114.0,26.2813864683497,31073984
2016-09-23,114.42,114.79,111.55,25.8434397910286,52481151
2016-09-26,111.64,113.39,111.55,25.8824193382247,29869442
2016-09-27,113.0,113.18,112.34,25.9305705435846,24607412
2016-09-28,113.69,114.64,113.43,26.1277611941062,29641085
2016-09-29,113.16,113.8,111.8,25.7219153203583,35886990
2016-09-30,112.46,113.37,111.8,25.9213988854208,36379106
2016-10-03,112.71,113.05,112.28,25.7998744147506,21701760
2016-10-04,113.06,114.31,112.63,25.9099343127161,29736835
2016-10-05,113.4,113.66,112.69,25.9213988854208,21453089
2016-10-06,113.7,114.34,113.13,26.1140037068605,28779313
2016-10-07,114.31,114.56,113.51,26.1529832540566,24358443
2016-10-10,115.02,116.75,114.72,26.6092732477053,36235956
2016-10-11,117.7,118.69,116.2,26.666596111229,64041043
2016-10-12,117.35,117.98,116.75,26.9050592234877,37586787
2016-10-13,116.79,117.44,115.72,26.8225143000135,35192406
2016-10-14,117.88,118.17,117.13,26.9715537451752,35652191
2016-10-17,117.33,117.84,116.78,26.9532104288476,23624896
2016-10-18,118.18,118.21,117.45,26.93486711252,24553478
2016-10-19,117.25,117.76,113.8,26.8546151035868,20034594
2016-10-20,116.86,117.38,116.33,26.8408576163411,24125801
2016-10-21,116.81,116.91,116.28,26.7353835474575,23192665
2016-10-24,117.1,117.74,117.0,26.9761395742571,23538673
2016-10-25,117.95,118.36,117.31,27.113714446714,48128970
2016-10-26,114.31,115.7,113.31,26.5037991788217,66134219
2016-10-27,115.39,115.86,114.1,26.2492856647764,34562045
2016-10-28,113.87,115.21,113.45,26.0750241596644,37861662
2016-10-31,113.65,114.23,113.2,26.0337516979273,26419398
2016-11-01,113.46,113.77,110.53,25.5637042170329,43825812
2016-11-02,111.4,112.35,111.23,25.5866333624424,28331709
2016-11-03,110.98,111.46,109.55,25.3137765320695,26932602
2016-11-04,108.53,110.25,108.11,25.085599906678,30836997
2016-11-07,110.08,110.51,109.46,25.4474557671474,32560000
2016-11-08,110.31,111.72,109.7,25.5972687030105,24254179
2016-11-09,109.88,111.32,108.05,25.5557820438484,59176361
2016-11-10,111.09,111.09,105.83,24.8435943948991,57134541
2016-11-11,106.92,108.87,106.55,24.9911025163644,34143898
2016-11-14,107.32,107.809,104.08,24.3641930001372,51175504
2016-11-15,106.57,107.68,106.1593,24.6868670158423,32264510
2016-11-16,106.7,110.23,106.6,25.3506535624358,58840522
2016-11-17,109.81,110.35,108.83,25.3414343048442,27632003
2016-11-18,109.72,110.54,109.66,25.3667872632211,28428917
2016-11-21,110.12,111.99,110.01,25.7516912676694,29264571
2016-11-22,111.95,112.42,111.4,25.7678249684546,25965534
2016-11-23,111.36,111.51,110.33,25.6364505477747,27426394
2016-11-25,111.13,111.87,110.95,25.7655201540567,11475922
2016-11-28,111.43,112.465,111.39,25.7148142373031,27193983
2016-11-29,110.78,112.03,110.07,25.6894612789262,28528750
2016-11-30,111.56,112.2,110.27,25.4728087255242,36162258
2016-12-01,110.365,110.94,109.03,25.2354128425411,37086862
2016-12-02,109.17,110.09,108.85,25.3299102328548,26527997
2016-12-05,110.0,110.03,108.25,25.1478298954211,34324540
2016-12-06,109.5,110.36,109.19,25.3414343048442,26195462
2016-12-07,109.26,111.19,109.16,25.5903542598168,29998719
2016-12-08,110.86,112.43,110.6,25.8415790291872,27068316
2016-12-09,112.31,114.7,112.31,26.2633600640018,34402627
2016-12-12,113.29,115.0,112.49,26.1135471281387,26374377
2016-12-13,113.84,115.92,113.75,26.5491570493407,43733811
2016-12-14,115.04,116.2,114.98,26.5491570493407,34031834
2016-12-15,115.38,116.73,115.23,26.694360356408,46524544
2016-12-16,116.47,116.5,115.645,26.7289325723764,44351134
2016-12-19,115.8,117.38,115.75,26.8833551370353,27779423
2016-12-20,116.74,117.5,116.68,26.95480438337,21424965
2016-12-21,116.8,117.4,116.78,26.9801573417469,23783165
2016-12-22,116.35,116.51,115.64,26.802686633109,26085854
2016-12-23,115.59,116.52,115.59,26.8556973642606,14249484
2016-12-27,116.52,117.8,116.49,27.0262536297047,18296855
2016-12-28,117.52,118.0166,116.2,26.91101290981,20905892
2016-12-29,116.45,117.1095,116.4,26.9040984666164,15039519
2016-12-30,116.65,117.2,115.43,26.694360356408,30586265
2017-01-03,115.8,116.33,114.76,26.7704192315385,28781865
2017-01-04,115.85,116.51,115.75,26.7404566443659,21118116
2017-01-05,115.92,116.8642,115.81,26.8764406938416,22193587
2017-01-06,116.78,118.16,116.47,27.1760665655678,31751900
2017-01-09,117.95,119.43,117.94,27.4249865205404,33561948
2017-01-10,118.77,119.38,118.3,27.4526442933151,24462051
2017-01-11,118.74,119.93,118.6,27.6001524147803,27588593
2017-01-12,118.895,119.3,118.21,27.4849116948856,27086220
2017-01-13,119.11,119.62,118.81,27.4365105925299,26111948
2017-01-17,118.34,120.24,118.22,27.6577727747277,34439843
2017-01-18,120.0,120.5,119.71,27.6554679603298,23712961
2017-01-19,119.4,120.09,119.37,27.607066857974,25597291
2017-01-20,120.45,120.45,119.7346,27.6577727747277,32597892
2017-01-23,120.0,120.81,119.77,27.6762112899108,22050218
2017-01-24,119.55,120.1,119.5,27.650858331534,23211038
2017-01-25,120.42,122.1,120.28,28.0910778815317,32586673
2017-01-26,121.67,122.44,121.6,28.1049067679191,26337576
2017-01-27,122.14,122.35,121.6,28.107211582317,20562944
2017-01-30,120.93,121.63,120.66,28.0334575215844,30377503
2017-01-31,121.15,121.39,120.62,27.9689227184434,49200993
2017-02-01,127.03,130.49,127.01,29.6744853728849,111985040
2017-02-02,127.975,129.39,127.78,29.6237794561312,33710411
2017-02-03,128.31,129.19,128.16,29.7505442480154,24507301
2017-02-06,129.13,130.5,128.9,30.0294267901606,26845924
2017-02-07,130.54,132.09,130.45,30.3152237754994,38183841
2017-02-08,131.35,132.22,131.22,30.432769309792,23004072
2017-02-09,131.65,132.445,131.12,30.6517266775919,28349859
2017-02-10,132.46,132.94,132.05,30.5822846144347,20065458
2017-02-13,133.08,133.82,132.75,30.8531086607479,23035421
2017-02-14,133.47,135.09,133.25,31.2535578916211,33226223
2017-02-15,135.52,136.27,134.62,31.3669799281112,35623100
2017-02-16,135.67,135.9,134.8398,31.3287867933747,22584555
2017-02-17,135.1,135.83,135.1,31.4155893723212,22198197
2017-02-21,136.23,136.75,135.98,31.6424334453015,24507156
2017-02-22,136.43,137.12,136.11,31.737337598283,20836932
2017-02-23,137.38,137.48,136.3,31.6030829428457,20788186
2017-02-24,135.91,136.66,135.28,31.6331745035472,21776585
2017-02-27,137.14,137.435,136.28,31.6956723603887,20257426
2017-02-28,137.08,137.435,136.7,31.7095607730201,23482860
2017-03-01,137.89,140.15,137.595,32.3576866958207,36414585
2017-03-02,140.0,140.2786,138.76,32.1655636544191,26210984
2017-03-03,138.78,139.83,138.59,32.3553719603821,21571121
2017-03-06,139.365,139.77,138.5959,32.2535236010849,21750044
2017-03-07,139.06,139.98,138.79,32.2951888389792,17446297
2017-03-08,138.95,139.8,138.82,32.1748225961734,18707236
2017-03-09,138.74,138.79,137.05,32.100751062139,22155904
2017-03-10,139.25,139.3571,138.64,32.2072288923134,19612801
2017-03-13,138.85,139.43,138.82,32.2211173049449,17421717
2017-03-14,139.3,139.65,138.84,32.1725078607348,15309065
2017-03-15,139.41,140.7501,139.025,32.5127739702051,25691774
2017-03-16,140.72,141.02,140.26,32.5660128852923,19231998
2017-03-17,141.0,141.0,139.89,32.4039814045922,43884952
2017-03-20,140.4,141.5,140.23,32.7442475140625,21542038
2017-03-21,142.11,142.8,139.73,32.3692603730136,39529912
2017-03-22,139.845,141.6,139.76,32.7349885723082,25860165
2017-03-23,141.26,141.5844,140.61,32.6192518003795,20346301
2017-03-24,141.5,141.74,140.35,32.5544392080995,22395563
2017-03-27,139.39,141.22,138.62,32.6099928586252,23575094
2017-03-28,140.91,144.04,140.62,33.2858956066887,33374805
2017-03-29,143.68,144.49,143.19,33.3599671407231,29189955
2017-03-30,144.19,144.5,143.5,33.3159871673902,21207252
2017-03-31,143.72,144.27,143.01,33.2534893105487,19661651
2017-04-03,143.71,144.12,143.05,33.262748252303,19985714
2017-04-04,143.25,144.89,143.17,33.5104249442304,19891354
2017-04-05,144.22,145.46,143.81,33.3368197863374,27717854
2017-04-06,144.29,144.52,143.45,33.2534893105487,21149034
2017-04-07,143.73,144.18,143.27,33.1794177765143,16658543
2017-04-10,143.6,143.8792,142.9,33.1400672740586,18933397
2017-04-11,142.94,143.35,140.06,32.7835980165183,30379376
2017-04-12,141.6,142.15,141.01,32.822948518974,20350000
2017-04-13,141.91,142.38,141.05,32.649343361081,17822880
2017-04-17,141.48,141.88,140.87,32.8298927252897,16582094
2017-04-18,141.41,142.04,141.11,32.6840643926596,14697544
2017-04-19,141.88,142.0,140.45,32.5636981498538,17328375
2017-04-20,141.22,142.92,141.16,32.9710915870427,23319562
2017-04-21,142.44,142.68,141.85,32.931741084587,17320928
2017-04-24,143.5,143.95,143.18,33.2488598396716,17116599
2017-04-25,143.91,144.9,143.87,33.4548712937046,18216472
2017-04-26,144.47,144.6,143.3762,33.2581187814259,19614287
2017-04-27,143.9225,144.16,143.31,33.2835808712502,13948980
2017-04-28,144.09,144.3,143.27,33.2511745751101,20247187
2017-05-01,145.1,147.2,144.96,33.9293920586122,32818760
2017-05-02,147.54,148.09,146.84,34.1446624543996,39752670
2017-05-03,145.59,147.49,144.27,34.0404993596637,45142806
2017-05-04,146.52,147.14,145.81,33.9178183814193,23275690
2017-05-05,146.76,148.98,146.76,34.4802990929927,26787359
2017-05-08,149.03,153.7,149.03,35.417766945615,48339210
2017-05-09,153.87,154.88,153.45,35.6446110185953,35942435
2017-05-10,153.63,153.94,152.11,35.4756353315794,25670456
2017-05-11,152.45,154.07,152.31,35.7811804094711,25596687
2017-05-12,154.7,156.42,154.67,36.280885105024,32221756
2017-05-15,156.01,156.65,155.05,36.1879167895723,25700983
2017-05-16,155.94,156.06,154.72,36.1344600081875,19904679
2017-05-17,153.6,154.57,149.71,34.9212234915429,49482818
2017-05-18,151.27,153.34,151.13,35.4534670975039,33159664
2017-05-19,153.38,153.98,152.63,35.5743259075911,26733798
2017-05-22,154.0,154.58,152.91,35.7904772410163,22340069
2017-05-23,154.9,154.9,153.31,35.7463172911767,19430358
2017-05-24,153.84,154.17,152.67,35.6394037284073,19118319
2017-05-25,153.73,154.35,153.03,35.7625867463808,19044463
2017-05-26,154.0,154.24,153.31,35.7021573413372,21632202
2017-05-30,153.42,154.43,153.33,35.7161025886549,20034934
2017-05-31,153.97,154.17,152.38,35.5045996710023,23162873
2017-06-01,153.17,153.33,152.22,35.6022164022266,16180143
2017-06-02,153.58,155.45,152.89,36.129811592415,27285861
2017-06-05,154.34,154.45,153.46,35.7765319936985,24803858
2017-06-06,153.9,155.81,153.78,35.8973908037857,26249630
2017-06-07,155.02,155.98,154.48,36.1112179293246,20678772
2017-06-08,155.25,155.54,154.4,36.0228980296455,20771367
2017-06-09,155.19,155.19,146.02,34.6260490899838,64882700
2017-06-12,145.74,146.09,142.51,33.7986310824637,71563614
2017-06-13,147.16,147.45,145.15,34.0705634051599,33749154
2017-06-14,147.5,147.5,143.84,33.7382016774201,31224203
2017-06-15,143.32,144.4798,142.21,33.5359955913127,31348832
2017-06-16,143.78,144.5,142.2,33.0665055982816,49180748
2017-06-19,143.66,146.74,143.66,34.0124582080026,31449132
2017-06-20,146.87,146.87,144.94,33.7033385591257,24572170
2017-06-21,145.52,146.0693,144.61,33.9032204373469,21064679
2017-06-22,145.77,146.7,145.1199,33.8474394480758,18673365
2017-06-23,145.13,147.16,145.11,33.9985129606848,25997976
2017-06-26,147.17,148.28,145.38,33.8915993979154,25524661
2017-06-27,145.01,146.16,143.62,33.4058399496803,24423643
2017-06-28,144.49,146.11,143.1601,33.8939236058017,21915939
2017-06-29,144.71,145.13,142.28,33.3942189102488,31116980
2017-06-30,144.45,144.96,143.78,33.4732419783828,22328979
2017-07-03,144.88,145.3,143.1,33.3523831682956,14258300
2017-07-05,143.69,144.79,142.7237,33.4895114335868,20758795
2017-07-06,143.02,143.5,142.41,33.1734191610511,23374374
2017-07-07,142.9,144.75,142.9,33.5104293045635,18505351
2017-07-10,144.11,145.95,143.37,33.7149595985572,21030466
2017-07-11,144.73,145.85,144.38,33.8241973692129,18311156
2017-07-12,145.87,146.18,144.82,33.8730057348251,23617964
2017-07-13,145.5,148.49,145.44,34.3448199357424,24922788
2017-07-14,147.97,149.33,147.33,34.6399943373015,19961788
2017-07-17,148.82,150.9,148.57,34.7608531473888,23243713
2017-07-18,149.2,150.13,148.67,34.881711957476,17713795
2017-07-19,150.48,151.42,149.95,35.1001874987874,20615419
2017-07-20,151.5,151.74,150.19,34.9421413625196,17053326
2017-07-21,149.99,150.44,148.88,34.9258719073155,24671002
2017-07-24,150.58,152.44,149.9,35.3488777426207,21122730
2017-07-25,151.8,153.84,151.8,35.4999512552297,18612649
2017-07-26,153.35,153.93,153.06,35.6672942230428,15172136
2017-07-27,153.75,153.99,147.3,34.993273936018,32175875
2017-07-28,149.89,150.23,149.19,34.746907900071,16832947
2017-07-31,149.9,150.33,148.13,34.5679438928265,19422655
2017-08-01,149.1,150.22,148.41,34.8747393338171,24725526
2017-08-02,159.28,159.75,156.16,36.5226027251984,69222793
2017-08-03,157.05,157.21,155.02,36.1577020870505,26000738
2017-08-04,156.07,157.4,155.69,36.3482871337264,20349532
2017-08-07,157.06,158.92,156.6701,36.9107454422092,21870321
2017-08-08,158.6,161.83,158.27,37.2059198437683,35775675
2017-08-09,159.26,161.27,159.11,37.4336917517834,25640394
2017-08-10,159.9,160.0,154.63,36.2460219867296,39081017
2017-08-11,156.6,158.5728,156.07,36.7500871907686,25943187
2017-08-14,159.32,160.21,158.75,37.3031587340891,21754810
2017-08-15,160.66,162.195,160.14,37.7115448947689,27936774
2017-08-16,161.94,162.51,160.15,37.5598586065164,27321761
2017-08-17,160.52,160.71,157.84,36.8387653285162,26925694
2017-08-18,157.86,159.5,156.72,36.7547544611763,27012525
2017-08-21,157.5,157.89,155.1101,36.6870790402637,26145653
2017-08-22,158.23,160.0,158.02,37.2868232876619,21297812
2017-08-23,159.07,160.47,158.88,37.3334959917396,19198189
2017-08-24,160.43,160.74,158.55,37.1678078922638,19029621
2017-08-25,159.65,160.56,159.27,37.305492369293,25015218
2017-08-28,160.14,162.0,159.93,37.6812076371184,25279674
2017-08-29,160.1,163.12,160.0,38.0172511064777,29307862
2017-08-30,163.8,163.89,162.61,38.1199310554486,26973946
2017-08-31,163.64,164.52,163.48,38.2716173437011,26412439
2017-09-01,164.8,164.94,163.63,38.2832855197205,16508568
2017-09-05,163.75,164.25,160.56,37.8235593845553,29317054
2017-09-06,162.71,162.99,160.52,37.7838875860893,21179047
2017-09-07,162.09,162.24,160.36,37.6322012978368,21722995
2017-09-08,160.86,161.15,158.53,37.0184552392152,28183159
2017-09-11,160.5,162.05,159.89,37.68820854273,31028926
2017-09-12,162.61,163.96,158.77,37.5388558896814,71139119
2017-09-13,159.87,159.96,157.91,37.2564860300114,44393752
2017-09-14,158.99,159.4,158.09,36.9367780070793,23073646
2017-09-15,158.47,160.97,158.0,37.3101596397008,48203642
2017-09-18,160.11,160.5,157.995,37.0277897800308,27939718
2017-09-19,159.51,159.77,158.44,37.0417915912541,20347352
2017-09-20,157.9,158.26,153.83,36.4210446270209,51693239
2017-09-21,155.8,155.8,152.75,35.7956303923799,36643382
2017-09-22,152.02,152.27,150.56,35.4455851117973,46114424
2017-09-25,149.99,151.83,149.16,35.1328779944768,43922334
2017-09-26,151.78,153.92,151.69,35.7372895122828,35470985
2017-09-27,153.8,154.7189,153.54,35.9916557495062,24959552
2017-09-28,153.89,154.28,152.7,35.7699604051372,21896592
2017-09-29,153.21,154.13,152.0,35.9659857622635,25856530
2017-10-02,154.26,154.45,152.72,35.8936430709431,18524860
2017-10-03,154.01,155.09,153.91,36.0499966296033,16146388
2017-10-04,153.63,153.86,152.46,35.8166331092149,19844177
2017-10-05,154.18,155.44,154.05,36.2623574331568,21032800
2017-10-06,154.97,155.49,154.56,36.2413547163218,16423749
2017-10-09,155.81,156.73,155.485,36.3673710173316,16200129
2017-10-10,156.055,158.0,155.1,36.3813728285549,15456331
2017-10-11,155.97,156.98,155.75,36.5330591168073,16607693
2017-10-12,156.35,157.37,155.7299,36.4047091805937,16045720
2017-10-13,156.73,157.28,156.41,36.6357390657782,16287608
2017-10-16,157.9,160.0,157.65,37.3101596397008,23894630
2017-10-17,159.78,160.87,159.23,37.4478441167299,18816438
2017-10-18,160.42,160.71,159.6,37.2821560172542,16158659
2017-10-19,156.75,157.08,155.02,36.4000419101859,42111326
2017-10-20,156.61,157.75,155.96,36.4630500606908,23612246
2017-10-23,156.89,157.69,155.5,36.4443809790597,21654461
2017-10-24,156.29,157.42,156.2,36.661409053021,17137731
2017-10-25,156.91,157.55,155.27,36.500388223953,20126554
2017-10-26,157.23,157.8295,156.78,36.7337517443414,16751691
2017-10-27,159.29,163.6,158.7,38.0499219993321,43904150
2017-10-30,163.89,168.07,163.72,38.9063661191576,43923292
2017-10-31,167.9,169.6499,166.94,39.4477694864587,35474672
2017-11-01,169.87,169.94,165.61,38.9460379176236,33100847
2017-11-02,167.64,168.5,165.28,39.2307414124975,32710040
2017-11-03,174.0,174.26,171.12,40.2552072670027,58683826
2017-11-06,172.365,174.99,171.72,40.6635934276824,34242566
2017-11-07,173.91,175.25,173.6,40.7942769990999,23910914
2017-11-08,174.66,176.24,174.33,41.1279868332553,23907639
2017-11-09,175.11,176.095,173.14,41.0439759659155,28636531
2017-11-10,175.11,175.38,174.27,40.9086251240902,25061183
2017-11-13,173.5,174.5,173.4,40.7446814727084,16828025
2017-11-14,173.04,173.48,171.18,40.1287217539453,23588451
2017-11-15,169.97,170.3197,168.38,39.5994179651982,28702351
2017-11-16,171.18,171.87,170.3,40.0725125020429,23497326
2017-11-17,171.04,171.39,169.64,39.8500175465962,21665811
2017-11-20,170.29,170.56,169.56,39.810202659832,15974387
2017-11-21,170.78,173.7,170.78,40.5502911432128,24875471
2017-11-22,173.36,175.0,173.05,40.9765446368056,24997274
2017-11-24,175.1,175.5,174.6459,40.9788866889682,14026519
2017-11-27,175.05,175.08,173.34,40.7727860986596,20536313
2017-11-28,174.3,174.87,171.86,40.5338967780746,25468442
2017-11-29,172.63,172.92,167.16,39.6931000517021,40788324
2017-11-30,170.43,172.14,168.44,40.2481664142377,40172368
2017-12-01,169.95,171.67,168.5,40.06080224123,39590080
2017-12-04,172.48,172.62,169.63,39.7680457209053,32115052
2017-12-05,169.06,171.52,168.4,39.7305728863037,27008428
2017-12-06,167.5,170.2047,166.46,39.5830236000601,28224357
2017-12-07,169.03,170.44,168.91,39.6556272171006,24469613
2017-12-08,170.49,171.0,168.82,39.6673374779136,23096872
2017-12-11,169.2,172.89,168.79,40.4402146915707,33092051
2017-12-12,172.15,172.39,171.461,40.2130356317988,18945457
2017-12-13,172.5,173.54,172.0,40.3465326050668,23142242
2017-12-14,172.4,173.13,171.65,40.3348223442539,20219307
2017-12-15,173.63,174.17,172.46,40.7446814727084,37054632
2017-12-18,174.88,177.2,174.86,41.3184842525448,28831533
2017-12-19,175.03,175.39,174.09,40.8781784459765,27078872
2017-12-20,174.87,175.42,173.25,40.8336794548871,23000392
2017-12-21,174.17,176.02,174.1,40.9882548976185,20356826
2017-12-22,174.68,175.42,174.5,40.9882548976185,16052615
2017-12-26,170.8,171.47,169.68,39.9483837374253,32968167
2017-12-27,170.1,170.78,169.71,39.9554098939131,21672062
2017-12-28,171.0,171.85,170.48,40.0678283977177,15997739
2017-12-29,170.52,170.59,169.22,39.6345487476372,25643711
2018-01-02,170.16,172.3,169.26,40.3441905529042,25048048
2018-01-03,172.53,174.55,171.96,40.3371643964164,28819653
2018-01-04,172.54,173.47,172.08,40.5245285694242,22211345
2018-01-05,173.44,175.37,173.05,40.9859128454559,23016177
2018-01-08,174.35,175.61,173.93,40.8336794548871,20134092
2018-01-09,174.55,175.06,173.41,40.8289953505619,21262614
2018-01-10,173.16,174.3,173.0,40.8196271419115,23589129
2018-01-11,174.59,175.49,174.49,41.0514903060087,17523256
2018-01-12,176.18,177.36,175.65,41.4754017474388,25039531
2018-01-16,177.9,179.39,176.14,41.2646170528051,29159005
2018-01-17,176.15,179.25,175.07,41.9461542321209,32752734
2018-01-18,179.37,180.1,178.25,41.9836270667225,30234512
2018-01-19,178.61,179.58,177.41,41.7962628937147,30827809
2018-01-22,177.3,177.78,176.6,41.4543232779754,26023683
2018-01-23,177.3,179.44,176.82,41.4636914866258,31702531
2018-01-24,177.25,177.3,173.2,40.8032327767733,50562257
2018-01-25,174.51,174.95,170.53,40.0748545542055,39661804
2018-01-26,172.0,172.0,170.06,40.1685366407094,37121805
2018-01-29,170.16,170.16,167.07,39.3371081229873,48434424
2018-01-30,165.53,167.37,164.7,39.1052449588902,45137026
2018-01-31,166.87,168.44,166.5,39.2129793583697,30984099
2018-02-01,167.17,168.62,166.76,39.2949511840606,38099665
2018-02-02,166.0,166.8,160.1,37.5899372096896,85436075
2018-02-05,159.1,163.88,156.0,36.650774292488,66090446
2018-02-06,154.83,163.72,154.0,38.1824764068268,66625484
2018-02-07,163.09,163.4,159.07,37.3651002020802,50852130
2018-02-08,160.29,161.0,155.03,36.3369393026999,49594129
2018-02-09,157.07,157.89,150.24,36.7795871614309,66723743
2018-02-12,158.5,163.89,157.51,38.2610231253527,60560145
2018-02-13,161.95,164.75,161.65,38.6443152874468,32104756
2018-02-14,163.04,167.54,162.88,39.3568154415235,39669178
2018-02-15,169.79,173.09,169.0,40.678350380768,50609595
2018-02-16,172.36,174.82,171.77,40.546667183975,39638793
2018-02-20,172.05,174.26,171.42,40.4102810158679,33531012
2018-02-21,172.83,174.12,171.01,40.2268651346204,35833514
2018-02-22,171.8,173.95,171.71,40.5631275835741,30504116
2018-02-23,173.67,175.65,173.54,41.2685732806797,33329232
2018-02-26,176.35,179.39,176.21,42.0845388036653,36886432
2018-02-27,179.1,180.48,178.16,41.9481526355582,38685165
2018-02-28,179.26,180.62,178.05,41.8846625228187,33604574
2018-03-01,178.54,179.78,172.66,41.1509989978288,48801970
2018-03-02,172.8,176.3,172.45,41.4355287623281,38453950
2018-03-05,175.21,177.74,174.52,41.5789693874062,28401366
2018-03-06,177.91,178.25,176.13,41.5436971025509,23788506
2018-03-07,174.94,175.85,174.27,41.1580534547999,31703462
2018-03-08,175.48,177.12,175.07,41.6071872152904,23163767
2018-03-09,177.96,180.0,177.39,42.3220388550241,31385134
2018-03-12,180.29,182.39,180.21,42.7311973593454,32055405
2018-03-13,182.59,183.5,179.24,42.3196873693671,31168404
2018-03-14,180.32,180.52,177.81,41.9599100638433,29075469
2018-03-15,178.5,180.24,178.07,42.0092912626407,22584565
2018-03-16,178.65,179.12,177.62,41.8611476662485,36836456
2018-03-19,177.32,177.47,173.66,41.2215435675394,32804695
2018-03-20,175.24,176.8,174.94,41.2074346535972,19314039
2018-03-21,175.04,175.09,171.26,40.2738948477608,35247358
2018-03-22,170.0,172.68,168.6,39.7048353187622,41051076
2018-03-23,168.39,169.92,164.94,38.7854044268679,40248954
2018-03-26,168.07,173.1,166.44,40.6266176963136,36272617
2018-03-27,173.68,175.15,166.92,39.5849095502543,38962839
2018-03-28,167.25,170.02,165.19,39.1475332180488,41668545
2018-03-29,167.81,171.75,166.9,39.4532263534612,38398505
2018-04-02,166.64,168.94,164.47,39.1945629311892,37586791
2018-04-03,167.64,168.75,164.88,39.5966669785394,30278046
2018-04-04,164.88,172.01,164.77,40.3538453600994,34605489
2018-04-05,172.58,174.23,172.08,40.6336721532847,26933197
2018-04-06,170.97,172.48,168.2,39.5943154928824,35005290
2018-04-09,169.88,173.09,169.85,39.9870135976045,29017718
2018-04-10,173.0,174.0,171.53,40.7394890078505,28614241
2018-04-11,172.23,173.92,171.7,40.549018669632,22431640
2018-04-12,173.41,175.0,173.04,40.9487712313252,22889285
2018-04-13,174.78,175.84,173.85,41.0875088850893,25124255
2018-04-16,175.03,176.19,174.83,41.3438208217043,21578420
2018-04-17,176.49,178.94,176.41,41.9128803507029,26605442
2018-04-18,177.81,178.82,176.88,41.8188209244221,20754538
2018-04-19,173.76,175.39,172.66,40.6336721532847,34808800
2018-04-20,170.6,171.22,165.43,38.9688203081154,65491140
2018-04-23,166.83,166.92,164.09,38.8559489965785,36515477
2018-04-24,165.67,166.33,161.22,38.3151072954641,33692017
2018-04-25,162.62,165.42,162.41,38.4820627771125,28382084
2018-04-26,164.12,165.73,163.37,38.6160974595625,27963014
2018-04-27,164.0,164.33,160.63,38.169315184729,35655839
2018-04-30,162.13,167.26,161.84,38.8606519678925,42427424
2018-05-01,166.41,169.2,165.27,39.7636224601877,53569376
2018-05-02,175.23,177.75,173.8,41.5201822459807,66539371
2018-05-03,175.88,177.5,174.44,41.5954297870053,34068180
2018-05-04,178.25,184.25,178.17,43.2273608329764,56201317
2018-05-07,185.18,187.67,184.75,43.5401084253599,42451423
2018-05-08,184.99,186.22,183.67,43.7493906488346,28402777
2018-05-09,186.55,187.4,185.22,44.057435269904,23211241
2018-05-10,187.74,190.37,187.65,44.687633425985,27989289
2018-05-11,189.49,190.06,187.45,44.5183264586797,26212221
2018-05-14,189.01,189.53,187.86,44.4144605928235,20778772
2018-05-15,186.78,187.07,185.1,44.0108000687006,23695159
2018-05-16,186.07,188.46,186.0,44.4215423564046,19183064
2018-05-17,188.0,188.91,186.36,44.1406324010208,17294029
2018-05-18,187.19,187.81,186.13,43.9801124265158,18297728
2018-05-21,188.0,189.27,186.91,44.2917100240844,18400787
2018-05-22,188.38,188.88,186.78,44.1807623946471,15240704
2018-05-23,186.35,188.5,185.76,44.4640329378912,20058415
2018-05-24,188.77,188.84,186.21,44.4144605928235,23233975
2018-05-25,188.23,189.65,187.65,44.5159658708193,17460963
2018-05-29,187.6,188.75,186.87,44.3554458963143,22514075
2018-05-30,187.72,188.0,186.78,44.2610223818996,18690547
2018-05-31,187.22,188.23,186.14,44.1123053466964,27482793
2018-06-01,187.99,190.26,187.75,44.9078234556404,23442510
2018-06-04,191.64,193.42,191.35,45.2831569254389,26266174
2018-06-05,193.07,193.94,192.36,45.6325239287734,21565963
2018-06-06,193.63,194.08,191.92,45.790683315418,20933619
2018-06-07,194.14,194.2,192.34,45.6679327466789,21347180
2018-06-08,191.17,192.0,189.77,45.2524692832541,26656799
2018-06-11,191.35,191.97,190.21,45.1415216538168,18308460
2018-06-12,191.39,192.61,191.15,45.3893833791555,16911141
2018-06-13,192.42,192.88,190.44,45.0164104972173,21638393
2018-06-14,191.55,191.57,190.22,45.040016375821,21610074
2018-06-15,190.03,190.16,188.26,44.5773411551889,61719160
2018-06-18,187.88,189.22,187.2,44.5537352765852,18484865
2018-06-19,185.14,186.33,183.45,43.833755979173,33578455
2018-06-20,186.35,187.2,185.73,44.0249635958628,20628701
2018-06-21,187.25,188.35,184.94,43.7794624583845,25711898
2018-06-22,186.12,186.15,184.7,43.6519907139246,27200447
2018-06-25,183.4,184.92,180.73,43.0028290523235,31663096
2018-06-26,182.99,186.53,182.54,43.5363219087666,24569201
2018-06-27,185.23,187.28,184.03,43.4725860365367,25285328
2018-06-28,184.1,186.21,183.8,43.788904809826,17365235
2018-06-29,186.29,187.19,182.91,43.6968418832716,22737666
2018-07-02,183.82,187.3,183.42,44.1854835703678,17731343
2018-07-03,187.79,187.95,183.54,43.4159319278879,13954806
2018-07-05,185.26,186.41,184.28,43.7652989312223,16604248
2018-07-06,185.42,188.43,185.2,44.3719700113369,17485245
2018-07-09,189.5,190.68,189.3,44.9880834428929,19756634
2018-07-10,190.71,191.28,190.18,44.9337899221045,15939149
2018-07-11,188.5,189.78,187.61,44.3507247205936,18831470
2018-07-12,189.53,191.41,189.31,45.0943098966095,18041131
2018-07-13,191.08,191.84,190.9,45.1651275324205,12519792
2018-07-16,191.52,192.65,190.42,45.0659828422851,15043110
2018-07-17,189.75,191.87,189.2,45.1934545867449,15534523
2018-07-18,191.78,191.8,189.93,44.9455928614063,16393381
2018-07-19,189.69,192.55,189.69,45.2949598647408,20286752
2018-07-20,191.78,192.43,190.17,45.1910939988846,20706042
2018-07-23,190.68,191.96,189.56,45.2312239925108,15989365
2018-07-24,192.45,193.66,192.05,45.559345705102,18697898
2018-07-25,193.06,194.85,192.43,45.988972695689,16826483
2018-07-26,194.61,195.96,193.61,45.8449768362065,19075964
2018-07-27,194.99,195.19,190.1,45.0825069573076,24023972
2018-07-30,191.9,192.2,189.07,44.8299240562483,21029535
2018-07-31,190.3,192.14,189.34,44.9196263949423,39373038
2018-08-01,199.13,201.76,197.31,47.5658453864148,67935716
2018-08-02,200.58,208.38,200.35,48.9562316361715,62404012
2018-08-03,207.03,208.74,205.48,49.0978669077936,33447396
2018-08-06,208.0,209.25,207.07,49.3528103967133,25425387
2018-08-07,209.32,209.5,206.76,48.8901351760812,25587387
2018-08-08,206.05,207.81,204.52,48.9231834061263,22525487
2018-08-09,207.28,209.78,207.2,49.3079592273663,23492626
2018-08-10,207.36,209.1,206.67,49.1616027800235,24611202
2018-08-13,207.7,210.95,207.7,49.4790342247555,25890880
2018-08-14,210.16,210.56,208.26,49.687496666072,20748010
2018-08-15,209.22,210.74,208.33,49.8035723436233,28807564
2018-08-16,211.75,213.81,211.47,50.5331908882312,28500367
2018-08-17,213.44,217.95,213.16,51.5423386155135,35426997
2018-08-20,218.1,219.18,215.11,51.0401336432509,30287695
2018-08-21,216.8,217.19,214.03,50.9406402053499,26159755
2018-08-22,214.1,216.36,213.84,50.9430090967285,19018131
2018-08-23,214.65,217.05,214.6,51.0472403173867,18883224
2018-08-24,216.6,216.9,215.11,51.2059560397527,18476356
2018-08-27,217.15,218.74,216.33,51.627618705143,20525117
2018-08-28,219.01,220.54,218.92,52.0445435877761,22776766
2018-08-29,220.15,223.49,219.41,52.8215399599559,27254804
2018-08-30,223.25,228.26,222.4,53.3071626925683,48793824
2018-08-31,226.51,228.87,226.0,53.9230744510035,43340134
2018-09-04,228.41,229.18,226.63,54.0960035216411,27390132
2018-09-05,228.99,229.67,225.1,53.7430387062301,33332960
2018-09-06,226.23,227.35,221.3,52.849966656499,34289976
2018-09-07,221.85,225.37,220.71,52.4235662083516,37619810
2018-09-10,220.95,221.85,216.47,51.7200054689083,39516453
2018-09-11,218.01,224.3,216.56,53.0276335098938,35749049
2018-09-12,224.94,225.0,219.84,52.3690817066438,49278740
2018-09-13,223.52,228.35,222.57,53.6340697028146,41706377
2018-09-14,225.75,226.84,222.52,53.0252646185152,31999289
2018-09-17,222.15,222.95,217.27,51.6134053568714,37195133
2018-09-18,217.79,221.85,217.12,51.6986854465009,31571712
2018-09-19,218.5,219.62,215.3,51.7294810344227,27123833
2018-09-20,220.24,222.28,219.15,52.1227170032698,26608794
2018-09-21,220.78,221.36,217.29,51.5612897465423,96246748
2018-09-24,216.82,221.26,216.63,52.3027527480431,27693358
2018-09-25,219.75,222.82,219.7,52.6343975410467,24554379
2018-09-26,221.0,223.75,219.76,52.215103767035,23984706
2018-09-27,223.82,226.44,223.54,53.2882115615395,30181227
2018-09-28,224.79,225.84,224.02,53.4753539804486,22929364
2018-10-01,227.95,229.42,226.35,53.8354254699954,23600802
2018-10-02,227.25,230.0,226.63,54.313941528472,24788170
2018-10-03,230.05,233.47,229.78,54.9748622231005,28654799
2018-10-04,230.78,232.35,226.73,54.008354540633,32042000
2018-10-05,227.96,228.41,220.58,53.1318647305521,33580463
2018-10-08,222.21,224.8,220.2,53.008682378865,29663923
2018-10-09,223.64,227.27,222.25,53.7430387062301,26891029
2018-10-10,225.46,226.35,216.05,51.2533338673247,41990554
2018-10-11,214.52,219.5,212.32,50.8008756140126,53124392
2018-10-12,220.42,222.88,216.84,52.6154464100179,40337851
2018-10-15,221.16,221.83,217.27,51.4902230051844,30791007
2018-10-16,218.93,222.99,216.76,52.6249219755323,29183963
2018-10-17,222.3,222.64,219.34,52.397508403187,22885397
2018-10-18,217.86,219.74,213.0,51.1727915604524,32581315
2018-10-19,218.06,221.26,217.43,51.9521568240108,33078726
2018-10-22,219.79,223.36,218.94,52.2695882687428,28792082
2018-10-23,215.83,223.25,214.7,52.7623176754909,38767846
2018-10-24,222.6,224.23,214.54,50.9524846622428,40925163
2018-10-25,217.71,221.38,216.75,52.068232501562,29855768
2018-10-26,215.9,220.19,212.67,51.2391205190531,47258375
2018-10-29,219.19,219.69,206.09,50.2773506193427,45935520
2018-10-30,211.15,215.18,209.27,50.528453105474,36659990
2018-10-31,216.88,220.45,216.62,51.8455567119739,38358933
2018-11-01,219.05,222.36,216.81,52.6415042151825,58323180
2018-11-02,209.55,213.65,205.43,49.1497583231305,91328654
2018-11-05,204.3,204.39,198.17,47.7544813011369,66163669
2018-11-06,201.92,204.72,201.69,48.270899621671,31882881
2018-11-07,205.97,210.06,204.13,49.734874493644,33424434
2018-11-08,209.98,210.12,206.75,49.5619454230064,25362636
2018-11-09,205.55,206.01,202.25,48.606316756881,34365750
2018-11-12,199.0,199.85,193.79,46.1578154481517,51135518
2018-11-13,191.63,197.18,191.45,45.6966414152454,46882936
2018-11-14,193.9,194.48,185.93,44.4058295602551,60800957
2018-11-15,188.39,191.97,186.9,45.5017121848417,46478801
2018-11-16,190.5,194.97,189.46,46.0056755610074,36928253
2018-11-19,190.0,190.7,184.99,44.1823741010119,41920872
2018-11-20,178.37,181.47,175.51,42.0714331668841,67825247
2018-11-21,179.73,180.27,176.55,42.0238894521515,31124210
2018-11-23,174.94,176.595,172.1,40.9565330564045,23623972
2018-11-26,174.24,174.95,170.26,41.5104173330394,44998520
2018-11-27,171.51,174.77,170.88,41.4200842750474,41387377
2018-11-28,176.73,181.29,174.93,43.0127987185897,46062539
2018-11-29,182.66,182.8,177.7,42.6823699011981,41769992
2018-11-30,180.29,180.33,177.03,42.451782884745,39531549
2018-12-03,184.46,184.94,181.21,43.9351467844023,40798002
2018-12-04,180.95,182.39,176.27,42.0024947805219,41344282
2018-12-06,171.76,174.78,170.42,41.5341891904057,43098410
2018-12-07,173.49,174.49,168.3,40.053202476485,42281631
2018-12-10,165.0,170.09,163.33,40.3170700932509,62025994
2018-12-11,171.66,171.79,167.0,40.0864830767978,47281665
2018-12-12,170.4,171.92,169.02,40.1982108064194,35627674
2018-12-13,170.49,172.57,169.55,40.637990167696,31897827
2018-12-14,169.0,169.08,165.28,39.3376695697592,40703710
2018-12-17,165.45,168.35,162.73,38.9715829663181,44287922
2018-12-18,165.38,167.53,164.39,39.4779235282204,33841518
2018-12-19,166.0,167.45,159.09,38.2465413166459,49047297
2018-12-20,160.4,162.11,155.3,37.281403907574,64772960
2018-12-21,156.86,158.16,149.63,35.8313206082294,95744384
2018-12-24,148.15,151.55,146.59,34.9042181709436,37169232
2018-12-26,148.3,157.23,146.72,37.3622282226194,58582544
2018-12-27,155.84,156.77,150.07,37.1197552774831,53117065
2018-12-28,157.5,158.52,154.55,37.1387727633761,42291424
2018-12-31,158.53,159.36,156.48,37.4977278096073,35003466
2019-01-02,154.89,158.85,154.23,37.5405171528667,37039737
2019-01-03,143.98,145.72,142.0,33.8012039891471,91312195
2019-01-04,144.53,148.55,143.8,35.2441557312817,58607070
2019-01-07,148.7,148.83,145.9,35.1657086019729,54777764
2019-01-08,149.56,151.82,148.52,35.8360749797027,41025314
2019-01-09,151.29,154.53,149.63,36.4446345282801,45099081
2019-01-10,152.5,153.97,150.86,36.561116629375,35780670
2019-01-11,152.88,153.7,151.51,36.2021615831438,27023241
2019-01-14,150.85,151.27,149.22,35.6577860494554,32439186
2019-01-15,150.27,153.39,150.05,36.3875820706009,28710324
2019-01-16,153.08,155.88,153.0,36.8321158033508,30569706
2019-01-17,154.2,157.66,153.26,37.0508168911208,29821160
2019-01-18,157.5,157.88,155.98,37.2790267218373,33751023
2019-01-22,156.41,156.73,152.62,36.4422573425434,30393970
2019-01-23,154.15,155.14,151.7,36.5896428582145,23130570
2019-01-24,154.11,154.48,151.74,36.2996261983456,25441549
2019-01-25,155.48,158.13,154.32,37.5024821810806,33547893
2019-01-28,155.79,156.33,153.66,37.1554130635325,26192058
2019-01-29,156.25,158.13,154.11,36.7703089741984,41587239
2019-01-30,163.25,166.15,160.23,39.2829942978167,61109780
2019-01-31,166.11,169.0,164.56,39.5658794004757,40739649
2019-02-01,166.96,168.98,165.93,39.5848968863688,32668138
2019-02-04,167.41,171.66,167.28,40.7093057397949,31495582
2019-02-05,172.86,175.08,172.35,41.4058211606276,36101628
2019-02-06,174.65,175.57,172.85,41.4200842750474,28239591
2019-02-07,172.4,173.94,170.34,40.6356129819594,31741690
2019-02-08,168.99,170.66,168.42,40.683156696692,23819966
2019-02-11,171.05,171.21,169.25,40.4491945256765,20993425
2019-02-12,170.1,171.0,169.7,40.7977504131078,22283523
2019-02-13,171.39,172.48,169.92,40.6282472075761,22490233
2019-02-14,169.71,171.26,169.38,40.7762640912798,21835747
2019-02-15,171.25,171.7,169.75,40.685544065784,24626814
2019-02-19,169.71,171.44,169.49,40.8072998894758,18972826
2019-02-20,171.19,173.32,170.99,41.0699104895952,26114362
2019-02-21,171.8,172.37,170.3,40.8383356876717,17249670
2019-02-22,171.58,173.0,171.38,41.2943231842428,18913154
2019-02-25,174.16,175.87,173.95,41.5951316898342,21873358
2019-02-26,173.71,175.3,173.17,41.6190053807542,17070211
2019-02-27,173.21,175.0,172.73,41.7479233117219,27835389
2019-02-28,174.32,174.91,172.92,41.3372958278987,28215416
2019-03-01,174.28,175.15,172.89,41.7717970026419,25886167
2019-03-04,175.69,177.75,173.97,41.9818854827374,27436203
2019-03-05,175.94,176.0,174.54,41.9054896717936,19737419
2019-03-06,174.67,175.49,173.94,41.6643653935021,20810384
2019-03-07,173.87,174.44,172.02,41.182116836919,24796374
2019-03-08,170.32,173.07,169.5,41.2799989696908,23999358
2019-03-11,175.49,179.12,175.35,42.710033055796,32011034
2019-03-12,180.0,182.67,179.37,43.1898942432871,32467584
2019-03-13,182.25,183.3,180.92,43.3808837706467,31032524
2019-03-14,183.9,184.1,182.56,43.8631323272297,23579508
2019-03-15,184.85,187.33,183.74,44.4337135402166,39042912
2019-03-18,185.8,188.39,185.79,44.8873136676957,26219832
2019-03-19,188.35,188.99,185.92,44.5315956729884,31646369
2019-03-20,186.23,189.49,184.73,44.9207368349837,31035231
2019-03-21,190.02,196.33,189.81,46.5751836157364,51034237
2019-03-22,195.34,197.69,190.78,45.6106865025703,42407666
2019-03-25,191.51,191.98,186.6,45.0592042423194,43845293
2019-03-26,191.66,192.88,184.58,44.5936672693803,49800538
2019-03-27,188.75,189.76,186.55,44.9947452768355,29848427
2019-03-28,188.95,189.56,187.53,45.0544295041354,20780363
2019-03-29,189.83,190.08,188.54,45.3480759024508,23563961
2019-04-01,191.64,191.68,188.38,45.6560465153182,27861964
2019-04-02,191.09,194.46,191.05,46.3197351228929,22765732
2019-04-03,193.25,196.5,193.15,46.6372552121283,23271830
2019-04-04,194.79,196.37,193.14,46.7184257612561,19114275
2019-04-05,196.45,197.1,195.93,47.0311711123075,18526644
2019-04-08,196.42,200.23,196.34,47.7712555308261,25881697
2019-04-09,200.32,202.85,199.23,47.6280133853063,35768237
2019-04-10,198.68,200.74,198.18,47.8953987236098,21695288
2019-04-11,200.85,201.0,198.44,47.4967080852466,20900808
2019-04-12,199.2,200.14,196.21,47.4776091325106,27760668
2019-04-15,198.58,199.85,198.01,47.5635544198225,17536646
2019-04-16,199.46,201.37,198.56,47.5683291580065,25696385
2019-04-17,199.54,203.38,198.61,48.4946283657006,28906780
2019-04-18,203.12,204.15,202.52,48.6689063094163,24195766
2019-04-22,202.83,204.94,202.34,48.82886003858,19439545
2019-04-23,204.43,207.75,203.9,49.5331339207186,23322991
2019-04-24,207.36,208.48,207.05,49.4567381097747,17540609
2019-04-25,206.83,207.76,205.12,49.0079127204796,18543206
2019-04-26,204.9,205.0,202.12,48.7739505494641,18649102
2019-04-29,204.4,205.97,203.86,48.8479589913159,22204716
2019-04-30,203.06,203.4,199.11,47.9073355690698,46534923
2019-05-01,209.88,215.31,209.23,50.2588941246852,64827328
2019-05-02,209.84,212.65,208.13,49.9318245590818,31996324
2019-05-03,210.89,211.84,210.23,50.5525405230006,20892378
2019-05-06,204.29,208.84,203.5,49.7718708299181,32443113
2019-05-07,205.88,207.42,200.83,48.4301694002168,38763698
2019-05-08,201.9,205.34,201.75,48.4397188765847,26339504
2019-05-09,200.4,201.68,196.66,47.9192724145298,34908607
2019-05-10,197.42,198.85,192.77,47.2579711760471,41208712
2019-05-13,187.71,189.48,182.85,44.5113622416851,57430623
2019-05-14,186.41,189.7,185.41,45.2159896646366,36529677
2019-05-15,186.27,191.75,186.02,45.7576420373816,26544718
2019-05-16,189.91,192.47,188.84,45.5563199165383,33031364
2019-05-17,186.93,190.9,186.76,45.2974771897398,32879090
2019-05-20,183.52,184.35,180.28,43.8810322680924,38612290
2019-05-21,185.22,188.0,184.7,44.7222711301876,28364848
2019-05-22,184.66,185.71,182.55,43.8067348187336,29748556
2019-05-23,179.8,180.54,177.81,43.0589669413156,36529736
2019-05-24,180.2,182.14,178.62,42.8935951991944,23714686
2019-05-28,178.92,180.59,177.91,42.7162399974991,27948160
2019-05-29,176.42,179.35,176.0,42.512521184741,28481165
2019-05-30,177.95,179.23,176.67,42.7330168409027,21218412
2019-05-31,176.23,177.99,174.99,41.9588853524219,27043584
2019-06-03,175.6,177.92,170.27,41.5346708835022,40396069
2019-06-04,175.44,179.83,174.52,43.054173557486,30967961
2019-06-05,184.28,184.99,181.14,43.7492142127783,29773427
2019-06-06,183.08,185.47,182.15,44.391527645945,22526311
2019-06-07,186.51,191.92,185.77,45.5730967599419,30684393
2019-06-10,191.81,195.37,191.62,46.1554928952386,26220851
2019-06-11,194.86,196.0,193.6,46.6899551922392,26932882
2019-06-12,193.95,195.97,193.39,46.5413602935215,18253189
2019-06-13,194.7,196.79,193.6,46.5317735258623,21674625
2019-06-14,191.55,193.59,190.3,46.1938399658754,18761474
2019-06-17,192.9,194.96,192.17,46.4694595360775,14669144
2019-06-18,196.05,200.29,195.21,47.5623510492268,26551004
2019-06-19,199.68,199.88,197.31,47.4233429181683,21124235
2019-06-20,200.37,200.61,198.03,47.8044169326217,21513988
2019-06-21,198.8,200.85,198.15,47.6414418824152,47800589
2019-06-24,198.54,200.16,198.17,47.5935080441192,18220421
2019-06-25,198.43,199.26,195.29,46.8721037777641,21070334
2019-06-26,197.77,200.99,197.35,47.8859044577249,26067512
2019-06-27,200.29,201.57,199.57,47.8715243062361,20899717
2019-06-28,198.68,199.5,197.05,47.4353263777423,31110642
2019-07-01,203.17,204.49,200.65,48.3053255428151,27316739
2019-07-02,201.41,203.13,201.36,48.5881351887616,16935217
2019-07-03,203.28,204.44,202.69,48.9907794304482,11362045
2019-07-05,203.35,205.08,202.9,48.9476389759818,17265518
2019-07-08,200.81,201.4,198.41,47.9386316798506,25338628
2019-07-09,199.2,201.51,198.81,48.2310280934563,20578015
2019-07-10,201.85,203.73,201.56,48.7079697845017,17897138
2019-07-11,203.31,204.39,201.71,48.3532593811111,20191842
2019-07-12,202.45,204.0,202.2,48.7247466279053,17595212
2019-07-15,204.09,205.87,204.0,49.1825147836323,16947420
2019-07-16,204.59,206.11,203.5,49.0123496576814,16866816
2019-07-17,204.05,205.09,203.27,48.7367300874793,14107450
2019-07-18,204.0,205.88,203.7,49.2903659197983,18582161
2019-07-19,205.79,206.5,202.36,48.5545815019544,20929307
2019-07-22,203.65,207.23,203.61,49.6642498585073,22277932
2019-07-23,208.46,208.91,207.29,50.0525139487051,18355210
2019-07-24,207.67,209.15,207.17,50.0117701861535,14991567
2019-07-25,208.89,209.24,206.73,49.6163160202113,13909535
2019-07-26,207.48,209.73,207.14,49.788877838077,17618874
2019-07-29,208.46,210.64,208.44,50.2538360695484,21673389
2019-07-30,208.76,210.16,207.31,50.0381337972163,33935718
2019-07-31,216.42,221.37,211.3,51.0591245529215,69281361
2019-08-01,213.9,218.03,206.74,49.9542495801982,54017922
2019-08-02,205.53,206.43,201.63,48.897308445771,40862122
2019-08-05,197.99,198.65,192.58,46.3376414807635,52392969
2019-08-06,196.31,198.07,194.04,47.2148307215806,35824787
2019-08-07,195.41,199.56,193.82,47.7037558722001,33364400
2019-08-08,200.2,203.53,199.39,48.7559036227977,27009523
2019-08-09,201.3,202.76,199.29,48.3556560730259,24619746
2019-08-12,199.62,202.05,199.15,48.2329565128625,22481889
2019-08-13,201.02,212.14,200.48,50.275543308524,47539786
2019-08-14,203.16,206.44,202.59,48.7790898492761,36547443
2019-08-15,203.46,205.14,199.67,48.536096602678,27883363
2019-08-16,204.28,207.16,203.84,49.6812924975365,28813624
2019-08-19,210.62,212.73,210.03,50.6075538830838,24431915
2019-08-20,210.88,213.35,210.32,50.6099597568125,26919529
2019-08-21,212.99,213.65,211.6,51.1584989669548,21564747
2019-08-22,213.19,214.44,210.75,51.1151932398383,22267819
2019-08-23,209.43,212.05,201.0,48.7526252382605,46882843
2019-08-26,205.86,207.19,205.06,49.6788866238078,26066130
2019-08-27,207.86,208.55,203.53,49.118318045022,25897344
2019-08-28,204.1,205.72,203.32,49.4479227458531,15957632
2019-08-29,208.5,209.32,206.66,50.2851668034387,21007652
2019-08-30,210.16,210.45,207.2,50.220208212764,21162561
2019-09-03,206.43,206.98,204.22,49.4888225992409,20059574
2019-09-04,208.39,209.48,207.32,50.3284725305552,19216820
2019-09-05,212.0,213.97,211.51,51.3124748855912,23946984
2019-09-06,214.05,214.42,212.51,51.3076631381338,19362294
2019-09-09,214.84,216.44,211.07,51.526597647445,27309401
2019-09-10,213.86,216.78,211.71,52.1352837008046,31777931
2019-09-11,218.07,223.71,217.73,53.792930699875,44289646
2019-09-12,224.8,226.42,222.86,53.6726370134403,32226669
2019-09-13,220.0,220.79,217.02,52.628487815187,39763296
2019-09-16,217.73,220.13,217.56,52.9051632939868,21158141
2019-09-17,219.96,220.82,219.12,53.0976331922823,18386468
2019-09-18,221.06,222.85,219.44,53.595649054122,25643093
2019-09-19,222.01,223.76,220.37,53.1601859092284,22187876
2019-09-20,221.38,222.56,217.47,52.3830886948601,57977094
2019-09-23,218.95,219.84,217.65,52.6212701940009,19419648
2019-09-24,221.03,222.49,217.19,52.3710593262167,31434367
2019-09-25,218.55,221.5,217.14,53.1770270253292,22481006
2019-09-26,220.0,220.94,218.83,52.9027574202581,19088312
2019-09-27,220.54,220.96,217.28,52.6453289312878,25361285
2019-09-30,220.9,224.58,220.79,53.8843539015654,26318583
2019-10-01,225.07,228.22,224.2,54.0335180727444,36187163
2019-10-02,223.06,223.58,217.93,52.6790111634895,35767257
2019-10-03,218.43,220.96,215.13,53.1265036770267,30352686
2019-10-04,225.64,227.49,223.89,54.6157395150884,34755553
2019-10-07,226.27,229.93,225.84,54.6277688837319,30889269
2019-10-08,225.82,228.06,224.33,53.9878064718992,29282700
2019-10-09,227.03,227.79,225.64,54.6205512625458,19029424
2019-10-10,227.93,230.44,227.3,55.3567486235262,28962984
2019-10-11,232.95,237.64,232.31,56.8291433454871,41990210
2019-10-14,234.9,238.13,234.67,56.7473436387115,24413484
2019-10-15,236.39,237.65,234.88,56.6150205836333,23040483
2019-10-16,233.37,235.24,233.2,56.3864625794074,19286694
2019-10-17,235.09,236.15,233.52,56.6053970887186,17272897
2019-10-18,234.59,237.58,234.29,56.877260820061,24248023
2019-10-21,237.52,240.99,237.32,57.8636690488257,21811567
2019-10-22,241.16,242.2,239.62,57.7313459937475,22684001
2019-10-23,242.1,243.24,241.22,58.506037334387,19932545
2019-10-24,244.51,244.8,241.81,58.6022722835348,17916255
2019-10-25,243.16,246.73,242.88,59.3240344021431,18369296
2019-10-28,247.42,249.25,246.72,59.9182852131306,23655368
2019-10-29,248.97,249.75,242.57,58.5325019454027,35709867
2019-10-30,244.76,245.3,241.21,58.5252843242166,31130522
2019-10-31,247.24,249.17,237.26,59.8485148749984,34790520
2019-11-01,249.54,255.93,249.16,61.5470617274566,37781334
2019-11-04,257.33,257.85,255.38,61.9512485138772,25817952
2019-11-05,257.05,258.19,256.32,61.8622311859155,19974427
2019-11-06,256.77,257.49,255.37,61.8886957969312,18966124
2019-11-07,258.74,260.35,258.11,62.6008344206247,23735083
2019-11-08,258.69,260.44,256.85,62.7721584480642,17520495
2019-11-11,258.3,262.47,258.28,63.269239429086,20507459
2019-11-12,261.55,262.79,260.92,63.2113270817825,21847226
2019-11-13,261.13,264.78,261.07,63.8169937139984,25817593
2019-11-14,263.75,264.88,262.1,63.3754120658091,22395556
2019-11-15,263.68,265.78,263.01,64.1282725807548,25093666
2019-11-18,265.8,267.43,264.23,64.4516165198661,21700897
2019-11-19,267.9,268.0,265.39,64.2561623477167,19069597
2019-11-20,265.54,266.08,260.4,63.508127861713,26609919
2019-11-21,263.69,264.01,261.18,63.2233921541374,30348778
2019-11-22,262.59,263.18,260.84,63.1678928213049,16331263
2019-11-25,262.71,266.44,262.52,64.2754664634845,21029517
2019-11-26,266.94,267.16,262.5,63.7735594535208,26334882
2019-11-27,265.58,267.98,265.31,64.6301795907185,16386122
2019-11-29,266.6,268.0,265.9,64.4878117369307,11654363
2019-12-02,267.27,268.25,263.45,63.742190265398,23693550
2019-12-03,258.31,259.53,256.29,62.6056604495666,29377268
2019-12-04,261.07,263.31,260.68,63.158240763421,16810388
2019-12-05,263.79,265.89,262.73,64.0848383202771,18661343
2019-12-06,267.48,271.0,267.3,65.3227147438897,26547493
2019-12-09,270.0,270.8,264.91,64.4081822593884,32182645
2019-12-10,268.6,270.07,265.86,64.7846125168612,22632383
2019-12-11,268.81,271.1,268.5,65.3371928307156,19723391
2019-12-12,267.78,272.56,267.32,65.5036908292132,34437042
2019-12-13,271.46,275.3,270.93,66.3940931690046,33432806
2019-12-16,277.0,280.79,276.98,67.5306229848361,32081105
2019-12-17,279.57,281.77,278.8,67.6633387807399,28575798
2019-12-18,279.8,281.9,279.12,67.5016668111843,29024687
2019-12-19,279.5,281.18,278.95,67.5692312163717,24626947
2019-12-20,282.23,282.65,278.56,67.4292763770549,69032743
2019-12-23,280.53,284.25,280.37,68.5296109758216,24677883
2019-12-24,284.69,284.89,282.92,68.5947623665381,12119714
2019-12-26,284.82,289.98,284.7,69.9557025281706,23334004
2019-12-27,291.12,293.97,288.12,69.9291593689898,36592936
2019-12-30,289.46,292.69,285.22,70.3441978579983,36059614
2019-12-31,289.93,293.68,289.52,70.858169940317,25247625
2020-01-02,296.24,300.6,295.19,72.4748896358733,33911864
2020-01-03,297.15,300.58,296.5,71.7702894103473,36633878
2020-01-06,293.79,299.96,292.75,72.3421738399694,29644644
2020-01-07,299.84,300.9,297.48,72.0019387995613,27877655
2020-01-08,297.16,304.44,297.16,73.1601857456316,33090946
2020-01-09,307.24,310.43,306.2,74.7141670649424,42621542
2020-01-10,310.6,312.67,308.25,74.883078077911,35217272
2020-01-13,311.64,317.07,311.15,76.4829066721705,30028742
2020-01-14,316.7,317.57,312.17,75.4501364785912,40653457
2020-01-15,311.85,315.5,309.55,75.12679253948,30480882
2020-01-16,313.59,315.7,312.09,76.067868183162,27207254
2020-01-17,316.27,318.74,315.0,76.9100102335339,34454117
2020-01-21,317.19,319.02,316.0,76.3887991078023,27235039
2020-01-22,318.58,319.99,317.31,76.661469743023,25458115
2020-01-23,317.92,319.56,315.65,77.0306609570829,26117993
2020-01-24,320.25,323.33,317.52,76.8086636257528,36634380
2020-01-27,310.06,311.77,304.88,74.5500820809158,40485005
2020-01-28,312.6,318.4,312.19,76.659056728552,40558486
2020-01-29,324.45,327.85,321.38,78.2637113517535,54149928
2020-01-30,320.54,324.09,318.75,78.1502996716174,31685808
2020-01-31,320.93,322.68,308.29,74.6852108912907,49897096
2020-02-03,304.3,313.49,302.22,74.4801046612574,43496401
2020-02-04,315.31,319.64,313.63,76.9389664071857,34154134
2020-02-05,323.52,324.76,318.95,77.5663501696404,29706718
2020-02-06,322.57,325.22,320.26,78.4736436107287,26356385
2020-02-07,322.37,323.4,318.0,77.4095042290267,29421012
2020-02-10,314.18,321.55,313.85,77.7771649059261,27337215
2020-02-11,323.6,323.9,318.71,77.3079137788308,23580780
2020-02-12,321.47,327.22,321.47,79.1437983430851,28432573
2020-02-13,324.19,326.22,323.35,78.5802132265222,23686892
2020-02-14,324.74,325.98,322.85,78.5995637884643,20028447
2020-02-18,315.36,319.75,314.61,77.1603657440225,38190545
2020-02-19,320.0,324.57,320.0,78.2778606961773,23495991
2020-02-20,322.63,324.65,318.21,77.4748123755812,25141489
2020-02-21,318.62,320.45,310.5,75.7211676995807,32426415
2020-02-24,297.26,304.18,289.23,72.1243819985975,55548828
2020-02-25,300.95,302.53,286.13,69.6813735534106,57668364
2020-02-26,286.53,297.88,286.5,70.7867744043516,49678431
2020-02-27,281.1,286.0,272.96,66.159571279953,80151381
2020-02-28,257.26,278.41,256.37,66.1208701560689,106721230
2020-03-02,282.28,301.44,277.72,72.2767676738914,85349339
2020-03-03,303.67,304.0,285.8,69.9813072635128,79868852
2020-03-04,296.44,303.4,293.13,73.2273640292958,54794568
2020-03-05,295.52,299.55,291.41,70.8520825509061,46893219
2020-03-06,282.0,290.82,281.23,69.9111614764728,56544246
2020-03-09,263.75,278.09,263.0,64.381738401525,71686208
2020-03-10,277.14,286.44,269.37,69.0186168068946,71322520
2020-03-11,277.39,281.22,271.86,66.6215659463201,64094970
2020-03-12,255.94,270.0,248.0,60.0423748860147,104618517
2020-03-13,264.89,279.92,252.95,67.235946287981,92683032
2020-03-16,241.95,259.08,240.0,58.5862450998736,80605865
2020-03-17,247.51,257.61,238.4,61.1622886584123,81013965
2020-03-18,239.77,250.0,237.12,59.6650389281443,75058406
2020-03-19,247.39,252.84,242.61,59.2078819022627,67964255
2020-03-20,247.18,251.83,228.0,55.4490352450148,100423346
2020-03-23,228.08,228.5,212.61,54.271069786791,84188208
2020-03-24,236.36,247.69,234.3,59.7158341532422,71882773
2020-03-25,250.75,258.25,244.3,59.3868746002269,75900510
2020-03-26,246.52,258.68,246.36,62.511990353872,63140169
2020-03-27,252.75,255.87,247.05,59.9238526941195,51054153
2020-03-30,250.74,255.52,249.4,61.6339586057504,41994110
2020-03-31,255.6,262.49,252.0,61.5081799531269,49250501
2020-04-01,246.5,248.72,239.13,58.2717984683149,44054638
2020-04-02,240.34,245.15,236.9,59.2441642059041,41483493
2020-04-03,242.8,245.7,238.97,58.3927394804529,32470017
2020-04-06,250.9,263.11,249.38,63.486774911704,50455071
2020-04-07,270.8,271.7,259.0,62.7514535579052,50721831
2020-04-08,262.74,267.37,261.23,64.3575501990973,42223821
2020-04-09,268.7,270.07,264.7,64.8219636857071,40529123
2020-04-13,268.31,273.7,265.83,66.0942631333985,32755731
2020-04-14,280.0,288.25,278.05,69.4322350684064,48748672
2020-04-15,282.4,286.33,280.63,68.7985041648035,32788641
2020-04-16,287.38,288.2,282.35,69.3451575396671,39281290
2020-04-17,284.69,286.95,276.86,68.4042364652337,53812478
2020-04-20,277.95,281.68,276.85,66.984388982734,32503750
2020-04-21,276.28,277.25,265.43,64.913878854932,45247893
2020-04-22,273.61,277.9,272.2,66.783626902585,29264342
2020-04-23,275.87,281.75,274.87,66.5248131366097,31203582
2020-04-24,277.2,283.01,277.0,68.4453564093606,31627183
2020-04-27,281.8,284.54,279.95,68.4937328142158,29271893
2020-04-28,285.08,285.83,278.2,67.3834943227893,28001187
2020-04-29,284.73,289.67,283.89,69.5967148449141,34320204
2020-04-30,289.96,294.53,288.35,71.064938732269,45765968
2020-05-01,286.25,299.0,285.85,69.9208367574438,60154175
2020-05-04,289.17,293.69,286.32,70.9101342367324,33391986
2020-05-05,295.06,301.0,294.46,71.9744151435465,36937795
2020-05-06,300.46,303.24,298.87,72.7169929580736,35583438
2020-05-07,303.22,305.17,301.97,73.4692460535717,28803764
2020-05-08,305.64,310.35,304.29,75.2132154486012,33511985
2020-05-11,308.1,317.05,307.24,76.3967207250632,36486561
2020-05-12,317.83,319.69,310.91,75.5236430620995,40575263
2020-05-13,312.15,315.95,303.21,74.6117619474484,50155639
2020-05-14,304.51,309.79,301.53,75.0701277205044,39732269
2020-05-15,300.35,307.9,300.21,74.6263132418311,41587094
2020-05-18,313.17,316.5,310.32,76.384594646411,33843125
2020-05-19,315.03,318.52,313.01,75.9432053834682,25432385
2020-05-20,316.68,319.52,316.52,77.4201617633153,27876215
2020-05-21,318.66,320.89,315.87,76.842960419467,25672211
2020-05-22,315.77,319.23,315.35,77.3377044284798,20450754
2020-05-26,323.5,324.24,316.5,76.8138578307015,31380454
2020-05-27,316.14,318.71,313.09,77.1485376015043,28236274
2020-05-28,316.77,323.44,315.63,77.1824906217307,33449103
2020-05-29,319.25,321.15,316.47,77.1073089340866,38399532
2020-06-01,317.75,322.35,317.21,78.0555682846945,20254653
2020-06-02,320.75,323.44,318.93,78.4169254285323,21910704
2020-06-03,324.66,326.2,322.3,78.8486138285533,26122804
2020-06-04,324.39,325.62,320.78,78.1695534240259,21890091
2020-06-05,323.35,331.75,323.23,80.3959014645836,34312550
2020-06-08,330.25,333.6,327.32,80.8712437477527,23913634
2020-06-09,332.14,345.61,332.01,83.4249959119219,36928091
2020-06-10,347.9,354.77,346.09,85.5713118333745,41662938
2020-06-11,349.31,351.06,335.48,81.4629963859838,50415613
2020-06-12,344.72,347.8,334.22,82.1663089478157,50036513
2020-06-15,333.25,345.68,332.58,83.1824743388764,34702230
2020-06-16,351.46,353.2,344.72,85.38699543786,41357182
2020-06-17,355.15,355.4,351.09,85.2681598670677,28601626
2020-06-18,351.41,353.45,349.22,85.302112887294,24205096
2020-06-19,354.64,356.56,345.15,84.8146445254726,66118952
2020-06-22,351.34,359.46,351.15,87.0337169188389,33861316
2020-06-23,364.0,372.38,362.27,88.8914321683674,53038869
2020-06-24,365.0,368.79,358.52,87.3223175907631,48155849
2020-06-25,360.7,365.0,357.57,88.4815707099206,34380628
2020-06-26,364.41,365.32,353.02,85.7629038760805,51314211
2020-06-29,353.25,362.1736,351.28,87.7394546964013,32661519
2020-06-30,360.08,365.98,360.0,88.4718698469987,35055821
2020-07-01,365.12,367.36,363.91,88.3045299615974,27690454
2020-07-02,367.85,370.47,363.64,88.3045299615974,28814516
2020-07-06,370.0,375.78,369.87,90.6666900830605,29745936
2020-07-07,375.41,378.62,372.23,90.3853650583277,28206999
2020-07-08,376.72,381.5,376.36,92.4904523123627,29274479
2020-07-09,385.05,385.27,378.69,92.8881876921573,31420357
2020-07-10,381.34,383.92,378.82,93.0506771460978,22564330
2020-07-13,389.06,399.82,381.03,92.6214139618073,47913079
2020-07-14,379.36,389.02,375.51,94.1541503034548,42748119
2020-07-15,395.96,396.99,385.96,94.8016829034863,38306874
2020-07-16,386.25,389.62,383.62,93.6351541371374,27645927
2020-07-17,387.95,388.59,383.36,93.445987310162,23046755
2020-07-20,385.67,394.0,384.25,95.4152624832914,22397208
2020-07-21,396.69,397.0,386.97,94.0983703416544,25627347
2020-07-22,386.77,391.9,386.41,94.362718856274,22250413
2020-07-23,387.9935,388.31,368.039,90.0676617976381,49251108
2020-07-24,363.95,371.88,356.58,89.8445419504363,46359716
2020-07-27,374.84,379.62,373.92,91.9738813617758,30303548
2020-07-28,377.47,378.1986,372.99,90.4629719617023,25906375
2020-07-29,375.0,380.92,374.85,92.1970012089776,22582314
2020-07-30,376.75,385.19,375.07,93.3126004449869,39532505
2020-07-31,411.535,425.66,403.3,103.08136940726,93573867
2020-08-03,432.8,446.5457,431.57,105.678775454577,77037847
2020-08-04,436.53,443.16,433.55,106.384513232139,43198092
2020-08-05,437.51,441.57,435.59,106.770122533282,30497988
2020-08-06,441.62,457.65,439.19,110.495253895261,50607225
2020-08-07,452.82,454.7,441.17,107.98758082997,49511403
2020-08-10,450.4,455.1,440.0,109.557160697585,53100856
2020-08-11,447.875,449.93,436.4267,106.298946142675,46975594
2020-08-12,441.99,453.1,441.19,109.831715689908,41486205
2020-08-13,457.72,464.17,455.71,111.775467847946,52520516
2020-08-14,459.315,460.0,452.18,111.675850549846,41391302
2020-08-17,464.25,464.35,455.8501,111.384287726141,29431414
2020-08-18,457.41,464.0,456.03,112.312429381604,26408385
2020-08-19,463.933,468.65,462.44,112.453351413061,36384502
2020-08-20,463.0,473.568,462.9335,114.948643245942,31726797
2020-08-21,477.05,499.472,477.0,120.872227947561,84513660
2020-08-24,514.79,515.14,495.745,122.317893615102,86484442
2020-08-25,498.79,500.7172,492.21,121.314431563515,52873947
2020-08-26,504.7165,507.97,500.33,122.964191207649,40755567
2020-08-27,508.57,509.94,495.33,121.494228638133,38888096
2020-08-28,504.05,505.77,498.31,121.297423732132,46907479
2020-08-31,127.58,131.0,126.0,125.410889236579,223505733
2020-09-01,132.76,134.8,130.53,130.406332282735,152470142
2020-09-02,137.59,137.98,127.0,127.704516783063,200118991
2020-09-03,126.91,128.84,120.5,117.480380431786,257599640
2020-09-04,120.07,123.7,110.89,117.558130518107,332607163
2020-09-08,113.95,118.99,112.68,109.647059234895,231366563
2020-09-09,117.26,119.14,115.26,114.020501590479,176940455
2020-09-10,120.36,120.5,112.5,110.298216207837,182274391
2020-09-11,114.57,115.23,110.0,108.850120850099,180860325
2020-09-14,114.72,115.93,112.8,112.110765095207,140150087
2020-09-15,118.33,118.829,113.61,112.290562169826,184642039
2020-09-16,115.23,116.0,112.04,108.976464740372,155026675
2020-09-17,109.72,112.2,108.71,107.236806558928,178010968
2020-09-18,110.4,110.88,106.09,103.835240282363,287104882
2020-09-21,104.54,110.19,103.1,106.984118778383,195713815
2020-09-22,112.68,112.86,109.16,108.665464395086,183055373
2020-09-23,111.62,112.11,106.77,104.107365584488,150718671
2020-09-24,105.17,110.25,105.0,105.176429271408,167743349
2020-09-25,108.43,112.44,107.67,109.122246152225,149981441
2020-09-28,115.01,115.32,112.78,111.726874043995,137672403
2020-09-29,114.55,115.31,113.57,110.881341855249,100060526
2020-09-30,113.79,117.26,113.62,112.552968711161,142675184
2020-10-01,117.64,117.72,115.83,113.505407268599,116120440
2020-10-02,112.89,115.37,112.22,109.841434450698,144711986
2020-10-05,113.91,116.65,113.55,113.223563205684,106243839
2020-10-06,115.7,116.12,112.25,109.977497101761,161498212
2020-10-07,114.62,115.55,114.13,111.843499173477,96848985
2020-10-08,116.25,116.4,114.5901,111.736592804785,83477153
2020-10-09,115.28,117.0,114.92,113.680344962822,100506865
2020-10-12,120.06,125.18,119.2845,120.901384229932,240226769
2020-10-13,125.27,125.39,119.65,117.69419316917,262330451
2020-10-14,121.0,123.03,119.62,117.781662016282,151062308
2020-10-15,118.72,121.2,118.15,117.315161498353,112559219
2020-10-16,121.28,121.548,118.81,115.672690924811,115393808
2020-10-19,119.96,120.419,115.66,112.718187644594,120639337
2020-10-20,116.2,118.98,115.63,114.205158045493,124423728
2020-10-21,116.67,118.705,116.45,113.583157354921,89945980
2020-10-22,117.45,118.04,114.59,112.49465614642,101987954
2020-10-23,116.39,116.55,114.28,111.804624130316,82572645
2020-10-26,114.01,116.55,112.88,111.814342891107,111850657
2020-10-27,115.49,117.28,114.5399,113.320750813586,92276772
2020-10-28,115.05,115.43,111.1,108.072619986884,143937823
2020-10-29,112.37,116.93,112.2,112.076749432442,146129173
2020-10-30,111.06,111.99,107.72,105.79842996198,190573476
2020-11-02,109.11,110.68,107.32,105.710961114869,122866899
2020-11-03,109.66,111.49,108.73,107.33399416683,107624448
2020-11-04,114.14,115.59,112.35,111.717155283205,138235482
2020-11-05,117.95,119.62,116.8686,115.682409685601,126387074
2020-11-06,118.32,119.2,116.13,115.551206414934,114457922
2020-11-09,120.5,121.99,116.05,113.243881794465,154515315
2020-11-10,115.55,117.59,114.13,112.903137652202,138023390
2020-11-11,117.19,119.63,116.44,116.330050168678,112294954
2020-11-12,119.62,120.53,118.57,116.057454854868,103350674
2020-11-13,119.44,119.6717,117.87,116.106132589477,81688586
2020-11-16,118.92,120.99,118.146,117.118629469345,91183018
2020-11-17,119.55,120.6741,118.96,116.23269469946,74270973
2020-11-18,118.61,119.82,118.0,114.908660318094,76322111
2020-11-19,117.59,119.06,116.81,115.502528680325,74112972
2020-11-20,118.64,118.77,117.29,114.23690758049,73604287
2020-11-23,117.18,117.6202,113.75,110.839201704779,127959318
2020-11-24,113.91,115.85,112.59,112.124293898457,113226248
2020-11-25,115.55,116.75,115.17,112.961550933733,76499234
2020-11-27,116.57,117.49,116.22,113.506741561354,46691331
2020-11-30,116.97,120.97,116.81,115.901686104119,169410176
2020-12-01,121.01,123.4693,120.01,119.474631824422,125920963
2020-12-02,122.02,123.37,120.89,119.825111513607,89004195
2020-12-03,123.52,123.78,122.21,119.688813856702,78967630
2020-12-04,122.6,122.8608,121.52,119.017061119097,78260421
2020-12-07,122.31,124.57,122.25,120.477393157368,86711990
2020-12-08,124.37,124.98,123.09,121.090732613442,82225512
2020-12-09,124.53,125.95,121.0,118.559490413772,115089193
2020-12-10,120.5,123.87,120.15,119.980880264356,81312170
2020-12-11,122.43,122.76,120.55,119.172829869846,86939786
2020-12-14,122.6,123.35,121.54,118.559490413772,79075988
2020-12-15,124.34,127.9,124.13,124.498174036075,157572262
2020-12-16,127.41,128.37,126.56,124.430025207622,98208591
2020-12-17,128.9,129.58,128.045,125.296488883663,94359811
2020-12-18,128.96,129.1,126.12,123.305569538153,192541496
2020-12-21,125.02,128.31,123.449,124.838918178338,121251553
2020-12-22,131.61,134.405,129.65,128.392392804798,169351825
2020-12-23,132.16,132.43,130.78,127.496722487991,88223692
2020-12-24,131.32,133.46,131.1,128.480012727094,54930064
2020-12-28,133.99,137.34,133.51,133.075190874187,123124632
2020-12-29,138.05,138.789,134.3409,131.303321334418,121047324
2020-12-30,135.58,135.99,133.4,130.18373343841,96452124
2020-12-31,134.08,134.74,131.72,129.180972105464,99116586
2021-01-04,133.52,133.6116,126.76,125.987712715111,143301887
2021-01-05,128.89,131.74,128.43,127.5454002226,97664898
2021-01-06,127.72,131.0499,126.382,123.252024030083,155087970
2021-01-07,128.36,131.63,127.86,127.457780300304,109578157
2021-01-08,132.43,132.63,130.23,128.557897102468,105158245
2021-01-11,129.19,130.17,128.5,125.569084197474,100620880
2021-01-12,128.5,129.69,126.86,125.393844352881,90440255
2021-01-13,128.76,131.45,128.49,127.428573659539,88636831
2021-01-14,130.8,131.0,128.76,125.500935369021,90221755
2021-01-15,128.78,130.2242,127.0,123.777743563861,111598531
2021-01-19,127.78,128.71,126.938,124.449496301466,90757329
2021-01-20,128.66,132.49,128.55,128.538426008625,104319489
2021-01-21,133.8,139.67,133.59,133.25043071878,120529544
2021-01-22,136.28,139.85,135.02,135.392251041577,114459360
2021-01-25,143.07,145.09,136.54,139.140436606473,157611713
2021-01-26,143.6,144.3,141.37,139.374089732597,98390555
2021-01-27,143.43,144.3,140.41,138.303179571198,140843759
2021-01-28,139.52,141.99,136.7,133.464612751059,142621128
2021-01-29,135.83,136.74,130.21,128.470277180172,177523812
2021-02-01,133.75,135.38,130.93,130.592626409126,106239823
2021-02-02,135.73,136.31,134.61,131.42014789748,82266419
2021-02-03,135.76,135.77,133.61,130.39791547069,89880937
2021-02-04,136.3,137.4,134.59,133.756679158714,84183061
2021-02-05,137.35,137.42,135.86,133.342918414537,75693830
2021-02-08,136.03,136.96,134.92,133.489170518677,71297214
2021-02-09,136.62,137.877,135.85,132.611657893837,75986989
2021-02-10,136.48,136.99,134.4,132.007149196725,72647988
2021-02-11,135.9,136.39,133.77,131.753645549549,64280029
2021-02-12,134.35,135.53,133.6921,131.987648916173,60145130
2021-02-16,135.49,136.01,132.79,129.862118336006,80576316
2021-02-17,131.25,132.22,129.47,127.570835371147,97372199
2021-02-18,129.2,129.995,127.41,126.469069519959,96856748
2021-02-19,130.24,130.71,128.8,126.625071764375,87668834
2021-02-22,128.01,129.72,125.6,122.851767477564,102886922
2021-02-23,123.76,126.71,118.39,122.7152655137,158273022
2021-02-24,124.94,125.56,122.23,122.218008359624,111039904
2021-02-25,124.68,126.4585,120.54,117.966947199289,144766924
2021-02-26,122.59,124.85,121.2,118.230200986741,163424672
2021-03-01,123.75,127.93,122.79,124.597042586967,116307892
2021-03-02,128.41,128.72,125.01,121.993755133276,102260945
2021-03-03,124.81,125.71,121.84,119.010212208821,112966340
2021-03-04,121.75,123.6,118.62,117.128435135554,178154975
2021-03-05,120.98,121.935,117.57,118.386203231157,153766601
2021-03-08,120.93,121.0,116.21,113.452632251503,154376610
2021-03-09,119.03,122.06,118.79,118.059573531911,129525780
2021-03-10,121.69,122.17,119.45,116.982183031414,111943326
2021-03-11,122.54,123.21,121.26,118.912710806061,103026514
2021-03-12,120.4,121.17,119.16,118.005947760393,88105050
2021-03-15,121.41,124.0,120.42,120.891989282089,92590555
2021-03-16,125.7,127.22,124.715,122.432511445696,115227936
2021-03-17,124.05,125.8599,122.336,121.64275008334,111932636
2021-03-18,122.88,123.18,120.32,117.518440746594,121469755
2021-03-19,119.9,121.43,119.675,116.99193317169,185549522
2021-03-22,120.33,123.87,120.26,120.306980865529,111912284
2021-03-23,123.33,124.24,122.14,119.478218942069,95467142
2021-03-24,122.82,122.9,120.065,117.08943457445,88530485
2021-03-25,119.54,121.66,119.0,117.57694158825,98844681
2021-03-26,120.35,121.48,118.92,118.181450285361,94071234
2021-03-29,121.65,122.58,120.7299,118.356952810329,80819203
2021-03-30,120.11,120.4031,118.86,116.904181909206,85671919
2021-03-31,121.65,123.52,121.15,119.097963471305,118323826
2021-04-01,123.66,124.18,122.49,119.926725394765,75089134
2021-04-05,123.87,126.1601,123.07,122.754266074804,88651175
2021-04-06,126.5,127.13,125.65,123.05652042336,80171253
2021-04-07,125.83,127.92,125.14,124.704294130003,83466716
2021-04-08,128.95,130.39,128.52,127.102828637899,88844591
2021-04-09,129.8,133.04,129.47,129.671990600624,106686703
2021-04-12,132.52,132.85,130.63,127.960840982186,91419983
2021-04-13,132.44,134.66,131.93,131.07113573023,91266545
2021-04-14,134.94,135.0,131.655,128.73110206399,87222782
2021-04-15,133.82,135.0,133.64,131.139386712162,89347102
2021-04-16,134.3,134.67,133.28,130.807881942778,84922386
2021-04-19,133.51,135.47,133.34,131.470891481545,94264215
2021-04-20,135.02,135.53,131.81,129.784117213798,94812349
2021-04-21,132.36,133.75,131.3001,130.164372684562,68847136
2021-04-22,133.04,134.15,131.41,128.643350801506,84566456
2021-04-23,132.16,135.12,132.16,130.963884187194,78756779
2021-04-26,134.83,135.06,133.56,131.353889798233,66905069
2021-04-27,135.01,135.41,134.11,131.032135169126,66015804
2021-04-28,134.31,135.02,133.08,130.24237380677,107760097
2021-04-29,136.47,137.07,132.45,130.14487240401,151100953
2021-04-30,131.78,133.56,131.065,128.175344068258,109839466
2021-05-03,132.04,134.07,131.83,129.228359218066,75135100
2021-05-04,131.19,131.4899,126.7,124.655543428623,137564718
2021-05-05,129.2,130.45,127.97,124.899296935523,84000900
2021-05-06,127.89,129.75,127.13,126.498319940787,78128334
2021-05-07,130.85,131.2582,129.475,127.171079619831,78973273
2021-05-10,129.41,129.54,126.81,123.88949734871,88071229
2021-05-11,123.5,126.27,122.77,122.971435641908,126142826
2021-05-12,123.4,124.64,122.25,119.904718876635,112172282
2021-05-13,124.58,126.15,124.26,122.053373935107,105861339
2021-05-14,126.25,127.89,125.85,124.475494182839,81917951
2021-05-17,126.82,126.93,125.17,123.323033742386,74244624
2021-05-18,126.56,126.99,124.78,121.936174568281,63342929
2021-05-19,123.16,124.915,122.86,121.779908745847,92611989
2021-05-20,125.23,127.72,125.1,124.338761588209,76857123
2021-05-21,127.82,128.0,125.21,122.502638174605,79295436
2021-05-24,126.01,127.94,125.94,124.133662696264,63092945
2021-05-25,127.82,128.32,126.32,123.938330418221,72009482
2021-05-26,126.955,127.39,126.42,123.88949734871,56575920
2021-05-27,126.44,127.64,125.08,122.356138966073,94625601
2021-05-28,125.57,125.8,124.55,121.701775834629,71311109
2021-06-01,125.08,125.35,123.94,121.379477575859,67637118
2021-06-02,124.28,125.24,124.05,122.141273460226,59278862
2021-06-03,124.68,124.85,123.13,120.6567481471,76229170
2021-06-04,124.07,126.16,123.85,122.951902414104,75169343
2021-06-07,126.17,126.32,124.8321,122.961669028006,71057550
2021-06-08,126.6,128.46,126.2101,123.782064595786,74403774
2021-06-09,127.21,127.75,126.52,124.16296253797,56877937
2021-06-10,127.02,128.19,125.94,123.166767919951,71186421
2021-06-11,126.53,127.44,126.1,124.377828043817,53522373
2021-06-14,127.82,130.54,127.07,127.434778195189,96906490
2021-06-15,129.94,130.6,129.39,126.614382627408,62746332
2021-06-16,130.37,130.89,128.461,127.112479936418,91339351
2021-06-17,129.8,132.55,129.65,128.71420461637,96721669
2021-06-18,130.71,131.51,130.24,127.415244967384,108953309
2021-06-21,130.3,132.41,129.21,129.212301925379,79663316
2021-06-22,132.13,134.08,131.62,130.853093060939,74783618
2021-06-23,133.77,134.32,133.23,130.579627871679,60214200
2021-06-24,134.45,134.64,132.93,130.296396068517,68710998
2021-06-25,133.46,133.89,132.81,130.003397651453,70783746
2021-06-28,133.41,135.245,133.35,131.634422173111,62111303
2021-06-29,134.8,136.49,134.35,133.148247327943,64556081
2021-06-30,136.17,137.41,135.87,133.763544003779,63261393
2021-07-01,136.6,137.33,135.76,134.066309034745,52485781
2021-07-02,137.9,140.0,137.745,136.693528174422,78945572
2021-07-06,140.07,143.15,140.07,138.705450638264,108181793
2021-07-07,143.535,144.89,142.66,141.195937183311,104911589
2021-07-08,141.58,144.06,140.665,139.896977534326,105575458
2021-07-09,142.75,145.65,142.6522,141.723334334027,99890800
2021-07-12,146.21,146.32,144.0,141.127570885996,76299719
2021-07-13,144.03,147.46,143.63,142.24096487084,100827099
2021-07-14,148.1,149.57,147.68,145.669046350493,127050785
2021-07-15,149.24,150.0,147.09,145.01468321905,106820297
2021-07-16,148.46,149.76,145.88,142.973460913501,93251426
2021-07-19,143.75,144.07,141.67,139.125415036056,121434571
2021-07-20,143.46,147.0997,142.96,142.73906217985,96350036
2021-07-21,145.53,146.13,144.63,142.006566137189,74993460
2021-07-22,145.935,148.195,145.81,143.373892083489,77338156
2021-07-23,147.55,148.7177,146.92,145.092816130267,71447416
2021-07-26,148.27,149.83,147.7,145.512780528059,72434089
2021-07-27,149.12,149.21,145.55,143.344592241783,104818578
2021-07-28,144.81,146.97,142.54,141.596368353299,118931191
2021-07-29,144.685,146.55,144.58,142.24096487084,54323047
2021-07-30,144.38,146.33,144.11,142.455830376688,70440626
2021-08-02,146.36,146.95,145.25,142.123765504015,62879961
2021-08-03,145.81,148.045,145.18,143.920822462009,64786618
2021-08-04,147.27,147.79,146.28,143.520391292021,56368271
2021-08-05,146.98,147.84,146.17,143.627824044945,46397674
2021-08-06,146.35,147.11,145.63,142.944161071795,54126813
2021-08-09,146.2,146.7,145.52,142.895254488699,48908689
2021-08-10,146.44,147.71,145.3,142.415969974363,69023081
2021-08-11,146.05,146.72,145.53,142.67028420646,48493463
2021-08-12,146.19,149.05,145.84,145.634023142052,73779113
2021-08-13,148.97,149.4444,148.27,145.839430791054,58846293
2021-08-16,148.535,151.19,146.47,147.815256748116,103558782
2021-08-17,150.23,151.68,149.09,146.905594302538,92229735
2021-08-18,149.8,150.72,146.15,143.159350037416,86325990
2021-08-19,145.03,148.0,144.5,143.491914802466,86960310
2021-08-20,147.44,148.5,146.78,144.949330978714,60549630
2021-08-23,148.31,150.19,147.89,146.43609110482,60131810
2021-08-24,149.45,150.86,149.15,146.348059255248,48606428
2021-08-25,149.81,150.32,147.8,145.115613361239,58991297
2021-08-26,148.35,149.12,147.51,144.313545398471,48597195
2021-08-27,147.48,148.75,146.83,145.350364960098,55802388
2021-08-30,149.0,153.49,148.61,149.77152007194,90956723
2021-08-31,152.66,152.8,151.29,148.509730228073,86453117
2021-09-01,152.83,154.98,152.34,149.174859758173,80313711
2021-09-02,153.87,154.72,152.4,150.289929852753,71171317
2021-09-03,153.76,154.63,153.09,150.925715432995,57866066
2021-09-07,154.97,157.26,154.39,153.263450104965,82278261
2021-09-08,156.98,157.04,153.975,151.718002079144,74420207
2021-09-09,155.49,156.11,153.95,150.700745150756,57305730
2021-09-10,155.0,155.48,148.7,145.712273675005,140893235
2021-09-13,150.63,151.42,148.75,146.279590038914,102404329
2021-09-14,150.35,151.07,146.91,144.88086176238,109296295
2021-09-15,148.56,149.44,146.37,145.77096157472,83281315
2021-09-16,148.44,148.97,147.221,145.536209975861,68034149
2021-09-17,148.82,148.82,145.76,142.865910538842,129868824
2021-09-20,143.8,144.84,141.27,139.814139753677,123478863
2021-09-21,143.93,144.6,142.78,140.293424268014,75833962
2021-09-22,144.45,146.43,143.7001,142.66050288984,76404341
2021-09-23,146.65,147.08,145.64,143.619071918514,64838170
2021-09-24,145.66,147.4701,145.56,143.707103768086,53477869
2021-09-27,145.47,145.96,143.82,142.190999692123,74150729
2021-09-28,143.25,144.75,141.69,138.806664141908,108972340
2021-09-29,142.47,144.45,142.03,139.706545270867,74602044
2021-09-30,143.66,144.378,141.28,138.405630160524,89056664
2021-10-01,141.9,142.92,139.1101,139.530481571723,94639581
2021-10-04,141.76,142.21,138.27,136.097239438412,98322008
2021-10-05,139.49,142.24,139.36,138.024158812378,80861062
2021-10-06,139.47,142.15,138.37,138.89469599148,83221119
2021-10-07,143.06,144.215,142.72,140.156485835346,61732656
2021-10-08,144.03,144.1781,142.56,139.775014487201,58773155
2021-10-11,142.27,144.81,141.81,139.686982637629,64452219
2021-10-12,143.23,143.25,141.0401,138.415411477143,73035859
2021-10-13,141.235,141.4,139.2,137.828532479996,78762721
2021-10-14,142.11,143.88,141.51,140.616207716445,69907100
2021-10-15,143.77,144.895,143.51,141.67258991131,67940334
2021-10-18,143.445,146.84,143.16,143.345195053179,85589175
2021-10-19,147.01,149.17,146.55,145.506866026004,76378894
2021-10-20,148.7,149.7539,148.12,145.99593185696,58418788
2021-10-21,148.81,149.64,147.87,146.21112082258,61420990
2021-10-22,149.69,150.18,148.64,145.43839680967,58883443
2021-10-25,148.68,149.37,147.6211,145.389490226574,50720556
2021-10-26,149.33,150.84,149.0101,146.054619756675,60893395
2021-10-27,149.36,149.73,148.49,145.594897875576,56094929
2021-10-28,149.82,153.165,149.72,149.233547657888,100077888
2021-10-29,147.215,149.94,146.4128,146.524122954392,124953168
2021-11-01,148.985,149.7,147.8,145.702492358386,73396551
2021-11-02,148.66,151.57,148.65,146.739311920013,68922374
2021-11-03,150.39,151.97,149.82,148.177165463023,54511534
2021-11-04,151.58,152.43,150.64,147.65875568221,60394616
2021-11-05,151.89,152.2,150.06,148.186946779642,65463883
2021-11-08,151.41,151.57,150.16,147.364121321585,55020868
2021-11-09,150.2,151.428,150.0601,147.726556344777,56573449
2021-11-10,150.02,150.13,147.85,144.895644947413,65187092
2021-11-11,148.96,149.43,147.681,144.846667241577,40999950
2021-11-12,148.43,150.4,147.48,146.923321969054,63245197
2021-11-15,150.37,151.88,149.43,146.933117510222,59222803
2021-11-16,149.94,151.488,149.34,147.912671626957,59256210
2021-11-17,150.995,155.0,150.99,150.351761377626,88807000
2021-11-18,153.71,158.67,153.05,154.642208408925,137827673
2021-11-19,157.65,161.02,156.5328,157.267413441774,117305597
2021-11-22,161.68,165.7,161.0,157.727803876639,117467889
2021-11-23,161.12,161.8,159.0601,158.109829982166,96041899
2021-11-24,160.75,162.14,159.64,158.628993664035,69463623
2021-11-26,159.565,160.45,156.36,153.603881045186,76959752
2021-11-29,159.37,161.19,158.7901,156.963751665586,88748217
2021-11-30,159.985,165.52,159.92,161.920295496264,174048056
2021-12-01,167.48,170.3,164.53,161.401131814395,152423003
2021-12-02,158.735,164.2,157.8,160.411782156493,136739174
2021-12-03,164.02,164.96,159.72,158.531038252362,118023116
2021-12-06,164.29,167.8799,164.28,161.939886578599,107496982
2021-12-07,169.08,171.58,168.34,167.680073702665,120405352
2021-12-08,172.125,175.96,170.7,171.500334757931,116998901
2021-12-09,174.91,176.75,173.92,170.990966617229,108923739
2021-12-10,175.205,179.63,174.69,175.780986248062,115402731
2021-12-13,181.115,182.13,175.53,172.146840474976,153237019
2021-12-14,175.25,177.74,172.21,170.76566917038,139380382
2021-12-15,175.11,179.5,172.3108,175.634053130552,131063257
2021-12-16,179.28,181.14,170.75,168.737992148739,150185843
2021-12-17,169.93,173.47,169.69,167.640891537996,195923441
2021-12-20,168.28,170.58,167.46,166.279311315734,107499114
2021-12-21,171.555,173.2,169.12,169.453066653955,91185905
2021-12-22,173.04,175.86,172.15,172.048885063302,92135303
2021-12-23,175.85,176.8499,175.27,172.675799698013,68356567
2021-12-27,177.085,180.42,177.07,176.642993870789,74919582
2021-12-28,180.16,181.33,178.53,175.624257589384,79144339
2021-12-29,179.33,180.63,178.14,175.712417459891,62348931
2021-12-30,179.47,180.57,178.09,174.556543602143,59773014
2021-12-31,178.085,179.23,177.26,173.939424508601,61661433
2022-01-03,177.83,182.88,177.71,178.288644786903,104701220
2022-01-04,182.63,182.94,179.12,176.025874777246,99310438
2022-01-05,179.61,180.17,174.64,171.343606099253,94537602
2022-01-06,172.7,175.3,171.64,168.483308078388,96903955
2022-01-07,172.89,174.14,171.03,168.649832278233,86709147
2022-01-10,169.08,172.5,168.17,168.669423360567,106765552
2022-01-11,172.32,175.18,170.82,171.500334757931,75937685
2022-01-12,176.12,177.18,174.82,171.941134110462,74805173
2022-01-13,175.78,176.62,171.79,168.669423360567,84505760
2022-01-14,171.34,173.78,171.09,169.531430983294,80440780
2022-01-18,171.51,172.54,169.405,166.328289021571,90500236
2022-01-19,170.0,171.08,165.94,162.831280824828,92914792
2022-01-20,166.98,169.68,164.18,161.146447744044,91420515
2022-01-21,164.415,166.33,162.3,159.089384098901,122848858
2022-01-24,160.02,162.3,154.7,158.31553634668,162706686
2022-01-25,158.98,162.76,157.02,156.513156771888,115798367
2022-01-26,163.5,164.3894,157.82,156.424996901382,108275308
2022-01-27,162.45,163.84,158.28,155.964606466517,121954638
2022-01-28,165.71,170.35,162.8,166.847452703441,179935660
2022-01-31,170.16,175.0,169.51,171.20646852291,115541590
2022-02-01,174.01,174.84,172.31,171.039944323066,86213911
2022-02-02,174.745,175.88,173.33,172.244795886649,84914256
2022-02-03,174.48,176.2399,172.12,169.364906783449,89418074
2022-02-04,171.68,174.1,170.68,169.080836089596,82465400
2022-02-07,172.86,173.9458,170.95,168.364849023377,77251204
2022-02-08,171.73,175.35,171.43,171.473998338326,74829217
2022-02-09,176.05,176.65,174.9,172.89616442876,71285038
2022-02-10,174.14,175.48,171.55,168.816018955515,90865899
2022-02-11,172.33,173.08,168.04,165.402820338474,98670687
2022-02-14,167.37,169.58,166.56,165.638213346545,86185530
2022-02-15,170.97,172.95,170.25,169.473157769716,64286320
2022-02-16,171.85,173.34,170.05,169.237764761644,61177398
2022-02-17,171.03,171.91,168.47,165.638213346545,69589344
2022-02-18,169.82,170.5413,166.19,164.088542710072,82772674
2022-02-22,164.98,166.69,162.15,161.165746193181,90457637
2022-02-23,165.54,166.15,159.75,156.997328341909,90009247
2022-02-24,152.58,162.85,152.0,159.616075556708,141147540
2022-02-25,163.84,165.12,160.8738,161.685572419339,91974222
2022-02-28,163.06,165.42,162.43,161.95038955342,95056629
2022-03-01,164.695,166.6,161.97,160.067245488845,83474425
2022-03-02,164.39,167.36,162.95,163.362747601851,79724750
2022-03-03,168.47,168.91,165.55,163.039082215752,76678441
2022-03-04,164.49,165.55,162.1,160.037821362836,83819592
2022-03-07,163.36,165.02,159.04,156.242109107678,96418845
2022-03-08,158.82,162.88,155.8,154.417813295121,131148280
2022-03-09,161.475,163.41,159.41,159.82204443877,91454905
2022-03-10,160.2,160.39,155.98,155.477081831445,105342033
2022-03-11,158.93,159.28,154.5,151.75983391231,96970102
2022-03-14,151.45,154.12,150.1,147.72872864908,108732111
2022-03-15,150.9,155.57,150.38,152.112923424418,92964302
2022-03-16,157.05,160.0,154.46,156.526542325765,102300157
2022-03-17,158.61,161.0,157.63,157.536770652073,75615376
2022-03-18,160.51,164.48,159.76,160.832272765079,122055535
2022-03-21,163.51,166.35,163.015,162.205398645498,89029269
2022-03-22,165.51,169.42,164.91,165.579365094527,80979755
2022-03-23,167.99,172.64,167.65,166.942682932943,98062674
2022-03-24,171.06,174.14,170.21,170.728587146099,90131418
2022-03-25,173.88,175.28,172.75,171.366109876293,80281664
2022-03-28,172.17,175.73,172.0,172.229217572557,90371916
2022-03-29,176.69,179.01,176.34,175.524719685562,100589440
2022-03-30,178.55,179.61,176.7,174.357562687206,92633154
2022-03-31,177.84,178.03,174.4,171.25822141426,103049285
2022-04-01,174.03,174.88,171.94,170.963980154171,78751328
2022-04-04,174.57,178.49,174.44,175.014701501407,76545983
2022-04-05,177.5,178.3,174.415,171.699583304395,70902999
2022-04-06,172.36,173.63,170.13,168.531585737428,89058782
2022-04-07,171.16,173.36,169.85,168.835635039521,77594650
2022-04-08,171.78,171.78,169.2,166.824986428907,76575508
2022-04-11,168.71,169.03,165.5,162.568296199609,72246706
2022-04-12,168.02,169.87,166.64,164.44163222218,79265181
2022-04-13,167.39,171.04,166.77,167.129035731,70618925
2022-04-14,170.62,171.27,165.04,162.117126267471,75329376
2022-04-18,163.92,166.5984,163.57,161.901349343405,69023941
2022-04-19,165.02,167.82,163.91,164.186623130102,67723833
2022-04-20,168.76,168.88,166.1,164.019886416051,67718110
2022-04-21,168.91,171.53,165.91,163.225435013809,87227768
2022-04-22,166.46,167.8699,161.5,158.684311566423,84882424
2022-04-25,161.12,163.17,158.46,159.75338814475,96046376
2022-04-26,162.25,162.34,156.72,153.79009860693,94008394
2022-04-27,155.91,159.79,155.38,153.564513640861,88063191
2022-04-28,159.25,164.515,158.93,160.498799336977,130216792
2022-04-29,161.84,166.2,157.25,154.623782177184,131747571
2022-05-02,156.71,158.23,153.27,154.927831479277,123055265
2022-05-03,158.15,160.71,156.32,156.418653863732,88966526
2022-05-04,159.67,166.48,159.26,162.833113333689,107521649
2022-05-05,163.85,164.08,154.95,153.760674480921,130525275
2022-05-06,156.01,159.44,154.18,154.486469589142,116124647
2022-05-09,154.925,155.83,151.49,149.359184675261,131577921
2022-05-10,155.52,156.74,152.93,151.765668973922,115366736
2022-05-11,153.5,155.45,145.81,143.897938675034,142689825
2022-05-12,142.77,146.2,138.8,140.027919027391,182602041
2022-05-13,144.59,148.105,143.11,144.497104153476,113990852
2022-05-16,145.55,147.5199,144.18,142.954989725355,86643781
2022-05-17,148.86,149.77,146.68,146.589272135577,78336254
2022-05-18,146.85,147.3601,139.9,138.318824056098,109742890
2022-05-19,139.88,141.66,136.6,134.910456498402,136095640
2022-05-20,139.09,140.7,132.61,135.146193735822,137426125
2022-05-23,137.79,143.26,137.65,140.568150196479,117726265
2022-05-24,140.805,141.97,137.33,137.866994351043,104132746
2022-05-25,138.43,141.785,138.34,138.024152509323,92482696
2022-05-26,137.39,144.34,137.14,141.226249984276,90601548
2022-05-27,145.39,149.68,145.26,146.982167531277,90978503
2022-05-31,149.07,150.66,146.84,146.196376739878,103718416
2022-06-01,149.9,151.74,147.68,146.068685736275,74286635
2022-06-02,147.83,151.27,146.86,148.524281959399,72348055
2022-06-03,146.9,147.97,144.46,142.797831567075,88570289
2022-06-06,147.03,148.5689,144.9,143.544332818904,71598380
2022-06-07,144.345,149.0,144.1,146.068685736275,67808150
2022-06-08,148.58,149.8697,147.46,145.332006869338,53950201
2022-06-09,147.08,147.95,142.53,140.106498106531,69472976
2022-06-10,140.28,140.76,137.06,134.694364030767,91566637
2022-06-13,132.87,135.2,131.44,129.537611962208,122207099
2022-06-14,133.13,133.89,131.48,130.401981832748,84784326
2022-06-15,134.29,137.34,132.16,133.024558599043,91532972
2022-06-16,132.08,132.39,129.04,127.749937911774,107961508
2022-06-17,130.065,133.079,129.81,129.223295645648,134520290
2022-06-21,133.42,137.06,133.32,133.456743534313,81000488
2022-06-22,134.79,137.76,133.91,132.945979519903,73409234
2022-06-23,136.82,138.59,135.63,135.814115908512,72433768
2022-06-24,139.9,141.91,139.77,139.143904387067,89116837
2022-06-27,142.695,143.49,140.965,139.143904387067,70207908
2022-06-28,142.13,143.422,137.325,134.998857962435,67315328
2022-06-29,137.46,140.67,136.67,136.757064858191,66242411
2022-06-30,137.25,138.37,133.7737,134.291646250175,98964467
2022-07-01,136.04,139.04,135.66,136.462393311416,71051552
2022-07-05,137.77,141.61,136.93,139.045680538142,73429641
2022-07-06,141.355,144.12,141.08,140.381524883521,74064254
2022-07-07,143.29,146.55,143.28,143.750602901647,66253709
2022-07-08,145.265,147.55,145.0,144.428347459229,64547798
2022-07-11,145.67,146.64,143.78,142.296889937558,63305113
2022-07-12,145.76,148.45,145.05,143.269306041914,77588759
2022-07-13,142.99,146.45,142.1201,142.905877800892,71185560
2022-07-14,144.08,148.95,143.25,145.832948498855,78140744
2022-07-15,149.78,150.86,148.2,147.502753930579,76259931
2022-07-18,150.74,151.57,146.7,144.457814613906,81420868
2022-07-19,147.92,151.23,146.91,148.318011876656,82982367
2022-07-20,151.12,153.72,150.37,150.321778394725,64823413
2022-07-21,154.5,155.57,151.94,152.590749304891,65086636
2022-07-22,155.39,156.28,153.41,151.353128808437,66675408
2022-07-25,154.01,155.04,152.28,150.233376930692,53623945
2022-07-26,152.265,153.085,150.8,148.907354970206,55138691
2022-07-27,152.58,157.33,152.16,154.00517272941,78620688
2022-07-28,156.98,157.64,154.41,154.55522628339,81378731
2022-07-29,161.24,163.63,159.5,159.623576887917,101786860
2022-08-01,161.01,163.59,160.89,158.641338398667,67829379
2022-08-02,160.1,162.41,159.63,157.167980664793,59907025
2022-08-03,160.84,166.59,160.75,163.179280218999,82507488
2022-08-04,166.005,167.19,164.43,162.86496390244,55474144
2022-08-05,163.21,165.85,163.0,162.639049049912,56696985
2022-08-08,166.37,167.81,164.2,162.166918759353,60362338
2022-08-09,164.02,165.82,163.25,162.216098997953,63135503
2022-08-10,167.68,169.34,166.9,166.465271612985,70170540
2022-08-11,170.06,170.99,168.19,165.727568033987,57149159
2022-08-12,169.82,172.17,169.4,169.2783812609,68039382
2022-08-15,171.52,173.39,171.345,170.350510462378,54091694
2022-08-16,172.78,173.71,171.6618,170.193133698859,56377050
2022-08-17,172.77,176.15,172.57,171.688212952296,79542037
2022-08-18,173.75,174.9,173.12,171.294771043497,62290075
2022-08-19,173.03,173.74,171.3101,168.707890493141,70346295
2022-08-22,169.69,169.86,167.135,164.822651643748,69026809
2022-08-23,167.08,168.71,166.65,164.488226021269,54147079
2022-08-24,167.32,168.11,166.245,164.783307452868,53841524
2022-08-25,168.78,170.14,168.35,167.242319382864,51218209
2022-08-26,170.57,171.05,163.56,160.937412794355,78960980
2022-08-29,161.145,162.9,159.82,158.734138105079,72724452
2022-08-30,162.13,162.56,157.72,156.304634318243,77906197
2022-08-31,160.305,160.58,157.14,154.642342253566,87991091
2022-09-01,156.64,158.42,154.67,155.370209784845,74229896
2022-09-02,159.75,160.362,154.965,153.255459525049,76957768
2022-09-06,156.47,157.09,153.69,151.996445416891,73295539
2022-09-07,154.825,156.67,153.61,153.403000240848,87449574
2022-09-08,154.64,156.36,152.68,151.927593082851,84923847
2022-09-09,155.47,157.82,154.75,154.789882969366,68081006
2022-09-12,159.59,164.26,159.3,160.750527887675,104955962
2022-09-13,159.9,160.54,153.37,151.317758124212,122656614
2022-09-14,154.785,157.1,153.6106,152.76365713905,87965409
2022-09-15,154.65,155.24,151.38,149.871859109375,90481110
2022-09-16,151.21,151.35,148.37,148.229239140138,162278841
2022-09-19,149.31,154.56,149.1,151.947265178291,81474246
2022-09-20,153.4,158.08,153.08,154.327588726527,107689796
2022-09-21,157.34,158.74,153.6,151.199725551572,101696790
2022-09-22,152.38,154.47,150.91,150.235792875014,86264792
2022-09-23,151.19,151.47,148.56,147.963665851698,96029909
2022-09-26,149.66,153.7701,149.64,148.298091474178,93339409
2022-09-27,152.74,154.72,149.945,149.271860198456,84442741
2022-09-28,147.64,150.6414,144.84,147.383339036219,146691387
2022-09-29,146.1,146.72,140.68,140.144007914312,128138237
2022-09-30,141.28,143.1,138.0,135.934179490159,124925274
2022-10-03,138.21,143.07,137.685,140.114499771152,114311663
2022-10-04,145.03,146.22,144.26,143.704657188946,87830064
2022-10-05,144.075,147.38,143.01,143.999738620545,79470968
2022-10-06,145.81,147.54,145.22,143.045641991707,68402169
2022-10-07,142.54,143.1,139.445,137.793192509236,85925559
2022-10-10,140.42,141.89,138.5729,138.117782083996,74899002
2022-10-11,139.9,141.35,138.22,136.701391212318,77033672
2022-10-12,139.13,140.36,138.16,136.071884158239,70433744
2022-10-13,134.99,143.59,134.37,140.645646348031,113223975
2022-10-14,144.31,144.52,138.19,136.111228349119,88597969
2022-10-17,141.065,142.9,140.27,140.075155580272,85250939
2022-10-18,145.49,146.7,140.61,141.39318597475,99136610
2022-10-19,141.69,144.9492,141.5,141.50138249967,61758340
2022-10-20,143.02,145.89,142.65,141.03908825683,64521989
2022-10-21,142.87,147.8479,142.649,144.855474772184,86548609
2022-10-24,147.185,150.23,146.0,146.99973317514,75981918
2022-10-25,150.09,152.49,149.36,149.842350966215,74732290
2022-10-26,150.96,151.99,148.04,146.90137269794,88436172
2022-10-27,148.07,149.046,144.13,142.425970985348,109180150
2022-10-28,148.2,157.5,147.82,153.186607191009,164762371
2022-10-31,153.155,154.24,151.92,150.825955738213,97943171
2022-11-01,155.08,155.45,149.13,148.180058901538,80379345
2022-11-02,148.945,152.17,145.0,142.652200082908,93604623
2022-11-03,142.06,142.8,138.75,136.603030735118,97918516
2022-11-04,142.09,142.67,134.38,136.337457446679,140814796
2022-11-07,137.11,139.145,135.671,136.869486836917,83374628
2022-11-08,140.41,141.43,137.49,137.440925811618,89908477
2022-11-09,138.5,138.55,134.5933,132.879266410128,74917794
2022-11-10,141.24,146.87,139.5,144.702141748762,118854028
2022-11-11,145.82,150.01,144.37,147.490369849457,93979665
2022-11-14,148.97,150.28,147.43,146.091329601052,73374114
2022-11-15,152.215,153.59,148.5613,147.825351317385,89868332
2022-11-16,149.13,149.87,147.29,146.593801802944,64218266
2022-11-17,146.43,151.48,146.15,148.49531425324,80389400
2022-11-18,152.305,152.7,149.97,149.056900831826,74829573
2022-11-21,150.16,150.37,147.715,145.825314905932,58724070
2022-11-22,148.13,150.42,146.925,147.963284863002,51804132
2022-11-23,149.45,151.83,149.34,148.840148117284,58301395
2022-11-25,148.305,148.88,147.12,145.923838867088,35195860
2022-11-28,145.14,146.64,143.38,142.091256778147,69346522
2022-11-29,144.29,144.81,140.355,139.086275962911,83763803
2022-11-30,141.395,148.72,140.55,145.845019698163,111380880
2022-12-01,148.21,149.13,146.61,146.120886789398,71250416
2022-12-02,145.96,148.0,145.65,145.628266983622,65447446
2022-12-05,147.77,150.9199,145.77,144.465684241989,68826442
2022-12-06,147.075,147.3,141.92,140.800592887013,64727186
2022-12-07,142.19,143.37,140.0,138.859670852254,69721094
2022-12-08,142.36,143.52,141.1,140.544430588009,62128338
2022-12-09,142.34,145.57,140.9,140.061663178348,76097011
2022-12-12,142.7,144.5,141.06,142.357271473266,70462654
2022-12-13,149.5,149.9692,144.24,143.322806292588,93886161
2022-12-14,145.35,146.655,141.16,141.096164770479,82291182
2022-12-15,141.11,141.8,136.025,134.485206976959,98931907
2022-12-16,136.685,137.65,133.73,132.524580149969,160156900
2022-12-19,135.11,135.2,131.32,130.416167381246,79592614
2022-12-20,131.39,133.25,129.89,130.347200608438,77432819
2022-12-21,132.98,136.81,132.75,133.450705384829,85927993
2022-12-22,134.352,134.56,130.3,130.278233835629,77852108
2022-12-23,130.92,132.415,129.64,129.913695179354,63814893
2022-12-27,131.38,131.41,128.72,128.110706690213,69007830
2022-12-28,129.67,131.0275,125.87,124.179600640117,85438391
2022-12-29,127.99,130.4814,127.73,127.696906053361,75703710
2022-12-30,128.41,129.95,127.43,128.012182729057,77034209
2023-01-03,130.28,130.9,124.17,123.223918216911,112117471
2023-01-04,126.89,128.6557,125.08,124.494877315814,89113633
2023-01-05,127.13,127.77,124.76,123.174656236333,80962708
2023-01-06,126.01,130.29,124.89,127.706758449476,87754715
2023-01-09,130.465,133.41,129.89,128.228935443599,70790813
2023-01-10,130.26,131.2636,128.12,128.8003744183,63896155
2023-01-11,131.25,133.51,130.46,131.519635746185,69458949
2023-01-12,133.88,134.26,131.44,131.440816577261,71379648
2023-01-13,132.03,134.92,131.66,132.770890052858,57809719
2023-01-17,134.83,137.29,134.13,133.93347279449,63646627
2023-01-18,136.815,138.61,135.03,133.214247878056,69672800
2023-01-19,134.08,136.25,133.77,133.273362254749,58280413
2023-01-20,135.28,138.02,134.22,135.834985244787,80223626
2023-01-23,138.12,143.315,137.9,139.027161586218,81760313
2023-01-24,140.305,143.16,140.3,140.426201834623,66435142
2023-01-25,140.89,142.43,138.81,139.766091294883,65799349
2023-01-26,143.17,144.25,141.9,141.835094479143,54105068
2023-01-27,143.155,147.23,143.08,143.776016513902,70555843
2023-01-30,144.955,145.55,142.85,140.889264452053,64015274
2023-01-31,142.7,144.34,142.28,142.160223550956,65874459
2023-02-01,143.97,146.61,141.32,143.283396708126,77663633
2023-02-02,148.9,151.18,148.17,148.593838214396,118338980
2023-02-03,148.03,157.38,147.83,152.21951998491,154357337
2023-02-06,152.575,153.1,150.78,149.490406260909,69858306
2023-02-07,150.64,155.23,150.64,152.367305926643,83322551
2023-02-08,153.88,154.58,151.168,149.677601787104,64120079
2023-02-09,153.775,154.33,150.42,148.643100194973,56007143
2023-02-10,149.46,151.3401,149.22,149.007638851248,57450708
2023-02-13,150.952,154.26,150.92,151.809981042742,62199013
2023-02-14,152.12,153.77,150.86,151.168599907365,61707573
2023-02-15,153.11,155.5,152.88,153.270356550986,65669252
2023-02-16,153.51,156.33,153.3475,151.671837413584,68167942
2023-02-17,152.35,153.0,150.85,150.527218771988,59144118
2023-02-21,150.2,151.3,148.405,146.511186124318,58867230
2023-02-22,148.87,149.95,147.16,146.935484413875,51011305
2023-02-23,150.09,150.34,147.24,147.418987115929,48394249
2023-02-24,147.11,147.19,145.7202,144.764655955676,55469606
2023-02-27,147.71,149.17,147.45,145.958611607685,44998470
2023-02-28,147.05,149.08,146.83,145.455374101466,50546998
2023-03-01,146.83,147.2285,145.01,143.383219664094,55478991
2023-03-02,144.38,146.71,143.9,143.975263789058,52279761
2023-03-03,148.045,151.11,147.33,149.027373655413,70732297
2023-03-06,153.785,156.3,153.46,151.790246238577,87558028
2023-03-07,153.7,154.0299,151.13,149.589815574129,56182028
2023-03-08,152.81,153.47,151.83,150.842975638635,47204791
2023-03-09,153.559,154.535,150.225,148.593207963773,53833582
2023-03-10,150.21,150.94,147.6096,146.530920928484,68572400
2023-03-13,147.805,153.14,147.7,148.474799138781,84457122
2023-03-14,151.28,153.4,150.1,150.566688380319,73695893
2023-03-15,151.19,153.245,149.92,150.961384463628,77167866
2023-03-16,152.16,156.46,151.64,153.783461459287,76254419
2023-03-17,156.08,156.74,154.28,152.944732282256,98944633
2023-03-20,155.07,157.82,154.15,155.31290878211,73641415
2023-03-21,157.32,159.4,156.54,157.167980373662,73938285
2023-03-22,159.3,162.14,157.81,155.737207071667,75701811
2023-03-23,158.83,161.5501,157.68,156.822621300767,67622060
2023-03-24,158.86,160.34,157.85,158.125118375687,59256343
2023-03-27,159.94,160.77,157.87,156.18124016539,52390266
2023-03-28,157.97,158.49,155.98,155.559593834178,45992152
2023-03-29,159.37,161.05,159.35,158.638223283989,51305691
2023-03-30,161.53,162.47,161.271,160.207140215142,49501689
2023-03-31,162.44,165.0,161.91,162.713460344155,68749792
2023-04-03,164.27,166.29,164.22,163.966620408661,56976187
2023-04-04,166.595,166.84,165.11,163.433780696194,46278295
2023-04-05,164.74,165.05,161.8,161.588576506724,51511744
2023-04-06,162.43,164.9584,162.0,162.476642694169,45390123
2023-04-10,161.42,162.03,160.08,159.881515946412,47716882
2023-04-11,162.35,162.36,160.51,158.667825490237,47644217
2023-04-12,161.22,162.06,159.78,157.977107344446,50133062
2023-04-13,161.63,165.8,161.42,163.364708881614,68445649
2023-04-14,164.59,166.32,163.82,163.019349808719,49386480
2023-04-17,165.09,165.39,164.03,163.039084612884,40713618
2023-04-18,166.1,167.41,165.65,164.262642471143,49923008
2023-04-19,165.8,168.16,165.54,165.407261112739,47720166
2023-04-20,166.09,167.87,165.56,164.440255708632,52456377
2023-04-21,165.05,166.4521,164.49,162.831869169147,58337341
2023-04-24,165.0,165.6,163.89,163.137758633712,41949581
2023-04-25,165.19,166.305,163.73,161.598443908807,48714063
2023-04-26,163.055,165.28,162.8,161.588576506724,44105745
2023-04-27,165.19,168.56,165.19,166.176918475191,64902329
2023-04-28,168.49,169.85,167.8801,167.430078539698,55275851
2023-05-01,169.28,170.45,168.64,167.341271920953,52472936
2023-05-02,170.09,170.35,167.54,166.305194702267,48425696
2023-05-03,169.5,170.92,167.16,165.22964787525,65136018
2023-05-04,164.89,167.04,164.31,163.591659129517,81235427
2023-05-05,170.975,174.3,170.76,171.268497949878,113453171
2023-05-08,172.48,173.85,172.11,171.199426135299,55962793
2023-05-09,173.05,173.54,171.6,169.492365574987,45326874
2023-05-10,173.02,174.03,171.9,171.253696846754,53724501
2023-05-11,173.85,174.59,172.17,171.446111187367,49514676
2023-05-12,173.62,174.06,171.0,170.518575391591,45533138
2023-05-15,173.16,173.21,171.47,170.024519137921,37266659
2023-05-16,171.99,173.1383,171.7991,170.024519137921,42110293
2023-05-17,171.71,172.925,170.4201,170.637148892472,57951604
2023-05-18,173.0,175.24,172.58,172.969094409793,65496657
2023-05-19,176.39,176.39,174.94,173.0777867856,55809475
2023-05-22,173.98,174.71,173.45,172.129198778554,43570932
2023-05-23,173.13,173.3794,171.275,169.520581759178,50747263
2023-05-24,171.09,172.4183,170.52,169.797253261233,45143488
2023-05-25,172.41,173.895,171.69,170.933582644674,56058258
2023-05-26,173.32,175.77,173.11,173.344577162582,54834975
2023-05-30,176.96,178.99,176.57,175.192347551307,55964401
2023-05-31,177.325,179.35,176.76,175.14294192594,99313268
2023-06-01,177.7,180.12,176.9306,177.949181446785,68901809
2023-06-02,181.03,181.78,179.26,178.798958203097,61996913
2023-06-05,182.63,184.951,178.035,177.445244068041,121946497
2023-06-06,179.965,180.12,177.43,177.079642440326,64848374
2023-06-07,178.44,181.21,177.32,175.706166055124,61944615
2023-06-08,177.895,180.84,177.46,178.423475450308,50214881
2023-06-09,181.5,182.23,180.63,178.80883932817,48899973
2023-06-12,181.27,183.89,180.97,181.605197723941,54754995
2023-06-13,182.8,184.15,182.44,181.130903720418,54929129
2023-06-14,183.37,184.39,182.02,181.763295725115,57462882
2023-06-15,183.96,186.52,183.78,183.798807490235,65433166
2023-06-16,186.73,186.99,184.27,182.721764857235,101256225
2023-06-20,184.41,186.1,184.41,182.810694982895,49799092
2023-06-21,184.9,185.41,182.5901,181.773176850189,49515697
2023-06-22,183.74,187.045,183.67,184.777038872501,51245327
2023-06-23,185.55,187.56,185.01,184.460842870152,53116996
2023-06-26,186.83,188.05,185.23,183.067604234804,48088661
2023-06-27,185.89,188.39,185.67,185.824438130281,50730846
2023-06-28,187.93,189.9,187.6,187.000292014015,51216801
2023-06-29,189.08,190.07,188.94,187.336250266511,46347308
2023-06-30,191.63,194.48,191.26,191.664183048658,85213216
2023-07-03,193.78,193.88,191.76,190.172133162575,31458198
2023-07-05,191.565,192.98,190.62,189.055566029281,46920261
2023-07-06,189.84,192.02,189.2,189.529860032804,45156009
2023-07-07,191.41,192.67,190.24,188.413292899511,46814998
2023-07-10,189.26,189.99,187.035,186.367900009318,59922163
2023-07-11,189.16,189.3,186.6,185.844200380428,46638119
2023-07-12,189.68,191.7,188.47,187.514110517832,60750248
2023-07-13,190.5,191.19,189.78,188.274957148483,41342338
2023-07-14,190.23,191.1799,189.63,188.423174024584,41616242
2023-07-17,191.9,194.32,191.81,191.683945298805,50520159
2023-07-18,193.35,194.33,192.415,191.427036046896,48353774
2023-07-19,193.1,198.23,192.65,192.780750181952,80507323
2023-07-20,195.09,196.47,192.495,190.834168542493,59581196
2023-07-21,194.1,194.97,191.23,189.658314658759,71951683
2023-07-24,193.41,194.91,192.25,190.458685789704,45505097
2023-07-25,193.33,194.44,192.915,191.318343671089,37283201
2023-07-26,193.67,195.64,193.32,192.187882677548,47471868
2023-07-27,196.02,197.2,192.55,190.923098668153,47460180
2023-07-28,194.67,196.626,194.14,193.50207231231,48291443
2023-07-31,196.06,196.49,195.26,194.11470206686,38824113
2023-08-01,196.235,196.73,195.28,193.279746998158,35281426
2023-08-02,195.04,195.18,191.8507,190.290706663456,50389327
2023-08-03,191.57,192.37,190.69,188.897468028107,62243282
2023-08-04,185.52,187.38,181.92,179.82659521073,115956841
2023-08-07,182.13,183.13,177.35,176.723921937683,97576069
2023-08-08,179.69,180.27,177.58,177.662628819656,67823003
2023-08-09,180.87,180.93,177.01,176.071767682839,60378492
2023-08-10,179.48,180.75,177.6,175.854382931225,54686851
2023-08-11,177.32,178.62,176.55,175.913669681665,52036672
2023-08-14,177.97,179.69,177.305,177.566045115426,43675627
2023-08-15,178.88,179.48,177.05,175.577257916708,43622593
2023-08-16,177.13,178.54,176.5,174.706545113289,46964857
2023-08-17,177.14,177.5054,173.48,172.163667948758,66062882
2023-08-18,172.3,175.1,171.96,172.648496668844,61172150
2023-08-21,175.07,176.13,173.735,173.984249264998,46311879
2023-08-22,177.06,177.68,176.25,175.359579715853,42084245
2023-08-23,178.52,181.55,178.325,179.208526085512,52722752
2023-08-24,180.674,181.104,176.01,174.51855030346,54945798
2023-08-25,177.38,179.15,175.82,176.725015703033,51449594
2023-08-28,180.09,180.59,178.545,178.288340963717,43820697
2023-08-29,179.695,184.9,179.5,182.176865188077,53003948
2023-08-30,184.94,187.85,184.74,185.669610865428,60813888
2023-08-31,187.84,189.12,187.48,185.887289066283,60794467
2023-09-01,189.485,189.92,188.28,187.460508790642,45766503
2023-09-05,188.28,189.98,187.61,187.697975918847,45280027
2023-09-06,188.4,188.85,181.47,180.979635083376,81755816
2023-09-07,175.18,178.21,173.54,175.686097017135,112488803
2023-09-08,178.35,180.239,177.79,176.299553764998,65602066
2023-09-11,180.07,180.3,177.34,177.467100478674,58953052
2023-09-12,179.49,180.13,174.82,174.439394594058,90370192
2023-09-13,176.51,177.3,173.98,172.371451685938,84267928
2023-09-14,174.0,176.1,173.58,173.885304628246,60895757
2023-09-15,176.48,176.495,173.82,173.163008779955,109259461
2023-09-18,176.48,179.38,176.17,176.091770027819,67257573
2023-09-19,177.52,179.63,177.13,177.180161032093,51826941
2023-09-20,179.26,179.695,175.4,173.637943036365,58436181
2023-09-21,174.55,176.3,173.86,172.094406703032,63149116
2023-09-22,174.67,177.079,174.05,172.9453305791,56725385
2023-09-25,174.2,176.97,174.15,174.221716393203,46172740
2023-09-26,174.82,175.2,171.66,170.145197359014,64588945
2023-09-27,172.62,173.04,169.05,168.631344416706,66921808
2023-09-28,169.34,172.03,167.62,168.888600472262,56294419
2023-09-29,172.02,173.07,170.341,169.403112583373,51861083
2023-10-02,171.22,174.3,170.93,171.916306356878,52164535
2023-10-03,172.255,173.63,170.82,170.580553760724,49594613
2023-10-04,171.09,174.21,170.97,171.827256183801,53020286
2023-10-05,173.79,175.45,172.68,173.064064143203,48527918
2023-10-06,173.8,177.99,173.18,175.616835771409,57266675
2023-10-09,176.81,179.05,175.8,177.101005322691,42390772
2023-10-10,178.1,179.72,177.95,176.507337502178,43698019
2023-10-11,178.2,179.85,177.6,177.902456880383,47551098
2023-10-12,180.07,182.34,179.04,178.802853074828,56743119
2023-10-13,181.42,181.93,178.14,176.962482831238,51456082
2023-10-16,176.75,179.075,176.51,176.83385480346,52516984
2023-10-17,176.645,178.42,174.8,175.280424006451,57549350
2023-10-18,175.58,177.575,175.11,173.984249264998,54764375
2023-10-19,176.04,177.84,175.19,173.60825964534,59302863
2023-10-20,175.31,175.42,172.64,171.055488017134,64244028
2023-10-23,170.91,174.01,169.93,171.174221581237,55980109
2023-10-24,173.05,173.67,171.45,171.609577982946,43816644
2023-10-25,171.88,173.06,170.65,169.294273482946,57156962
2023-10-26,170.37,171.3775,165.67,165.12870427568,70625258
2023-10-27,166.91,168.96,166.83,166.444667944483,58499129
2023-10-30,169.02,171.17,168.87,168.492821925253,51130955
2023-10-31,169.35,170.9,167.9,168.967756181663,44846017
2023-11-01,171.0,174.23,170.12,172.133984557733,56934906
2023-11-02,175.52,177.78,175.46,175.69599148081,77334752
2023-11-03,174.24,176.82,173.35,174.78570082269,79829246
2023-11-06,176.38,179.43,176.21,177.338472450896,63841310
2023-11-07,179.18,182.44,178.97,179.901138542777,70529966
2023-11-08,182.35,183.45,181.59,180.959846156025,49340282
2023-11-09,182.96,184.12,181.81,180.484911899615,53763540
2023-11-10,183.97,186.565,183.53,184.670270034231,66177922
2023-11-13,185.82,186.03,184.21,183.085117501749,43627519
2023-11-14,187.7,188.11,186.3,185.700619180345,60108378
2023-11-15,187.845,189.5,187.78,186.265329770042,53790499
2023-11-16,189.57,190.96,188.65,187.949554335805,54412915
2023-11-17,190.25,190.38,188.57,187.929739929149,50941404
2023-11-20,189.89,191.905,189.88,189.67340771488,46538614
2023-11-21,191.41,191.52,189.74,188.87092424531,38134485
2023-11-22,191.49,192.93,190.825,189.534706868287,39630011
2023-11-24,190.87,190.9,189.25,188.207141622333,24048344
2023-11-27,189.92,190.67,188.9,188.028811962429,40552609
2023-11-28,189.78,191.08,189.4,188.633151365438,38415419
2023-11-29,190.9,192.09,188.97,187.612709422652,43014224
2023-11-30,189.84,190.32,188.19,188.187327215677,48794366
2023-12-01,190.33,191.56,189.23,189.465356444991,45704823
2023-12-04,189.98,190.05,187.4511,187.67215264262,43389519
2023-12-05,190.21,194.4,190.18,191.625126770499,66628398
2023-12-06,194.45,194.76,192.11,190.535334404417,40895115
2023-12-07,193.63,195.0,193.59,192.46723905338,47477655
2023-12-08,194.2,195.99,193.67,193.893876332615,53406358
2023-12-11,193.11,193.49,191.42,191.387353890627,60943699
2023-12-12,193.08,194.72,191.721,192.903155999813,52696900
2023-12-13,195.09,198.0,194.85,196.122997081419,70404183
2023-12-14,198.02,199.62,196.16,196.271605131339,66831572
2023-12-15,197.53,198.3999,197.0,195.736616151626,128538401
2023-12-18,196.09,196.63,194.39,194.072205992519,55751861
2023-12-19,196.16,196.95,195.89,195.112462341961,40233138
2023-12-20,196.9,197.68,194.83,193.022042439749,52242815
2023-12-21,196.1,197.08,193.5,192.873434389829,46482549
2023-12-22,195.18,195.41,192.97,191.803456430403,37149570
2023-12-26,193.61,193.89,192.83,191.258560247362,28919310
2023-12-27,192.49,193.5,191.09,191.357632280642,47899806
2023-12-28,194.14,194.66,193.17,191.783642023747,34049898
2023-12-29,193.9,194.4,191.725,190.743385674305,42672148
2024-01-02,187.15,188.44,183.885,183.917322581302,82488674
2024-01-03,184.22,185.88,183.43,182.540221318708,58414460
2024-01-04,182.15,183.0872,180.88,180.221935739952,71983570
2024-01-05,181.99,182.76,180.17,179.498709897007,62196924
2024-01-08,182.085,185.6,181.5,183.838064954678,59144470
2024-01-09,183.92,185.15,182.73,183.421962414901,42841809
2024-01-10,184.35,186.4,183.92,184.462218764343,46792908
2024-01-11,186.54,187.05,183.62,183.867786564662,49128408
2024-01-12,186.06,186.74,185.19,184.194724274486,40477782
2024-01-16,182.16,184.26,180.934,181.925974712371,65603041
2024-01-17,181.27,182.93,180.3,180.984790396209,47317433
2024-01-18,186.09,189.14,185.83,186.879576376379,78005754
2024-01-19,189.33,191.95,188.82,189.782386951488,68902985
2024-01-22,192.3,195.33,192.26,192.090765326916,60133852
2024-01-23,195.02,195.75,193.8299,193.36879455623,42355590
2024-01-24,195.42,196.38,194.34,192.695104729925,53463269
2024-01-25,195.22,196.2675,193.1125,192.3681670201,54822126
2024-01-26,194.27,194.76,191.94,190.634406437697,44594011
2024-01-29,192.01,192.2,189.58,189.950809408064,47145622
2024-01-30,190.94,191.8,187.47,186.295051380026,55859370
2024-01-31,187.04,187.095,184.35,182.688829368628,55467803
2024-02-01,183.985,186.95,183.82,185.12600138732,64885408
2024-02-02,179.86,187.33,179.25,184.12537385119,102551680
2024-02-05,188.15,189.25,185.84,185.938392060217,69668820
2024-02-06,186.86,189.31,186.7695,187.543358999356,43490759
2024-02-07,190.64,191.05,188.61,187.652338235964,53438955
2024-02-08,189.385,189.535,187.35,186.57245307321,40962046
2024-02-09,188.65,189.99,188.0,187.335307729468,45155216
2024-02-12,188.415,188.67,186.79,185.648942767116,41781934
2024-02-13,185.77,186.21,183.5128,183.555866255021,56529529
2024-02-14,185.32,185.53,182.44,182.67300459826,54630517
2024-02-15,183.55,184.49,181.35,182.385330575271,65434496
2024-02-16,183.42,184.85,181.665,180.847762521362,49752465
2024-02-20,181.79,182.43,180.0,180.103777979148,53665553
2024-02-21,181.94,182.8888,180.66,180.857682315258,41529674
2024-02-22,183.48,184.955,182.46,182.891240063976,52292208
2024-02-23,185.01,185.04,182.23,181.056078193182,45119677
2024-02-26,182.24,182.76,180.65,179.706986223301,40867421
2024-02-27,181.1,183.9225,179.56,181.16519592604,54318851
2024-02-28,182.51,183.12,180.13,179.964900864602,48953939
2024-02-29,181.27,182.57,179.53,179.300274673557,136682597
2024-03-01,179.55,180.53,177.38,178.219017138873,73563082
2024-03-04,176.15,176.9,173.79,173.695591122212,81510101
2024-03-05,170.76,172.04,169.62,168.755533761912,95132355
2024-03-06,171.06,171.24,168.68,167.763554372293,68587707
2024-03-07,169.15,170.73,168.49,167.644516845539,71765061
2024-03-08,169.0,173.7,168.94,169.360641189579,76267041
2024-03-11,172.94,174.38,172.05,171.364439556609,58929918
2024-03-12,173.15,174.03,171.01,171.840589663626,59544927
2024-03-13,172.77,173.185,170.76,169.757432945427,51948951
2024-03-14,172.91,174.3078,172.05,171.612434404013,72571635
2024-03-15,171.17,172.62,170.285,171.235482235958,121752699
2024-03-18,175.57,177.71,173.52,172.326659564539,75604184
2024-03-19,174.34,176.605,173.03,174.667730924039,55215244
2024-03-20,175.72,178.67,175.09,177.236957543151,53423102
2024-03-21,177.05,177.49,170.84,169.995507998935,106181270
2024-03-22,171.76,173.05,170.06,170.898209243488,71160138
2024-03-25,170.565,171.94,169.45,169.479678716333,54288328
2024-03-26,170.0,171.42,169.58,168.348822212168,57388449
2024-03-27,170.41,173.6,170.11,171.919948014795,60273265
2024-03-28,171.75,172.23,170.51,170.104625731793,65672690
2024-04-01,171.19,171.25,169.475,168.666255616846,43772506
2024-04-02,169.08,169.34,168.2302,167.4858001432,49013991
2024-04-03,168.79,170.68,168.58,168.289303448791,45571129
2024-04-04,170.29,171.92,168.82,167.465960555408,53355055
2024-04-05,169.59,170.39,168.95,168.219864891518,41975776
2024-04-08,169.03,169.2,168.24,167.098928181249,37216858
2024-04-09,168.7,170.08,168.35,168.309143036583,42231444
2024-04-10,168.8,169.09,167.11,166.434301990204,49709336
2024-04-11,168.34,175.46,168.16,173.636072358835,91070275
2024-04-12,174.26,178.36,174.21,175.133961237159,101670886
2024-04-15,175.36,176.63,172.5,171.304920793232,73531773
2024-04-16,171.75,173.76,168.27,168.021469013594,73711235
2024-04-17,169.61,170.65,168.0,166.65253745592,50901210
2024-04-18,168.03,168.64,166.55,165.700237241887,43122903
2024-04-19,166.21,166.4,164.075,163.676599287065,68149377
2024-04-22,165.515,167.26,164.77,164.509861974344,48116443
2024-04-23,165.35,167.05,164.92,165.56136012734,49537761
2024-04-24,166.54,169.3,166.21,167.664356433331,48251835
2024-04-25,169.525,170.61,168.1511,168.5273785023,50558329
2024-04-26,169.88,171.34,169.18,167.942110662425,44838354
2024-04-29,173.37,176.03,173.1,172.108424098823,68169419
2024-04-30,173.33,174.99,170.0,168.963849433732,65934776
2024-05-01,169.58,172.705,169.11,167.942110662425,50383147
2024-05-02,172.51,173.415,170.89,171.642193785702,94214915
2024-05-03,186.645,187.0,182.66,181.909180468254,163224109
2024-05-06,182.354,184.2,180.42,180.252574887591,78569667
2024-05-07,183.45,184.9,181.32,180.937040666428,77305771
2024-05-08,182.85,183.07,181.45,181.274313658898,45057087
2024-05-09,182.56,184.66,182.11,183.0896359419,48982972
2024-05-10,184.9,185.09,182.13,181.829822117085,50759496
2024-05-13,185.435,187.1,184.62,185.038291526744,72044809
2024-05-14,187.51,188.3,186.29,186.180625836685,52393619
2024-05-15,187.91,190.65,187.37,188.455361114741,70399988
2024-05-16,190.47,191.095,189.6601,188.574561216648,52845230
2024-05-17,189.51,190.81,189.18,188.604361242124,41282925
2024-05-20,189.325,191.9199,189.01,189.766562235716,44361275
2024-05-21,191.09,192.73,190.9201,191.067830014866,42309401
2024-05-22,192.265,192.8231,190.27,189.627495450158,34648547
2024-05-23,190.98,191.0,186.625,185.634292036278,51005924
2024-05-24,188.82,190.58,188.0404,188.713628002206,36326975
2024-05-28,191.51,193.0,189.1,188.723561344031,52280051
2024-05-29,189.61,192.247,189.51,189.021561598798,53068016
2024-05-30,190.76,192.18,190.63,190.014895781355,49947941
2024-05-31,191.44,192.57,189.91,190.96849659661,75158277
2024-06-03,192.9,194.99,192.52,192.736631441562,50080539
2024-06-04,194.635,195.32,193.0342,193.05449837998,47471445
2024-06-05,195.4,196.9,194.87,194.564366337467,54156785
2024-06-06,195.685,196.5,194.17,193.183631823713,41181753
2024-06-07,194.65,196.94,194.14,195.577567203675,53103912
2024-06-10,196.9,197.3,192.15,191.832697335435,97262077
2024-06-11,193.65,207.16,193.63,205.769175916712,172373296
2024-06-12,207.37,220.2,206.9,211.64971427745,198134293
2024-06-13,214.74,216.75,211.6,212.811915271042,97862729
2024-06-14,213.85,215.17,211.3,211.073580451567,70122748
2024-06-17,213.37,218.95,212.72,215.225717334656,93728300
2024-06-18,217.59,218.63,213.0,212.86158198017,79943254
2024-06-20,213.93,214.24,208.85,208.282311398581,86172451
2024-06-21,210.39,211.89,207.11,206.106909538781,246421353
2024-06-24,207.72,212.7,206.59,206.752576757443,80727006
2024-06-25,209.15,211.38,208.61,207.676377547221,56713868
2024-06-26,211.5,214.86,210.64,211.82851443031,66213186
2024-06-27,214.69,215.7395,212.35,212.672848485484,49772707
2024-06-28,215.77,216.07,210.3,209.216045530185,82542718
2024-07-01,212.09,217.51,211.92,215.30518406926,60402929
2024-07-02,216.15,220.38,215.1,218.801720391861,58046178
2024-07-03,220.0,221.55,219.03,220.073188145535,37369801
2024-07-05,221.65,226.45,221.65,224.831258879983,60412408
2024-07-08,227.09,227.85,223.25,226.301393470168,59085861
2024-07-09,227.93,229.4,226.3721,227.155660867167,48169822
2024-07-10,229.3,233.08,229.25,231.426997852163,62627687
2024-07-11,231.39,232.39,225.77,226.053059924528,64710617
2024-07-12,228.92,232.64,228.68,229.003262446723,53046527
2024-07-15,236.48,237.23,233.09,232.837532391394,62631252
2024-07-16,235.0,236.27,232.33,233.254732748068,43234278
2024-07-17,229.45,231.4599,226.64,227.354327703678,57345884
2024-07-18,230.28,230.44,222.27,222.68565704566,66034585
2024-07-19,224.82,226.8,223.275,222.814790489392,49151453
2024-07-22,227.01,227.78,223.09,222.467123525497,48201835
2024-07-23,224.365,226.94,222.68,223.510124417182,39960260
2024-07-24,224.0,224.8,217.13,217.083252256038,61777576
2024-07-25,218.93,220.85,214.62,216.040251364353,51391199
2024-07-26,218.7,219.49,216.01,216.507118430154,41601345
2024-07-29,216.96,219.3,215.75,216.78525200127,36311778
2024-07-30,219.19,220.325,216.12,217.341519143502,41643840
2024-07-31,221.44,223.82,220.63,220.59965526229,50036262
2024-08-01,224.37,224.48,217.02,216.904452103177,62500996
2024-08-02,219.15,225.6,217.71,218.394453377013,105568560
2024-08-05,199.09,213.5,196.0,207.875044383733,119548589
2024-08-06,205.3,209.99,201.07,205.848642651316,69660488
2024-08-07,206.9,213.64,206.39,208.421378184139,63516417
2024-08-08,213.11,214.2,208.83,211.888114481264,47161149
2024-08-09,212.1,216.78,211.97,214.798583636156,42201646
2024-08-12,216.07,219.5099,215.6,216.328318277294,38028092
2024-08-13,219.01,221.89,219.01,220.047657726368,44155331
2024-08-14,220.57,223.03,219.7,220.495171831203,41960574
2024-08-15,224.6,225.35,222.76,223.478599196771,46414013
2024-08-16,223.92,226.8271,223.6501,224.801251995506,44340240
2024-08-19,225.72,225.99,223.04,224.642135869342,40687813
2024-08-20,225.77,227.17,225.45,225.258710858226,30299033
2024-08-21,226.52,227.98,225.05,225.149318521488,34765480
2024-08-22,227.79,228.34,223.9,223.289648796951,43695321
2024-08-23,225.6589,228.22,224.33,225.586887868438,38677250
2024-08-26,226.76,227.28,223.8905,225.925009636536,30602208
2024-08-27,225.995,228.85,224.89,226.77031405678,35934559
2024-08-28,227.92,229.86,225.68,225.238821342456,38052167
2024-08-29,230.1,232.92,228.88,228.52059144458,51906297
2024-08-30,230.19,230.4,227.48,227.734955571647,52990770
2024-09-03,228.55,229.0,221.17,221.539371409152,50190574
2024-09-04,221.66,221.78,217.48,219.629977895189,43262758
2024-09-05,221.625,225.48,221.52,221.151525851628,36615398
2024-09-06,223.95,225.24,219.77,219.600143621533,48423011
2024-09-09,220.82,221.27,216.71,219.6896464425,67179965
2024-09-10,218.92,221.48,216.73,218.894065811682,51591033
2024-09-11,221.455,223.09,217.89,221.429979072414,44587072
2024-09-12,222.5,223.55,219.82,221.539371409152,37498225
2024-09-13,223.58,224.04,221.91,221.270862946251,36766619
2024-09-16,216.54,217.22,213.92,215.125002573182,59357427
2024-09-17,215.75,216.9,214.5,215.592406193787,45519339
2024-09-18,217.55,222.71,217.54,219.470861769025,59894928
2024-09-19,224.99,229.82,224.63,227.605673719139,66781315
2024-09-20,229.97,233.09,227.62,226.939374940829,318679888
2024-09-23,227.34,229.45,225.81,225.218931826685,54146023
2024-09-24,228.645,229.35,225.73,226.113960036355,43556068
2024-09-25,224.93,227.29,224.02,225.119484247833,42308715
2024-09-26,227.3,228.5,225.41,226.263131404634,36636707
2024-09-27,228.46,229.52,227.3,226.531639867535,34025967
2024-09-30,230.04,233.0,229.65,231.712858725737,54793391
2024-10-01,229.52,229.65,223.74,224.960368121669,63285048
2024-10-02,225.89,227.37,223.02,225.527219321127,32880605
2024-10-03,225.14,226.805,223.32,224.423351195867,34044158
2024-10-04,227.9,228.0,224.13,225.547108836897,37345098
2024-10-07,224.5,225.69,221.33,220.465337557548,39505354
2024-10-08,224.3,225.98,223.25,224.522798774719,31855693
2024-10-09,225.23,229.75,224.83,228.271972497449,33591091
2024-10-10,227.78,229.5,227.17,227.774734603188,28183544
2024-10-11,229.3,229.41,227.34,226.292965678289,31759188
2024-10-14,228.7,231.73,228.6,230.022249885249,39882085
2024-10-15,233.61,237.49,232.37,232.558163145981,64751367
2024-10-16,231.6,232.12,229.84,230.499598263739,34082240
2024-10-17,233.43,233.85,230.52,230.867554305493,32993810
2024-10-18,236.18,236.18,234.01,233.701810302782,46431472
2024-10-21,234.45,236.85,234.45,235.173634469795,36254470
2024-10-22,233.885,236.22,232.6,234.557059480911,38846578
2024-10-23,234.08,235.144,227.76,229.485232959446,52286979
2024-10-24,229.98,230.82,228.41,229.296282559627,31109503
2024-10-25,229.74,233.22,229.57,230.131642221986,38802304
2024-10-28,233.32,234.73,232.55,232.110649041146,36087134
2024-10-29,233.1,234.325,232.32,232.379157504047,35417247
2024-10-30,232.61,233.47,229.55,228.828878939022,47070907
2024-10-31,229.34,229.83,225.37,224.662025385112,64370086
2024-11-01,220.965,225.35,220.27,221.678598019545,65276741
2024-11-04,220.99,222.79,219.71,220.783569809875,44944468
2024-11-05,221.795,223.95,221.14,222.215614945347,28111338
2024-11-06,222.61,226.065,221.19,221.489647619726,54561121
2024-11-07,224.625,227.875,224.57,226.223352373093,42137691
2024-11-08,227.17,228.66,226.405,225.954843910192,38328824
2024-11-11,225.0,225.7,221.5,223.236934481769,42005602
2024-11-12,224.55,225.59,223.355,223.236934481769,40398299
2024-11-13,224.01,226.65,222.76,224.122992866859,48566217
2024-11-14,225.02,228.87,225.0,227.209263646387,44923941
2024-11-15,226.4,226.92,224.27,224.003524320555,47923696
2024-11-18,225.25,229.74,225.17,227.010149402546,44686020
2024-11-19,226.98,230.16,226.66,227.268997919539,36211774
2024-11-20,228.06,229.93,225.89,227.985809197365,35169566
2024-11-21,228.88,230.155,225.7103,227.507935012147,42108327
2024-11-22,228.06,230.7199,228.06,228.851956158071,38168252
2024-11-25,231.46,233.245,229.74,231.838669815678,90152832
2024-11-26,233.33,235.57,233.33,234.018970785732,45986189
2024-11-27,234.465,235.69,233.8101,233.889546527235,33498439
2024-11-29,234.81,237.81,233.97,236.278917453321,28481377
2024-12-02,237.27,240.79,237.16,238.528908408719,48137103
2024-12-03,239.81,242.76,238.9,241.575356339478,38861017
2024-12-04,242.87,244.11,241.25,241.933761978391,44383935
2024-12-05,243.99,244.54,242.13,241.963629114967,40033878
2024-12-06,242.905,244.63,242.08,241.764514871127,36870619
2024-12-09,241.83,247.24,241.75,245.657198338208,44649232
2024-12-10,246.89,248.21,245.34,246.672680981795,36914806
2024-12-11,247.96,250.8,246.2601,245.398349821216,45205814
2024-12-12,246.89,248.74,245.68,246.861839513443,32777532
2024-12-13,247.815,249.2902,246.24,247.031086620708,33155290
2024-12-16,247.99,251.38,247.65,249.928198868587,51694753
2024-12-17,250.08,253.83,249.78,252.357392643441,51356360
2024-12-18,252.16,254.28,247.74,246.951440923172,56774101
2024-12-19,247.5,252.0,247.0949,248.683734844584,60882264
2024-12-20,248.04,255.0,245.69,253.362919574836,147495267
2024-12-23,254.77,255.65,253.45,254.139465125813,40858774
2024-12-24,255.49,258.21,255.29,257.056488798077,23234705
2024-12-26,258.19,260.1,257.63,257.872857197823,27262983
2024-12-27,257.83,258.7,253.06,254.458047915958,42355321
2024-12-30,252.23,253.5,250.75,251.083061482862,35557542
2024-12-31,252.44,253.28,249.43,249.310944712681,39480718
2025-01-02,248.93,249.1,241.8201,242.770041802521,55740731
2025-01-03,243.36,244.18,241.89,242.282211905112,40244114
2025-01-06,244.31,247.33,243.2,243.914948704604,45045571
2025-01-07,242.98,245.55,241.35,241.137305003029,40855960
2025-01-08,241.92,243.7123,240.05,241.625134900438,37628940
2025-01-10,240.01,240.16,233.0,235.801043268104,61710856
2025-01-13,233.53,234.67,229.72,233.361893781058,49630725
2025-01-14,234.75,236.12,232.472,232.246854015551,39435294
2025-01-15,234.635,238.96,234.43,236.816525911691,39831969
2025-01-16,237.35,238.01,228.03,227.249086495155,71759052
2025-01-17,232.115,232.29,228.48,228.961468992183,68488301
2025-01-21,224.0,224.42,219.38,221.653976243237,98070429
2025-01-22,219.79,224.12,219.79,222.838705994088,64126500
2025-01-23,224.74,227.03,222.3,222.669458886824,60234760
2025-01-24,224.78,225.63,221.41,221.793356213925,54697907
2025-01-27,224.02,232.15,223.98,228.842000445879,94863418
2025-01-28,230.85,240.19,230.81,237.20479868718,75707569
2025-01-29,234.12,239.855,234.01,238.299927028302,45486100
2025-01-30,238.665,240.79,237.21,236.537765970314,55658279
2025-01-31,247.19,247.19,233.44,234.954807731782,101075128
2025-02-03,229.99,231.83,225.7,227.000193690354,73063301
2025-02-04,227.25,233.13,226.65,231.768979830334,45067301
2025-02-05,228.53,232.67,228.27,231.440441327997,39664989
2025-02-06,231.285,233.8,230.425,232.187119742399,29925349
2025-02-07,232.6,234.0,227.26,226.621876627057,39707224
2025-02-10,229.57,230.585,227.2,226.890680856242,33115645
2025-02-11,228.2,235.23,228.13,231.844103583479,53718362
2025-02-12,231.2,236.96,230.68,236.079927847213,45243292
2025-02-13,236.91,242.3399,235.57,240.724384569331,53614054
2025-02-14,241.25,245.55,240.99,243.784144684546,40896227
2025-02-18,244.15,245.18,241.84,243.654578295302,48822491
2025-02-19,244.66,246.01,243.1604,244.053244108359,32204215
2025-02-20,244.94,246.78,244.29,245.010042059697,32316907
2025-02-21,245.95,248.69,245.22,244.730975990557,53197431
2025-02-24,244.925,248.86,244.42,246.275806016154,51326396
2025-02-25,248.0,250.0,244.91,246.216006144195,48013272
2025-02-26,244.33,244.98,239.13,239.558287066138,44433564
2025-02-27,239.41,242.46,237.06,236.50849359625,41153639
2025-02-28,236.95,242.09,230.2,241.03335057445,56833360
2025-03-03,241.79,244.0272,236.112,237.236058705079,47183985
2025-03-04,237.705,240.07,234.68,235.143063186528,53798062
2025-03-05,235.42,236.55,229.23,234.953696925326,47227643
2025-03-06,234.435,237.86,233.1581,234.545064466942,45170419
2025-03-07,235.105,241.37,234.76,238.272589819028,46273565
2025-03-10,235.54,236.16,224.22,226.721247885693,71451281
2025-03-11,223.805,225.8399,217.45,220.103395388941,76137410
2025-03-12,220.14,221.75,214.91,216.256270292938,62547467
2025-03-13,215.95,216.8394,208.42,208.980619204642,61368330
2025-03-14,211.25,213.95,209.58,212.777911074013,60107582
2025-03-17,213.31,215.22,209.97,213.286209985661,48073426
2025-03-18,214.16,215.15,211.49,211.980579447899,42432426
2025-03-19,214.22,218.76,213.75,214.522074006139,54385391
2025-03-20,213.99,217.4899,212.22,213.385876438926,48862947
2025-03-21,211.56,218.84,211.28,217.541967540048,94127768
2025-03-24,221.0,221.48,218.58,219.993762290351,44299483
2025-03-25,220.77,224.1,220.08,223.003689178933,34493583
2025-03-26,223.51,225.02,220.47,220.791093916465,34532656
2025-03-27,221.39,224.99,220.5601,223.103355632198,37094774
2025-03-28,221.67,223.81,217.68,217.17320166297,39818617
2025-03-31,217.005,225.62,216.23,221.389092636051,65299321
2025-04-01,219.805,223.68,218.9,222.445557040653,36412740
2025-04-02,221.315,225.19,221.02,223.143222213503,35905904
2025-04-03,205.54,207.49,201.25,202.512266387787,103419006
2025-04-04,193.89,199.88,187.34,187.751664659341,125910913
2025-04-07,177.2,194.15,174.62,180.854746093449,160466286
2025-04-08,186.7,190.335,169.2101,171.844898718354,120859491
2025-04-09,171.95,200.61,171.89,198.186742316116,184395885
2025-04-10,189.065,194.7799,183.0,189.784860305933,121879981
2025-04-11,186.1,199.54,186.06,197.489077143265,87435915
2025-04-14,211.44,212.94,201.1621,201.844501150916,101352911
2025-04-15,201.855,203.51,199.8,201.465768628512,51343872
2025-04-16,198.36,200.7,192.37,193.622018756609,59732423
2025-04-17,197.2,198.8335,194.42,196.322979640073,52164675
2025-04-21,193.265,193.8,189.8112,192.515721125375,46742537
2025-04-22,196.12,201.59,195.97,199.073773750168,52976371
2025-04-23,206.0,208.0,202.799,203.917563378814,52929165
2025-04-24,204.89,208.8299,202.94,207.67498866688,47310989
2025-04-25,206.365,209.75,206.2,208.581953391585,38222258
2025-04-28,210.0,211.5,207.46,209.439084889658,38743074
2025-04-29,208.693,212.24,208.37,210.505515939587,36827633
2025-04-30,209.3,213.58,206.6705,211.791213186696,52286454
2025-05-01,209.08,214.56,208.9,212.608478103464,57365675
2025-05-02,206.09,206.99,202.16,204.665061778297,101010621
2025-05-05,203.1,204.1,198.21,198.226608897421,69018452
2025-05-06,198.21,200.65,197.02,197.847876375017,51216482
2025-05-07,199.17,199.44,193.25,195.595414531243,68616943
2025-05-08,197.72,200.05,194.6796,196.831278551721,50478872
2025-05-09,199.0,200.5399,197.535,197.86780966567,36453923
2025-05-12,210.97,211.2679,206.75,210.346049614364,63775814
2025-05-13,210.43,213.4,209.0,212.48154250385,51909332
2025-05-14,212.43,213.94,210.5801,211.882806179695,49325825
2025-05-15,210.95,212.96,209.54,211.004659570934,45029473
2025-05-16,212.36,212.57,209.77,210.815059734952,54737850
2025-05-19,207.91,209.48,204.26,208.340282928445,46140527
2025-05-20,207.67,208.47,205.03,206.424326691149,42496635
2025-05-21,205.17,207.04,200.71,201.664372914117,59211774
2025-05-22,200.71,202.75,199.7,200.935910386395,46742407
2025-05-23,193.665,197.7,193.46,194.858736696223,78432918
2025-05-27,198.3,200.74,197.43,199.788332431765,56288475
2025-05-28,200.59,202.73,199.9,199.997890145219,45339678
2025-05-29,203.575,203.81,198.51,199.528880024631,51477938
2025-05-30,199.37,201.96,196.78,200.426984510864,70819942
2025-06-02,200.28,202.13,200.12,201.275194303416,35423294
2025-06-03,201.35,203.77,200.955,202.841887684955,46381567
2025-06-04,202.91,206.24,202.1,202.392835441839,43603985
2025-06-05,203.5,204.75,200.15,200.207447858673,55221235
2025-06-06,203.0,205.7,202.05,203.49051870279,46607693
2025-06-09,204.39,206.0,200.02,201.025720835018,72862557
2025-06-10,200.6,204.35,200.57,202.2431513608,54672608
2025-06-11,203.5,204.5,198.41,198.361344192529,60989857
2025-06-12,199.08,199.68,197.3601,198.780459619437,43904635
2025-06-13,199.73,200.37,195.7,196.036251467061,51447349
2025-06-16,197.3,198.685,196.5636,198.002102398036,43020691
2025-06-17,197.2,198.39,195.21,195.227957429452,38856152
2025-06-18,195.94,197.57,195.07,196.165977670628,45394689
2025-06-20,198.235,201.7,196.855,200.576668591902,96813542
2025-06-23,201.625,202.3,198.96,201.075615528698,55814272
2025-06-24,202.59,203.44,200.2,199.878142880388,54064033
2025-06-25,201.45,203.67,200.6201,201.135489161114,39525730
2025-06-26,201.43,202.64,199.46,200.576668591902,50799121
2025-06-27,201.89,203.22,200.0,200.65650010179,73188571
2025-06-30,202.01,207.39,199.2607,204.737886044779,91912816
2025-07-01,206.665,210.1865,206.1401,207.382304809797,78788867
2025-07-02,208.91,213.34,208.14,211.99257450579,67941811
2025-07-03,212.145,214.65,211.8101,213.100236705476,34955836
2025-07-07,212.68,216.23,208.8,209.507818760547,50228984
2025-07-08,210.1,211.43,208.45,209.567692392962,42848928
2025-07-09,209.53,211.33,207.22,210.695312470121,48749367
2025-07-10,210.505,213.48,210.03,211.962637689582,44443635
2025-07-11,210.565,212.13,209.86,210.715270347592,39765812
2025-07-14,209.925,210.91,207.54,208.18061990867,38840111
2025-07-15,209.22,211.89,208.92,208.66958790673,42296339
2025-07-16,210.295,212.4,208.64,209.717376474001,47490532
2025-07-17,210.57,211.8,209.59,209.577671331698,48068141
2025-07-18,210.87,211.79,209.7045,210.735228225064,48974591
2025-07-21,212.1,215.78,211.63,212.032490260733,51377434
2025-07-22,213.14,214.95,212.2301,213.948446498029,46404072
2025-07-23,215.0,215.15,212.41,213.698973029631,46989301
2025-07-24,213.9,215.69,213.53,213.30979441893,46022620
2025-07-25,214.7,215.24,213.4,213.429541683761,40268781
2025-07-28,214.03,214.845,213.06,213.599183642272,37858017
2025-07-29,214.175,214.81,210.82,210.825038673688,51411723
2025-07-30,211.895,212.39,207.72,208.609714274314,45512514
2025-07-31,208.49,209.84,207.16,207.132831341399,80698431
2025-08-01,210.865,213.58,201.5,201.953762137459,104434473
2025-08-04,204.505,207.88,201.675,202.921719194842,75109298
2025-08-05,203.4,205.34,202.16,202.492624829198,44155079
2025-08-06,205.63,215.38,205.59,212.800868543399,108483103
2025-08-07,218.875,220.85,216.58,219.56658900635,90224834
2025-08-08,220.83,231.0,219.25,228.866959908223,113853967
2025-08-11,227.92,229.56,224.76,226.960982609663,61806132
2025-08-12,228.005,230.8,227.07,229.428601357114,55672301
2025-08-13,231.07,235.0,230.43,233.105053580036,69878546
2025-08-14,234.055,235.12,230.85,232.555583818458,51916275
2025-08-15,234.0,234.28,229.335,231.366731061589,56038657
2025-08-18,231.7,233.12,230.11,230.66740591049,37476188
2025-08-19,231.275,232.87,229.35,230.337724053543,39402564
2025-08-20,229.98,230.47,225.77,225.792110571397,42263865
2025-08-21,226.27,226.52,223.7804,224.683180688939,30621249
2025-08-22,226.17,229.09,225.41,227.540423449145,42477811
2025-08-25,226.48,229.3,226.23,226.94100189106,30983133
2025-08-26,226.87,229.49,224.69,229.088929140865,54575107
2025-08-27,228.61,230.9,228.26,230.267791538433,31259513
2025-08-28,230.82,233.41,229.335,232.335795913827,38074700
2025-08-29,232.51,233.38,231.37,231.916200823167,39418437
2025-09-02,229.25,230.85,226.97,229.498533872224,44075638
2025-09-03,237.21,238.85,234.36,238.240098260966,66061716
2025-09-04,238.45,239.8999,236.74,239.548835329452,47549429
2025-09-05,239.995,241.32,238.4901,239.45892209574,54870397
2025-09-08,239.3,240.15,236.34,237.650667062182,48999495
2025-09-09,237.0,238.7805,233.36,234.124070228781,66313918
2025-09-10,232.185,232.42,225.95,226.571358596908,83440810
2025-09-11,226.875,230.45,226.65,229.808235010568,50208578
2025-09-12,229.22,234.51,229.02,233.844340168341,55824216
2025-09-15,237.0,238.19,235.03,236.471804664615,42699524
2025-09-16,237.175,241.22,236.3235,237.920406763321,63421099
2025-09-17,238.97,240.1,237.7301,238.75959694464,46508017
2025-09-18,239.97,241.2,236.65,237.650667062182,44249576
2025-09-19,241.225,246.3,240.2106,245.263320849865,163741314
2025-09-22,248.3,256.64,248.12,255.833120990767,105517416
2025-09-23,255.875,257.34,253.58,254.184711706033,60275187
2025-09-24,255.22,255.74,251.04,252.066755534132,42303710
2025-09-25,253.205,257.17,251.712,256.622359375579,55202075
2025-09-26,254.095,257.6,253.78,255.213718714079,46076258
2025-09-29,254.56,255.0,253.01,254.184711706033,40127687
2025-09-30,254.855,255.919,253.11,254.384518892061,37704259
2025-10-01,255.04,258.79,254.93,255.203728354778,48713940
2025-10-02,256.575,258.18,254.15,256.882108717416,42630239
2025-10-03,254.665,259.24,253.95,257.771250695243,49155614
2025-10-06,257.99,259.07,255.05,256.442532908154,44664118
2025-10-07,256.805,257.4,255.43,256.232735362824,31955776
2025-10-08,256.52,258.52,256.11,257.811212132448,36496895
2025-10-09,257.805,258.0,253.14,253.795087693277,38322012
2025-10-10,254.94,256.38,244.0,245.033542585932,61999098
2025-10-13,249.38,249.69,245.56,247.421238458971,38142942
2025-10-14,246.6,248.845,244.7,247.531132411287,35477986
2025-10-15,249.485,251.82,247.47,249.09961882161,33893611
2025-10-16,248.25,249.04,245.13,247.211440913642,39776974
2025-10-17,248.02,253.38,247.27,252.046774815529,49146961
2025-10-20,255.885,264.375,255.63,261.987182320442,90483029
2025-10-21,261.88,265.29,261.83,262.516671363417,46695948
2025-10-22,262.65,262.85,255.43,258.200836145204,45015254
2025-10-23,259.94,260.62,258.0101,259.329746746264,32754941
2025-10-24,261.19,264.13,259.18,262.566623159924,38253717
2025-10-27,264.88,269.12,264.6501,268.550848381475,44888152
2025-10-28,268.985,269.89,268.15,268.740665208202,41534759
2025-10-29,269.275,271.41,267.11,269.439990359301,51086742
2025-10-30,271.99,274.14,268.48,271.138351440543,69886534
2025-10-31,276.99,277.32,269.16,270.109344432497,86167123
2025-11-03,270.42,270.85,266.25,268.790617004709,50194583
2025-11-04,268.325,271.486,267.615,269.77966257555,49274846
2025-11-05,268.61,271.7,266.93,269.879566168564,42586288
2025-11-06,267.89,273.4,267.89,269.509922874411,51204045
2025-11-07,269.795,272.29,266.77,268.211176165227,48227365
2025-11-10,268.96,273.73,267.455,269.43,41312412
2025-11-11,269.81,275.91,269.8,275.25,46208318
2025-11-12,275.0,275.73,271.7,273.47,48397982
2025-11-13,274.11,276.699,272.09,272.95,49602794
2025-11-14,271.05,275.96,269.6,272.41,47431331
2025-11-17,268.815,270.49,265.73,267.46,45018260
2025-11-18,269.99,270.71,265.32,267.44,45677278
2025-11-19,265.525,272.21,265.5,268.56,40424492
2025-11-20,270.83,275.43,265.92,266.25,45823568
2025-11-21,265.95,273.33,265.67,271.49,59030832
2025-11-24,270.9,277.0,270.9,275.92,65585796
2025-11-25,275.27,280.38,275.25,276.97,46914220
2025-11-26,276.96,279.53,276.63,277.55,33431423
2025-11-28,277.26,279.0,275.9865,278.85,20135620
2025-12-01,278.01,283.42,276.14,283.1,46587722
2025-12-02,283.0,287.4,282.6301,286.19,53669532
2025-12-03,286.2,288.62,283.3,284.15,43538687
2025-12-04,284.095,284.73,278.59,280.7,43989056
2025-12-05,280.54,281.14,278.05,278.78,47265845
2025-12-08,278.13,279.6693,276.15,277.89,36406317
2025-12-09,278.16,280.03,276.92,277.18,31753410
2025-12-10,277.75,279.75,276.44,278.78,33038318
2025-12-11,279.095,279.59,273.81,278.03,33247986
2025-12-12,277.9,279.22,276.82,278.28,39532887
2025-12-15,280.15,280.15,272.84,274.11,50409078
2025-12-16,272.82,275.5,271.79,274.61,37648628
2025-12-17,275.01,276.16,271.64,271.84,50138743
2025-12-18,273.605,273.63,266.95,272.19,51630721
2025-12-19,272.145,274.6,269.9,273.67,144632048
2025-12-22,272.86,273.88,270.505,270.97,36571827
2025-12-23,270.84,272.5,269.56,272.36,29641999
2025-12-24,272.34,275.43,272.195,273.81,17910574
2025-12-26,274.16,275.37,272.86,273.4,21521802
2025-12-29,272.69,274.36,272.35,273.76,23715213
2025-12-30,272.81,274.08,272.28,273.08,22139617
2025-12-31,273.06,273.68,271.75,271.86,27293639
2026-01-02,272.255,277.84,269.0,271.01,37838054
