Date,Open,High,Low,Close,Volume
2016-01-07,621.8,630.0,605.21,30.397,7074915
2016-01-08,619.66,624.14,606.0,30.3525,5512915
2016-01-11,612.48,619.85,598.57,30.887,4891551
2016-01-12,625.25,625.99,612.2415,30.8945,4724100
2016-01-13,620.88,620.88,579.16,29.0905,7655239
2016-01-14,580.25,602.25,569.88,29.65,7237978
2016-01-15,572.24,584.62,565.3,28.509,7784523
2016-01-19,577.09,584.0,566.45,28.724,4807165
2016-01-20,564.36,578.45,547.18,28.5885,7966406
2016-01-21,573.58,588.81,568.22,28.751,4952217
2016-01-22,588.73,600.1,584.1079,29.819,5120144
2016-01-25,597.99,608.5,594.56,29.8265,4396079
2016-01-26,603.45,604.5,590.38,30.0625,3765655
2016-01-27,601.99,603.39,578.78,29.1675,5152853
2016-01-28,608.37,638.06,597.55,31.7675,14015171
2016-01-29,571.98,593.0,570.0,29.35,14677550
2016-02-01,578.15,581.8,570.31,28.7405,6355123
2016-02-02,570.0,571.56,550.09,27.605,6312045
2016-02-03,553.5,556.0,521.9,26.5535,10048709
2016-02-04,525.0,538.99,519.2201,26.813,6199070
2016-02-05,529.28,529.45,499.19,25.1065,9708929
2016-02-08,486.47,493.5,475.21,24.405,9825509
2016-02-09,478.01,498.38,474.0,24.1035,7077915
2016-02-10,491.76,504.66,486.0,24.524,6786181
2016-02-11,491.17,509.3,484.0,25.191,7397393
2016-02-12,510.7,516.75,501.4932,25.354,5384787
2016-02-16,519.48,524.45,511.66,26.055,5118500
2016-02-17,528.74,537.48,519.39,26.705,4824002
2016-02-18,541.19,541.2,523.73,26.25,4735008
2016-02-19,520.71,535.95,515.35,26.745,4974717
2016-02-22,542.2,560.65,541.08,27.975,5566553
2016-02-23,555.55,556.91,545.33,27.647,4050790
2016-02-24,545.75,554.27,533.1501,27.702,6231668
2016-02-25,555.52,559.39,545.2946,27.7575,4525463
2016-02-26,560.12,562.5,553.17,27.7615,4877039
2016-02-29,554.0,564.81,552.51,27.626,4145396
2016-03-01,556.29,579.25,556.0,28.952,5038452
2016-03-02,581.75,585.0,573.7,29.0105,4582170
2016-03-03,577.96,579.866,573.11,28.8745,2741292
2016-03-04,581.07,581.4,571.065,28.757,3416545
2016-03-07,573.54,573.63,555.55,28.14,4932527
2016-03-08,557.87,571.35,554.74,28.013,4679663
2016-03-09,559.56,560.35,550.125,27.9735,4377283
2016-03-10,566.74,567.0,547.9,27.9465,3919892
2016-03-11,566.95,570.06,562.73,28.4805,3771310
2016-03-14,567.0,576.89,563.05,28.6685,3454152
2016-03-15,571.0,581.52,567.0,28.851,3876821
2016-03-16,576.64,581.32,571.14,28.7135,3537669
2016-03-17,569.51,571.4,555.01,27.972,5928105
2016-03-18,560.94,562.33,546.09,27.604,7296885
2016-03-21,548.91,555.24,538.58,27.699,5155732
2016-03-22,545.11,562.76,545.05,28.024,4000564
2016-03-23,561.0,572.48,558.1,28.4815,3983720
2016-03-24,567.11,583.55,567.08,29.1475,5185539
2016-03-28,584.4,584.75,575.56,28.9935,3121522
2016-03-29,580.15,595.85,576.5,29.693,4392567
2016-03-30,596.71,603.24,595.0,29.9345,3890461
2016-03-31,599.28,600.75,592.21,29.682,2681811
2016-04-01,590.49,599.03,588.3,29.925,2917386
2016-04-04,599.0,599.5,590.55,29.6595,2470825
2016-04-05,590.77,593.47,585.25,29.307,2308884
2016-04-06,587.52,602.39,587.5,30.104,2849909
2016-04-07,598.76,599.6,589.08,29.5715,3189037
2016-04-08,594.32,597.86,589.0,29.73,2591936
2016-04-11,596.14,604.0,594.91,29.7965,2704267
2016-04-12,598.4,604.06,592.31,30.1585,2641062
2016-04-13,607.68,616.81,605.29,30.741,4228349
2016-04-14,615.07,624.38,615.07,31.0375,3512136
2016-04-15,621.92,626.77,618.11,31.2945,2887681
2016-04-18,625.35,637.64,624.9603,31.7675,4360883
2016-04-19,637.14,638.01,620.8,31.395,4055870
2016-04-20,630.0,636.55,623.0,31.6495,2609425
2016-04-21,631.0,637.82,628.5,31.55,2596298
2016-04-22,624.47,628.25,611.56,31.025,5083904
2016-04-25,616.61,626.98,616.2511,31.31,2682924
2016-04-26,626.17,626.7549,614.88,30.844,2521433
2016-04-27,611.8,615.95,601.28,30.3285,4068767
2016-04-28,615.54,626.8,599.2,30.1,7872605
2016-04-29,666.0,669.98,654.0,32.9795,10310739
2016-05-02,663.92,685.5,662.0251,34.1925,6578517
2016-05-03,677.36,680.3,670.43,33.566,4923351
2016-05-04,662.59,674.0,662.14,33.545,4635462
2016-05-05,673.31,676.49,656.0,32.9545,4884114
2016-05-06,656.05,676.95,656.01,33.6975,4365345
2016-05-09,673.95,686.98,671.41,33.9875,3982161
2016-05-10,694.0,704.55,693.5,35.1535,6105570
2016-05-11,705.79,719.0,701.65,35.6615,7338196
2016-05-12,717.38,722.45,711.51,35.8965,5048150
2016-05-13,714.64,719.25,706.51,35.496,4763419
2016-05-16,710.13,713.25,700.28,35.533,5432920
2016-05-17,709.9,714.47,693.91,34.7635,5121357
2016-05-18,689.56,702.5399,688.76,34.8725,4283189
2016-05-19,691.88,699.4,689.56,34.926,3025566
2016-05-20,701.05,707.24,700.0,35.14,2916165
2016-05-23,704.25,706.0,696.42,34.8375,2595082
2016-05-24,698.01,707.5,698.0,35.21,3033782
2016-05-25,708.0,710.86,705.5159,35.4175,3276631
2016-05-26,708.33,715.0,707.293,35.7455,2446681
2016-05-27,715.0,716.6,711.1,35.612,2249164
2016-05-31,712.33,724.23,711.32,36.1395,3618323
2016-06-01,720.9,726.43,718.22,35.972,3263107
2016-06-02,720.97,728.28,715.5001,36.412,3026583
2016-06-03,726.74,727.0,718.43,36.277,3367306
2016-06-06,726.5,731.5,724.42,36.3365,2704806
2016-06-07,729.89,730.0,720.55,36.187,2732463
2016-06-08,726.4,729.42,721.6,36.332,2223366
2016-06-09,723.1,728.91,722.3,36.3825,2170318
2016-06-10,722.35,724.98,714.21,35.8955,3425718
2016-06-13,714.01,721.99,711.16,35.762,3352201
2016-06-14,712.33,720.805,712.27,35.965,2506922
2016-06-15,722.0,722.56,713.3522,35.713,2709447
2016-06-16,712.05,718.0,705.3,35.8755,3097961
2016-06-17,718.19,718.2,699.18,35.3195,5897788
2016-06-20,713.5,721.31,710.81,35.7005,3677162
2016-06-21,715.72,718.4,712.721,35.791,2137534
2016-06-22,716.58,717.0,707.565,35.53,2260454
2016-06-23,715.5,722.12,712.5,36.104,2824974
2016-06-24,693.0,712.5292,692.2,34.948,7632511
2016-06-27,692.01,696.8189,682.115,34.568,5584037
2016-06-28,700.0,708.0,698.1714,35.3975,4036957
2016-06-29,715.75,719.5,713.54,35.78,3070052
2016-06-30,717.2,719.37,712.54,35.781,2855142
2016-07-01,717.32,728.0,716.54,36.284,2920423
2016-07-05,722.8,728.11,719.61,36.405,2431431
2016-07-06,725.71,737.77,722.58,36.8805,3938249
2016-07-07,739.33,739.55,731.63,36.8285,2945783
2016-07-08,740.14,746.1,738.0,37.2905,3429217
2016-07-11,750.0,755.9,747.0,37.689,3195272
2016-07-12,756.86,757.34,740.33,37.4105,5623657
2016-07-13,746.76,756.87,741.25,37.1315,4142265
2016-07-14,748.86,749.04,739.02,37.06,2390472
2016-07-15,746.55,746.55,734.05,36.772,3121385
2016-07-18,735.49,741.5954,728.72,36.8035,2954914
2016-07-19,732.5,743.33,732.31,36.9975,2216820
2016-07-20,744.0,746.25,740.7,37.286,2214023
2016-07-21,747.5,749.36,742.7918,37.2215,2317072
2016-07-22,747.79,751.28,743.53,37.243,2277711
2016-07-25,746.55,748.5,735.35,36.9805,2679290
2016-07-26,742.71,743.13,732.7525,36.7795,2529692
2016-07-27,737.97,740.94,733.86,36.8335,2913134
2016-07-28,745.98,753.36,739.7,37.6305,7617580
2016-07-29,765.0,766.0,755.0,37.9405,6777050
2016-08-01,759.87,770.5,757.06,38.387,3578205
2016-08-02,763.81,765.01,757.02,38.029,3603280
2016-08-03,757.06,758.89,752.25,37.732,3581525
2016-08-04,753.7,765.0,750.35,38.0385,3178208
2016-08-05,764.81,768.47,763.09,38.299,2704391
2016-08-08,766.81,767.0,761.015,38.328,1986272
2016-08-09,767.39,772.6,766.9,38.4155,1876091
2016-08-10,769.8,772.1,766.19,38.428,1604280
2016-08-11,769.94,773.75,769.12,38.562,2019740
2016-08-12,768.46,773.15,768.4225,38.628,1563318
2016-08-15,771.9,772.04,767.71,38.4245,2118521
2016-08-16,768.62,768.7317,763.82,38.202,1604561
2016-08-17,764.41,765.22,759.199,38.2315,1891116
2016-08-18,764.0,765.17,760.6,38.223,1458834
2016-08-19,761.9,762.49,756.89,37.8655,2343237
2016-08-22,757.5,759.85,752.1,37.974,1679251
2016-08-23,763.31,764.7,761.0,38.1225,1524131
2016-08-24,763.0,763.41,755.36,37.8625,1744107
2016-08-25,756.0,760.56,754.741,37.961,1622992
2016-08-26,760.05,770.0,759.795,38.45,2776830
2016-08-29,768.72,774.98,768.6,38.5645,2198560
2016-08-30,771.05,771.8358,765.56,38.379,1709158
2016-08-31,766.6,769.64,764.0,38.458,1633789
2016-09-01,770.9,772.04,766.75,38.531,1792271
2016-09-02,774.11,776.0,771.7,38.622,2181792
2016-09-06,774.04,789.48,770.22,39.4435,3719788
2016-09-07,789.53,790.79,784.33,39.224,2424622
2016-09-08,783.89,786.5,781.44,39.203,2030511
2016-09-09,779.36,781.0,760.11,38.007,4257344
2016-09-12,757.35,772.66,756.0,38.5745,3124704
2016-09-13,768.77,769.89,759.05,38.0505,3117224
2016-09-14,762.2,767.5,758.85,38.0545,2531822
2016-09-15,762.0,770.87,757.58,38.4845,3043534
2016-09-16,773.28,780.46,771.66,38.926,5499182
2016-09-19,779.97,781.94,771.0,38.755,2297221
2016-09-20,776.0,781.37,776.0,39.011,1937164
2016-09-21,783.25,790.69,779.01,39.487,2718644
2016-09-22,794.27,805.889,794.27,40.235,4078910
2016-09-23,803.13,807.75,802.12,40.2875,2353511
2016-09-26,801.8,805.93,797.145,39.958,2651397
2016-09-27,801.85,816.64,801.11,40.8055,3819600
2016-09-28,818.0,830.14,817.0337,41.436,4422078
2016-09-29,828.26,837.5,824.63,41.4525,4922248
2016-09-30,832.61,839.95,832.4,41.8655,4430566
2016-10-03,836.0,839.86,831.25,41.837,2769448
2016-10-04,840.91,842.365,830.26,41.7015,2950314
2016-10-05,838.0,845.67,836.12,42.218,3469055
2016-10-06,843.7,847.21,840.6,42.083,2684013
2016-10-07,845.79,845.95,837.45,41.9715,2426228
2016-10-10,843.25,845.2,840.27,42.0855,1827143
2016-10-11,841.02,841.29,828.35,41.55,3588180
2016-10-12,834.0,837.666,830.1,41.7045,2380416
2016-10-13,829.0,831.8,821.21,41.464,3091387
2016-10-14,835.08,835.74,822.96,41.148,2999814
2016-10-17,821.5,822.0,811.68,40.6475,3361492
2016-10-18,822.11,823.26,815.02,40.8825,2512504
2016-10-19,820.4,820.67,815.17,40.8845,2090706
2016-10-20,813.99,815.71,803.1,40.516,3151954
2016-10-21,809.36,819.42,809.0,40.9495,2793015
2016-10-24,824.95,838.3,822.21,41.9045,4060899
2016-10-25,839.3,843.09,833.22,41.759,3248358
2016-10-26,832.76,833.44,820.0,41.1295,3998102
2016-10-27,831.24,831.72,815.43,40.918,7406385
2016-10-28,782.0,789.49,774.61,38.816,10841073
2016-10-31,781.03,793.7,780.11,39.491,5413326
2016-11-01,799.0,800.84,776.713,39.2705,5305428
2016-11-02,783.93,784.75,763.55,38.278,5026504
2016-11-03,765.05,777.0,764.0,38.3515,3872496
2016-11-04,762.79,766.0,753.2301,37.7525,5122103
2016-11-07,771.64,787.732,770.94,39.2465,5984354
2016-11-08,784.97,791.7399,779.1,39.3875,3412629
2016-11-09,764.0,777.5,760.09,38.594,8562892
2016-11-10,778.81,778.83,717.7,37.119,12746994
2016-11-11,735.73,743.26,728.9,36.9505,6622784
2016-11-14,745.51,746.0,710.1,35.9535,7321344
2016-11-15,730.0,746.78,725.99,37.162,6755785
2016-11-16,739.88,749.87,735.61,37.3245,3648791
2016-11-17,749.32,757.5,748.0,37.82,3690112
2016-11-18,761.0,767.74,757.6435,38.008,4373408
2016-11-21,766.0,780.35,765.11,39.0,4614574
2016-11-22,788.17,792.4,781.0,39.2665,5311320
2016-11-23,781.73,781.75,773.12,39.006,3540263
2016-11-25,786.5,786.75,777.9,39.0185,1837068
2016-11-28,776.99,777.0,764.24,38.3385,4438828
2016-11-29,768.0,769.89,761.32,38.126,3272344
2016-11-30,762.0,768.09,750.25,37.5285,4625946
2016-12-01,752.41,753.37,738.03,37.1825,4665993
2016-12-02,743.4,748.4903,736.7,37.017,3561307
2016-12-05,745.0,761.49,742.0,37.968,4314723
2016-12-06,763.99,768.24,757.25,38.236,3794746
2016-12-07,764.55,770.42,755.82,38.521,3684906
2016-12-08,771.87,773.79,765.19,38.3665,3189608
2016-12-09,770.0,770.25,765.34,38.433,2470923
2016-12-12,766.4,766.89,757.2,38.006,2963945
2016-12-13,764.96,782.46,762.0,38.717,5285288
2016-12-14,778.25,780.86,762.81,38.441,5454836
2016-12-15,766.28,769.1,760.31,38.05,3801927
2016-12-16,765.0,765.13,754.0,37.8885,4848219
2016-12-19,758.89,770.5,756.16,38.3,3113240
2016-12-20,768.65,774.39,767.71,38.561,2703629
2016-12-21,770.0,771.22,765.7,38.53,2044629
2016-12-22,768.12,771.21,763.02,38.317,2543551
2016-12-23,764.55,766.5,757.99,38.0295,1981616
2016-12-27,763.4,774.65,761.2,38.57,2638725
2016-12-28,776.25,780.0,770.5,38.6065,3301025
2016-12-29,772.4,773.4,760.85,38.2575,3158299
2016-12-30,766.47,767.3999,748.28,37.4935,4139449
2017-01-03,757.92,758.7595,747.7,37.6835,3521066
2017-01-04,758.39,759.68,754.2,37.859,2510526
2017-01-05,761.55,782.3999,760.2557,39.0225,5830068
2017-01-06,782.36,799.44,778.48,39.7995,5986234
2017-01-09,798.0,801.7742,791.77,39.846,3446109
2017-01-10,796.6,798.0,789.5434,39.795,2558369
2017-01-11,793.66,799.5,789.51,39.951,2992791
2017-01-12,800.31,814.13,799.5,40.682,4873922
2017-01-13,814.32,821.65,811.4,40.857,3791945
2017-01-17,815.7,816.0,803.44,40.486,3670529
2017-01-18,809.5,811.73,804.27,40.374,2354201
2017-01-19,810.0,813.51,807.32,40.452,2540784
2017-01-20,815.28,816.02,806.26,40.4165,3376196
2017-01-23,806.8,818.5,805.08,40.894,2797474
2017-01-24,822.0,823.99,814.5,41.122,2971740
2017-01-25,825.79,837.4183,825.288,41.826,4023078
2017-01-26,835.53,843.84,833.0,41.9575,3586323
2017-01-27,839.0,839.7,829.44,41.7885,2998700
2017-01-30,833.0,833.5,816.38,41.519,3747336
2017-01-31,823.75,826.99,819.56,41.174,3137196
2017-02-01,829.21,833.78,824.94,41.6175,3850181
2017-02-02,836.59,842.49,828.26,41.9975,7350492
2017-02-03,806.72,818.3,804.0,40.51,10868773
2017-02-06,809.8,810.72,803.0,40.382,3897301
2017-02-07,809.31,816.16,807.5,40.625,3466091
2017-02-08,812.69,821.479,812.5,40.9855,2857985
2017-02-09,821.6,825.0,819.71,41.068,2484948
2017-02-10,823.82,828.0,822.85,41.373,2429609
2017-02-13,831.62,842.9999,828.55,41.8265,4172618
2017-02-14,837.0,838.31,831.4522,41.8195,2792442
2017-02-15,834.0,842.81,832.82,42.135,2968853
2017-02-16,841.84,845.0,839.375,42.207,2714667
2017-02-17,842.0,847.27,840.73,42.2535,3112275
2017-02-21,848.84,857.98,847.25,42.822,3507742
2017-02-22,856.95,858.43,852.18,42.7805,2616971
2017-02-23,857.57,860.86,848.0,42.6095,3461984
2017-02-24,844.69,845.81,837.7501,42.262,3687963
2017-02-27,842.38,852.5,839.67,42.432,2713627
2017-02-28,851.45,854.09,842.05,42.252,2793709
2017-03-01,853.05,854.83,849.01,42.654,2760083
2017-03-02,853.08,854.82,847.28,42.4455,2132098
2017-03-03,847.2,851.985,846.27,42.494,1951575
2017-03-06,845.23,848.49,841.12,42.3305,2610370
2017-03-07,845.48,848.46,843.75,42.301,2247554
2017-03-08,848.0,853.07,846.79,42.525,2288317
2017-03-09,851.0,856.3999,850.31,42.65,2048187
2017-03-10,857.0,857.35,851.72,42.623,2436434
2017-03-13,851.77,855.69,851.71,42.7295,1909672
2017-03-14,853.55,853.75,847.55,42.6265,2130586
2017-03-15,854.33,854.45,847.11,42.6485,2562176
2017-03-16,855.3,855.5,850.51,42.671,1842296
2017-03-17,853.49,853.83,850.64,42.6155,3384403
2017-03-20,851.51,857.8,851.01,42.8485,2282727
2017-03-21,858.84,862.795,841.31,42.16,4382852
2017-03-22,840.43,849.37,839.05,42.403,2658669
2017-03-23,848.2,850.89,844.8,42.369,1952964
2017-03-24,851.68,851.8,843.53,42.2805,2138269
2017-03-27,838.07,850.3,833.5,42.341,2755775
2017-03-28,851.75,858.46,850.1,42.8,3041633
2017-03-29,859.05,876.438,859.02,43.716,4485770
2017-03-30,874.95,877.06,871.66,43.817,2762730
2017-03-31,877.0,890.35,876.65,44.327,3957612
2017-04-03,888.0,893.49,885.42,44.5755,3422328
2017-04-04,891.5,908.5384,890.28,45.3415,4984656
2017-04-05,910.82,923.72,905.62,45.464,7508370
2017-04-06,913.8,917.1899,894.4927,44.914,6344065
2017-04-07,899.65,900.09,889.31,44.744,3707367
2017-04-10,899.63,908.51,899.0,45.352,3184301
2017-04-11,907.04,911.24,897.5,45.118,3012743
2017-04-12,903.09,904.09,895.2501,44.8115,2456140
2017-04-13,891.45,894.97,884.49,44.2335,3174583
2017-04-17,887.5,902.38,887.5,45.0995,2854673
2017-04-18,900.99,909.61,900.78,45.189,2999238
2017-04-19,907.84,910.5,897.369,44.96,2870242
2017-04-20,899.7,905.32,896.29,45.103,2814441
2017-04-21,902.67,903.65,896.77,44.9265,2420494
2017-04-24,908.68,909.99,903.82,45.3705,3118123
2017-04-25,907.04,909.48,903.0,45.381,3367734
2017-04-26,910.3,915.749,907.56,45.4645,2562595
2017-04-27,914.39,921.86,912.11,45.919,4255693
2017-04-28,948.83,949.59,924.3335,46.2495,7278819
2017-05-01,927.8,954.4,927.8,47.4115,5415793
2017-05-02,946.645,950.1,941.413,47.347,3800912
2017-05-03,946.0,946.0,935.9,47.0515,3544234
2017-05-04,944.75,945.0,934.215,46.8765,2380874
2017-05-05,940.52,940.79,930.3,46.7075,2856585
2017-05-08,940.95,949.05,939.21,47.452,3370672
2017-05-09,952.8,957.89,950.2,47.641,3230630
2017-05-10,953.5,953.7499,945.0,47.4475,2083441
2017-05-11,945.11,950.29,940.775,47.381,2135393
2017-05-12,954.5,962.79,951.53,48.0675,3605620
2017-05-15,958.73,963.15,956.055,47.8985,4245856
2017-05-16,961.0,970.06,960.91,48.3035,3050005
2017-05-17,954.7,960.3957,944.12,47.238,5073254
2017-05-18,944.8,962.75,944.76,47.9245,3876816
2017-05-19,962.84,968.92,959.72,47.992,3846299
2017-05-22,964.0,971.38,962.9,48.5335,2613805
2017-05-23,975.02,975.2,966.85,48.577,2395510
2017-05-24,976.0,981.0,970.23,49.0175,2407995
2017-05-25,984.85,999.0,982.11,49.669,4737390
2017-05-26,995.0,998.65,989.2491,49.789,3394090
2017-05-30,996.51,1001.2,995.52,49.835,3245760
2017-05-31,1000.0,1000.12,982.16,49.731,3912535
2017-06-01,998.59,998.99,991.37,49.7975,2384298
2017-06-02,998.99,1008.48,995.67,50.3365,3714954
2017-06-05,1007.23,1013.21,1003.51,50.567,2676857
2017-06-06,1012.0,1016.5,1001.25,50.15,3298378
2017-06-07,1005.95,1010.25,1002.0,50.5035,2779551
2017-06-08,1012.06,1013.61,1006.11,50.5135,2724408
2017-06-09,1012.5,1012.99,927.0,48.9155,7647692
2017-06-12,967.0,975.95,945.0,48.2455,9393802
2017-06-13,977.99,984.5,966.1,49.0395,4533933
2017-06-14,988.59,990.34,966.71,48.8235,3943670
2017-06-15,958.7,965.73,950.86,48.2085,5202147
2017-06-16,996.0,999.75,982.0,49.3855,11314754
2017-06-19,1017.0,1017.0,989.9,49.7585,4967600
2017-06-20,998.0,1004.88,992.02,49.6295,4040990
2017-06-21,998.7,1002.72,992.6518,50.1115,2892563
2017-06-22,1002.23,1006.96,997.2,50.065,2221035
2017-06-23,1002.54,1004.62,998.02,50.187,2645973
2017-06-26,1008.5,1009.8,992.0,49.699,3347195
2017-06-27,990.69,998.8,976.0,48.839,3735360
2017-06-28,978.55,990.68,969.21,49.5165,3708638
2017-06-29,979.0,987.56,965.25,48.7965,4246765
2017-06-30,980.12,983.47,967.61,48.4,3309138
2017-07-03,972.79,974.49,951.0001,47.683,2908267
2017-07-05,961.53,975.0,955.25,48.57,3587645
2017-07-06,964.66,974.4,959.02,48.257,3229378
2017-07-07,969.55,980.11,969.14,48.938,2582645
2017-07-10,985.0,999.4392,983.5,49.8235,3462884
2017-07-11,993.0,995.99,983.72,49.7065,2947479
2017-07-12,1000.65,1008.55,998.1,50.3255,3491988
2017-07-13,1004.62,1006.88,995.9,50.0315,2864533
2017-07-14,1002.4,1004.45,996.89,50.0905,2066362
2017-07-17,1004.69,1014.75,1003.81,50.502,3636801
2017-07-18,1006.0,1026.03,1004.0,51.2225,3957892
2017-07-19,1025.0,1031.59,1022.5,51.3435,2936902
2017-07-20,1031.59,1034.97,1022.52,51.435,2964341
2017-07-21,1021.28,1026.1,1011.0,51.2835,2677517
2017-07-24,1028.34,1043.01,1027.43,51.9475,3212499
2017-07-25,1038.05,1043.33,1032.48,51.9935,2432328
2017-07-26,1043.2,1053.2,1043.2,52.64,2828980
2017-07-27,1069.55,1083.31,1040.18,52.3,9905158
2017-07-28,1012.14,1032.85,1001.0,51.002,7624498
2017-07-31,1019.05,1019.05,987.02,49.389,7246638
2017-08-01,996.11,1006.4,991.58,49.8095,4421395
2017-08-02,1001.77,1003.21,981.73,49.7945,4017780
2017-08-03,999.47,999.5,984.59,49.346,3203134
2017-08-04,989.68,991.672,982.0,49.379,2704026
2017-08-07,990.65,995.0,987.14,49.6135,2676607
2017-08-08,994.35,996.28,985.79,49.492,2847527
2017-08-09,982.6,988.0,975.27,49.1005,3434077
2017-08-10,976.295,979.86,954.68,47.846,5560388
2017-08-11,960.0,970.39,951.38,48.3995,3431423
2017-08-14,978.41,985.5,976.19,49.165,3008007
2017-08-15,988.9,991.74,982.0,49.137,2513139
2017-08-16,981.65,986.4605,973.22,48.909,3096051
2017-08-17,977.84,977.84,960.32,48.0285,3396045
2017-08-18,961.4,965.43,954.65,47.9235,3248677
2017-08-21,957.57,961.2,945.46,47.6645,3008450
2017-08-22,955.52,967.93,955.495,48.345,2718261
2017-08-23,959.38,962.0,954.2,47.9,2590245
2017-08-24,957.42,959.0,941.14,47.6225,5086748
2017-08-25,956.0,957.621,944.1,47.263,3292776
2017-08-28,946.54,953.0,942.25,47.301,2529087
2017-08-29,940.0,956.0,936.33,47.703,2853972
2017-08-30,958.44,969.41,956.9062,48.3795,2860718
2017-08-31,974.7,981.0,972.76,49.03,3280945
2017-09-01,984.2,984.5,976.875,48.9125,2423132
2017-09-05,975.4,976.7699,960.37,48.2635,2875228
2017-09-06,968.32,971.84,960.6,48.39,2106605
2017-09-07,974.0,980.59,972.55,48.9735,2536000
2017-09-08,979.1,979.88,963.47,48.295,2578269
2017-09-11,974.46,981.94,974.22,48.898,2134582
2017-09-12,983.27,984.6718,975.517,49.129,2444699
2017-09-13,983.97,1000.0,979.42,49.98,3314978
2017-09-14,996.8,998.56,987.74,49.6105,3788472
2017-09-15,993.01,996.25,984.03,49.3395,3697742
2017-09-18,990.4,992.7922,968.17,48.7095,3376772
2017-09-19,977.25,978.24,967.46,48.493,2614059
2017-09-20,971.79,974.81,962.1626,48.6605,2727355
2017-09-21,971.31,971.7,962.02,48.2325,2252940
2017-09-22,961.01,965.61,954.42,47.755,2602418
2017-09-25,949.31,949.42,932.89,46.9895,5065542
2017-09-26,945.49,948.63,931.75,46.93,3464183
2017-09-27,948.0,955.3,943.3,47.5435,3111263
2017-09-28,951.86,959.7,950.101,47.82,2512567
2017-09-29,960.11,964.83,958.375,48.0675,2411643
2017-10-02,964.0,967.305,952.1201,47.9595,2415846
2017-10-03,958.0,963.69,950.37,47.855,2643484
2017-10-04,954.21,967.79,954.05,48.2725,2460721
2017-10-05,970.0,981.51,969.64,49.0425,3119487
2017-10-06,975.64,995.75,975.64,49.479,3719840
2017-10-09,993.24,998.5,987.5,49.5495,2927994
2017-10-10,996.67,997.95,980.099,49.36,3062820
2017-10-11,991.27,995.5,986.695,49.75,2310872
2017-10-12,996.81,1008.44,992.4,50.0465,4056172
2017-10-13,1007.0,1007.77,1001.03,50.147,2399403
2017-10-16,1008.44,1009.57,1001.04,50.317,1991556
2017-10-17,1005.59,1011.47,1004.38,50.4565,2307075
2017-10-18,1009.27,1022.31,996.55,49.85,2477357
2017-10-19,990.0,991.05,980.24,49.3305,3040066
2017-10-20,993.53,994.62,982.0,49.1455,2294145
2017-10-23,986.73,986.775,962.5,48.315,3465469
2017-10-24,969.0,979.85,965.0,48.795,2666782
2017-10-25,978.0,984.44,966.24,48.6455,2969295
2017-10-26,980.33,982.9,968.55,48.6215,3670282
2017-10-27,1058.14,1105.58,1050.55,55.0475,16360527
2017-10-30,1095.01,1122.79,1093.56,55.5425,6516639
2017-10-31,1109.0,1110.54,1101.12,55.264,3428461
2017-11-01,1105.4,1108.97,1096.74,55.184,3723680
2017-11-02,1097.81,1101.94,1086.87,54.711,3658748
2017-11-03,1091.15,1112.68,1088.52,55.58,3685172
2017-11-06,1109.15,1125.41,1108.77,56.033,3313857
2017-11-07,1124.74,1130.6,1117.5,56.1585,2623474
2017-11-08,1122.82,1135.54,1119.11,56.644,2534748
2017-11-09,1125.96,1129.62,1115.77,56.4565,3661411
2017-11-10,1126.1,1131.75,1124.06,56.2675,2162985
2017-11-13,1123.0,1139.9,1122.34,56.4585,2897563
2017-11-14,1130.11,1138.0,1123.89,56.842,3042295
2017-11-15,1127.01,1131.75,1121.63,56.3345,3897230
2017-11-16,1130.16,1138.16,1130.05,56.8645,2190456
2017-11-17,1138.28,1138.8,1125.81,56.494,2333554
2017-11-20,1129.77,1133.42,1122.55,56.3155,2134381
2017-11-21,1132.86,1140.0,1128.2,56.9745,2449503
2017-11-22,1141.0,1160.27,1141.0,57.808,3516336
2017-11-24,1160.7,1186.84,1160.7,59.3,3526582
2017-11-27,1202.66,1213.41,1191.15,59.7915,6701343
2017-11-28,1204.88,1205.34,1188.52,59.68,4463476
2017-11-29,1194.8,1194.8,1145.19,58.0635,9239087
2017-11-30,1167.1,1178.57,1160.0,58.8375,4470183
2017-12-01,1172.05,1179.65,1152.0,58.1175,4070722
2017-12-04,1173.85,1175.2,1128.0,56.6975,5872358
2017-12-05,1128.26,1159.27,1124.74,57.0785,4033184
2017-12-06,1137.99,1155.89,1136.08,57.6175,2756730
2017-12-07,1156.59,1163.19,1151.0,57.9895,2408323
2017-12-08,1170.4,1172.79,1157.1,58.1,2957785
2017-12-11,1164.6,1169.9,1157.0,58.446,2257922
2017-12-12,1166.51,1173.6,1161.61,58.254,2197697
2017-12-13,1170.0,1170.87,1160.27,58.2065,2555053
2017-12-14,1163.71,1177.93,1162.45,58.713,3069993
2017-12-15,1179.03,1182.75,1169.33,58.957,4539895
2017-12-18,1187.37,1194.78,1180.91,59.529,2767271
2017-12-19,1189.15,1192.97,1179.14,59.369,2555235
2017-12-20,1190.5,1191.0,1176.0,58.881,2318916
2017-12-21,1175.9,1179.17,1167.64,58.738,2042448
2017-12-22,1172.08,1174.62,1167.83,58.418,1553997
2017-12-26,1168.36,1178.32,1160.55,58.838,1964871
2017-12-27,1179.91,1187.29,1175.61,59.113,1779382
2017-12-28,1189.0,1190.1,1184.38,59.305,1803460
2017-12-29,1182.35,1184.0,1167.5,58.4735,2625283
2018-01-02,1172.0,1190.0,1170.51,59.4505,2587899
2018-01-03,1188.3,1205.49,1188.3,60.21,3044664
2018-01-04,1205.0,1215.87,1204.66,60.4795,3000366
2018-01-05,1217.51,1229.14,1210.0,61.457,3430148
2018-01-08,1236.0,1253.08,1232.03,62.3435,4177533
2018-01-09,1256.9,1259.33,1241.76,62.635,3646681
2018-01-10,1245.15,1254.33,1237.23,62.7165,2659507
2018-01-11,1259.74,1276.77,1256.46,63.834,3075315
2018-01-12,1273.39,1305.76,1273.39,65.26,5360681
2018-01-16,1323.0,1339.94,1292.3,65.243,7111172
2018-01-17,1312.24,1314.0,1280.88,64.75,5166748
2018-01-18,1293.95,1304.6,1284.02,64.666,3941007
2018-01-19,1312.0,1313.0,1292.99,64.729,4395070
2018-01-22,1297.17,1327.45,1296.66,66.3655,3970151
2018-01-23,1338.09,1364.9,1337.34,68.127,5056764
2018-01-24,1374.82,1388.16,1338.0,67.8755,6730084
2018-01-25,1368.0,1378.34,1357.62,68.8975,4621862
2018-01-26,1392.01,1402.53,1380.91,70.1025,4584082
2018-01-29,1409.18,1431.39,1400.44,70.884,5628992
2018-01-30,1403.17,1439.25,1392.0,71.891,5736512
2018-01-31,1451.3,1472.58,1450.04,72.5445,6220396
2018-02-01,1445.0,1459.88,1385.14,69.5,7812953
2018-02-02,1477.39,1498.0,1414.0,71.4975,10915962
2018-02-05,1402.62,1458.98,1320.72,69.5,10756332
2018-02-06,1361.46,1443.99,1351.79,72.142,10773963
2018-02-07,1449.0,1460.99,1415.15,70.839,7066828
2018-02-08,1429.68,1433.75,1349.94,67.525,8108560
2018-02-09,1373.49,1383.5,1265.93,66.98,13787886
2018-02-12,1364.67,1393.81,1344.01,69.3115,6682214
2018-02-13,1385.93,1419.72,1383.53,70.7255,5858860
2018-02-14,1406.25,1452.06,1403.36,72.5525,5881238
2018-02-15,1466.89,1468.94,1436.84,73.088,5598111
2018-02-16,1457.37,1465.8,1446.56,72.4345,4410879
2018-02-20,1446.49,1488.77,1446.49,73.4175,6388374
2018-02-21,1485.0,1503.49,1478.92,74.146,6216694
2018-02-22,1495.36,1502.54,1475.76,74.267,4732555
2018-02-23,1495.34,1500.0,1486.5,75.0,4327008
2018-02-26,1509.2,1522.84,1507.0,76.0975,4909053
2018-02-27,1524.5,1526.78,1507.21,75.599,4708378
2018-02-28,1519.51,1528.7,1512.0,75.6225,4426580
2018-03-01,1513.6,1518.49,1465.0,74.6725,6835230
2018-03-02,1469.1,1501.05,1455.01,75.0125,6587564
2018-03-05,1494.24,1525.38,1481.0,76.1805,5233934
2018-03-06,1533.2,1542.13,1528.0,76.882,4561718
2018-03-07,1526.52,1545.9,1522.51,77.25,4174123
2018-03-08,1550.0,1554.88,1545.25,77.593,3512528
2018-03-09,1563.5,1578.94,1559.08,78.9445,4417059
2018-03-12,1592.6,1605.33,1586.7,79.9195,5115886
2018-03-13,1615.96,1617.54,1578.01,79.409,6427066
2018-03-14,1597.0,1606.44,1590.89,79.55,4164395
2018-03-15,1595.0,1596.91,1578.11,79.116,4026744
2018-03-16,1583.45,1589.44,1567.5,78.584,5145054
2018-03-19,1554.53,1561.66,1525.35,77.2465,6376619
2018-03-20,1550.34,1587.0,1545.41,79.3255,4507049
2018-03-21,1586.45,1590.0,1563.17,79.093,4667291
2018-03-22,1565.47,1573.85,1542.4,77.246,6177737
2018-03-23,1539.01,1549.02,1495.36,74.778,7843966
2018-03-26,1530.0,1556.99,1499.25,77.793,5547618
2018-03-27,1572.4,1575.97,1482.32,74.8525,6793279
2018-03-28,1447.0,1455.9,1386.17,71.571,13705317
2018-03-29,1406.0,1455.47,1365.2,72.367,12581121
2018-04-02,1417.62,1421.36,1355.0,68.5995,10463607
2018-04-03,1391.38,1414.0,1355.33,69.6025,10231212
2018-04-04,1358.24,1415.39,1352.88,70.5285,6982305
2018-04-05,1441.99,1459.56,1427.07,72.5875,6413459
2018-04-06,1429.97,1452.5,1400.26,70.2615,5882257
2018-04-09,1425.03,1438.48,1402.57,70.304,4208206
2018-04-10,1431.99,1438.38,1415.7,71.811,4280144
2018-04-11,1439.44,1448.78,1424.89,71.3525,3582533
2018-04-12,1439.5,1452.12,1435.06,72.425,3135027
2018-04-13,1449.14,1459.78,1424.52,71.5395,3685267
2018-04-16,1445.0,1447.0,1427.48,72.075,2808624
2018-04-17,1462.3,1507.19,1457.02,75.1915,5114403
2018-04-18,1514.65,1533.8,1504.11,76.392,5227509
2018-04-19,1543.22,1568.52,1539.06,77.8455,6523728
2018-04-20,1561.2,1561.2,1516.09,76.3745,5541622
2018-04-23,1546.69,1548.0,1503.41,75.893,4465424
2018-04-24,1535.8,1539.5,1448.45,73.0045,7494699
2018-04-25,1458.0,1469.99,1415.02,73.0085,6587290
2018-04-26,1485.01,1529.42,1478.5,75.898,8801101
2018-04-27,1634.01,1638.1,1567.39,78.631,13053241
2018-04-30,1582.5,1596.0,1560.94,78.3065,5464085
2018-05-01,1563.22,1585.0,1552.18,79.113,4572071
2018-05-02,1580.98,1588.5,1566.36,78.484,4360273
2018-05-03,1560.01,1574.8,1546.02,78.604,4251917
2018-05-04,1562.45,1584.9,1562.19,79.0475,3443567
2018-05-07,1589.34,1606.95,1587.83,80.007,3801855
2018-05-08,1595.0,1596.88,1582.51,79.6195,3067949
2018-05-09,1600.0,1608.0,1592.0,80.4,3637302
2018-05-10,1608.48,1615.6,1603.44,80.454,2817450
2018-05-11,1610.99,1611.1,1597.89,80.1455,2263900
2018-05-14,1604.0,1611.18,1600.05,80.077,2509483
2018-05-15,1587.8,1587.8,1565.22,78.806,5077465
2018-05-16,1577.5,1594.43,1576.67,79.364,2570572
2018-05-17,1580.56,1594.04,1573.0,79.088,2147606
2018-05-18,1581.33,1583.59,1572.1,78.7185,2642584
2018-05-21,1585.0,1592.05,1575.0,79.273,2925235
2018-05-22,1589.89,1589.89,1575.25,79.07,2115639
2018-05-23,1571.05,1601.86,1566.34,80.093,3361892
2018-05-24,1598.03,1608.24,1588.38,80.1535,3429975
2018-05-25,1603.0,1614.12,1600.45,80.5075,2698400
2018-05-29,1600.71,1621.79,1600.15,80.6435,3846477
2018-05-30,1618.1,1626.0,1612.93,81.2445,2907357
2018-05-31,1623.0,1635.0,1621.35,81.481,3166330
2018-06-01,1637.03,1646.73,1635.09,82.077,3313385
2018-06-04,1648.9,1665.68,1645.49,83.2635,3187737
2018-06-05,1672.99,1699.0,1670.06,84.8175,4782177
2018-06-06,1704.51,1714.5,1686.47,84.7875,5473213
2018-06-07,1698.56,1699.9,1676.11,84.465,3765687
2018-06-08,1681.12,1689.44,1673.01,84.1995,2955110
2018-06-11,1681.51,1694.24,1680.59,84.456,2335484
2018-06-12,1693.0,1699.51,1691.52,84.9375,2259215
2018-06-13,1702.81,1713.75,1700.12,85.243,3327529
2018-06-14,1713.48,1724.8,1708.87,86.193,3174415
2018-06-15,1714.0,1720.87,1708.52,85.7985,4777646
2018-06-18,1706.26,1726.74,1702.56,86.1895,3107742
2018-06-19,1709.04,1736.11,1700.39,86.739,4290117
2018-06-20,1742.5,1762.93,1741.36,87.504,4332591
2018-06-21,1760.0,1763.1,1717.56,86.511,4941148
2018-06-22,1742.62,1743.0,1711.9,85.7835,4075124
2018-06-25,1702.51,1705.0,1646.31,83.1575,7511196
2018-06-26,1672.37,1701.57,1663.34,84.5545,4386585
2018-06-27,1708.11,1711.95,1660.0,83.0255,4872201
2018-06-28,1672.54,1705.5,1661.17,85.0725,4529700
2018-06-29,1717.0,1723.41,1694.32,84.99,4543508
2018-07-02,1682.7,1713.89,1678.06,85.689,3185696
2018-07-03,1723.96,1725.0,1692.48,84.698,2177276
2018-07-05,1705.38,1710.69,1682.15,84.9865,2983110
2018-07-06,1696.0,1715.27,1691.67,85.5315,2650262
2018-07-09,1724.05,1739.56,1716.23,86.951,3011988
2018-07-10,1738.53,1750.0,1731.0,87.1535,3002905
2018-07-11,1737.99,1756.96,1734.0,87.75,3209782
2018-07-12,1764.51,1798.0,1762.18,89.831,4532743
2018-07-13,1803.93,1815.3,1795.23,90.6515,4386679
2018-07-16,1821.95,1841.95,1814.45,91.1245,5466195
2018-07-17,1811.56,1851.69,1797.38,92.1965,5682881
2018-07-18,1848.0,1858.88,1831.27,92.146,4861913
2018-07-19,1829.46,1841.0,1811.27,90.6485,4676942
2018-07-20,1825.01,1834.84,1810.06,90.685,3891566
2018-07-23,1812.21,1819.0,1769.99,90.1,3888462
2018-07-24,1829.01,1840.0,1809.38,91.462,4278723
2018-07-25,1829.3,1863.84,1822.64,93.1805,3836333
2018-07-26,1839.0,1844.68,1804.5,90.4,9924371
2018-07-27,1876.05,1880.05,1806.53,90.8635,9680959
2018-07-30,1827.33,1829.5,1766.02,88.961,6562321
2018-07-31,1786.49,1801.83,1739.32,88.872,5738713
2018-08-01,1784.0,1798.44,1776.02,89.8585,4153096
2018-08-02,1788.77,1836.56,1786.0,91.7165,4354681
2018-08-03,1837.74,1841.0,1821.5,91.1645,3460487
2018-08-06,1825.81,1847.77,1818.92,92.3875,3391825
2018-08-07,1854.53,1869.72,1846.27,93.124,3377473
2018-08-08,1861.0,1891.51,1854.5,94.326,3963017
2018-08-09,1882.0,1914.57,1877.48,94.926,4860374
2018-08-10,1888.51,1899.5,1878.21,94.315,3639927
2018-08-13,1898.5,1925.0,1893.67,94.81,5531475
2018-08-14,1919.39,1921.01,1900.0,95.9825,3986123
2018-08-15,1909.55,1916.21,1869.79,94.131,7700682
2018-08-16,1903.94,1905.0,1883.55,94.326,3957090
2018-08-17,1885.8,1888.0,1855.55,94.111,4104300
2018-08-20,1890.57,1891.75,1866.06,93.8355,2862016
2018-08-21,1880.0,1897.75,1874.41,94.171,3105626
2018-08-22,1876.64,1905.8,1876.64,95.245,3080464
2018-08-23,1907.17,1919.5,1900.76,95.145,3562997
2018-08-24,1910.51,1916.01,1902.54,95.2695,2800863
2018-08-27,1915.0,1927.7,1909.28,96.384,3569037
2018-08-28,1937.73,1941.78,1928.82,96.641,3100727
2018-08-29,1953.45,1998.69,1948.94,99.905,6531761
2018-08-30,1997.42,2025.57,1986.9,100.119,7277257
2018-08-31,2007.0,2022.38,2004.74,100.6355,4204378
2018-09-04,2026.5,2050.5,2013.0,101.9755,5721093
2018-09-05,2038.11,2040.38,1989.89,99.741,8220576
2018-09-06,2006.51,2007.5,1935.21,97.9155,7488680
2018-09-07,1938.71,1975.2,1937.35,97.6035,4892643
2018-09-10,1971.0,1973.04,1931.52,96.9505,4544831
2018-09-11,1928.27,1988.88,1917.0,99.3575,5033645
2018-09-12,1994.0,2000.0,1962.44,99.5,4414012
2018-09-13,2000.0,2008.76,1982.03,99.4935,3621511
2018-09-14,1992.93,1993.65,1959.22,98.5095,3642030
2018-09-17,1954.73,1956.82,1887.41,95.4015,7050192
2018-09-18,1918.65,1958.2,1915.44,97.0525,4268706
2018-09-19,1940.5,1940.83,1904.9,96.321,4056822
2018-09-20,1938.58,1955.0,1932.25,97.215,3154934
2018-09-21,1954.22,1957.31,1910.5,95.7505,6855898
2018-09-24,1903.79,1936.88,1865.0,96.718,4213728
2018-09-25,1942.9,1975.91,1938.85,98.7275,4538407
2018-09-26,1968.5,1995.25,1961.52,98.7425,4313459
2018-09-27,1993.24,2016.16,1988.58,100.649,4329391
2018-09-28,2004.41,2026.52,1996.46,100.15,4085135
2018-10-01,2021.99,2033.19,2003.6,100.218,3468285
2018-10-02,1999.99,2013.39,1965.77,98.5655,5400749
2018-10-03,1981.7,1989.7,1949.81,97.638,5253131
2018-10-04,1949.0,1956.0,1896.57,95.471,7256973
2018-10-05,1917.99,1929.08,1862.83,94.4825,6822327
2018-10-08,1874.0,1902.0,1830.66,93.221,7393199
2018-10-09,1859.99,1896.68,1852.32,93.516,4772866
2018-10-10,1857.89,1858.56,1754.41,87.7625,10988855
2018-10-11,1724.0,1755.4,1685.1,85.968,13935872
2018-10-12,1808.0,1808.95,1742.53,89.4305,9444587
2018-10-15,1795.0,1795.05,1734.23,88.0475,6437162
2018-10-16,1783.5,1823.88,1761.55,90.998,5859918
2018-10-17,1842.79,1845.0,1807.0,91.5865,5295177
2018-10-18,1821.49,1830.15,1767.87,88.536,5873995
2018-10-19,1785.16,1809.1,1753.0,88.2015,5907246
2018-10-22,1784.0,1809.5,1756.0,89.465,4500015
2018-10-23,1742.24,1776.34,1714.0,88.435,6723913
2018-10-24,1773.7,1777.71,1656.56,83.21,6928383
2018-10-25,1703.34,1794.81,1692.01,89.1085,10285742
2018-10-26,1649.59,1698.46,1603.0,82.1405,14963783
2018-10-29,1660.0,1665.74,1495.0,76.944,13866077
2018-10-30,1486.16,1540.99,1476.36,76.521,12460086
2018-10-31,1569.99,1623.91,1565.09,79.9005,9390211
2018-11-01,1623.53,1670.45,1598.44,83.2765,8135539
2018-11-02,1678.59,1697.44,1651.83,83.2765,6955548
2018-11-05,1657.57,1658.09,1596.36,81.39,5624727
2018-11-06,1618.35,1665.0,1614.55,82.1405,4257353
2018-11-07,1673.0,1759.23,1664.08,87.7745,8192234
2018-11-08,1755.0,1784.0,1725.11,87.7455,6534866
2018-11-09,1732.5,1743.92,1701.87,85.6215,5902186
2018-11-12,1698.24,1708.55,1630.01,81.8425,6806245
2018-11-13,1649.29,1677.06,1613.75,81.5585,5933271
2018-11-14,1656.32,1673.0,1597.07,79.9505,6486891
2018-11-15,1581.01,1624.82,1546.51,80.972,8427337
2018-11-16,1587.5,1614.48,1573.12,79.6705,6066080
2018-11-19,1577.01,1581.19,1503.36,75.6145,7789981
2018-11-20,1437.5,1534.75,1420.0,74.773,10878823
2018-11-21,1542.99,1550.0,1515.0,75.8365,5716800
2018-11-23,1517.0,1536.2,1501.81,75.103,2707642
2018-11-26,1539.0,1584.81,1524.22,79.0665,6257716
2018-11-27,1575.99,1597.65,1558.01,79.071,5783227
2018-11-28,1613.92,1681.45,1601.22,83.8875,8458738
2018-11-29,1674.99,1689.99,1652.33,83.6785,6613243
2018-11-30,1679.5,1696.0,1666.5,84.5085,5761761
2018-12-03,1769.46,1778.34,1730.0,88.618,6862160
2018-12-04,1756.0,1770.34,1665.0,83.42,8694455
2018-12-06,1614.87,1701.05,1609.85,84.9595,8789394
2018-12-07,1705.07,1718.93,1625.46,81.4565,7576132
2018-12-10,1623.84,1657.99,1590.87,82.0515,7494808
2018-12-11,1678.0,1679.47,1619.6,82.162,6244695
2018-12-12,1669.0,1704.99,1660.27,83.177,6597968
2018-12-13,1680.0,1692.12,1641.5,82.919,5271162
2018-12-14,1638.0,1642.57,1585.0,79.5955,6367163
2018-12-17,1566.0,1576.13,1505.01,76.0455,8829762
2018-12-18,1540.0,1567.55,1523.01,77.574,6522975
2018-12-19,1543.05,1584.53,1483.18,74.754,8792189
2018-12-20,1484.0,1509.5,1432.69,73.0415,9991833
2018-12-21,1464.99,1480.0,1363.96,68.8725,13640320
2018-12-24,1346.0,1396.03,1307.0,67.198,7219996
2018-12-26,1368.89,1473.16,1363.01,73.545,10411801
2018-12-27,1454.2,1469.0,1390.31,73.082,9722034
2018-12-28,1473.35,1513.47,1449.0,73.901,8828950
2018-12-31,1510.8,1520.76,1487.0,75.0985,6954507
2019-01-02,1465.2,1553.36,1460.93,76.9565,7983103
2019-01-03,1520.01,1538.0,1497.11,75.014,6975572
2019-01-04,1530.0,1594.0,1518.31,78.7695,9182575
2019-01-07,1602.31,1634.56,1589.19,81.4755,7993213
2019-01-08,1664.69,1676.61,1616.61,82.829,8881428
2019-01-09,1652.98,1667.8,1641.4,82.971,6348801
2019-01-10,1641.01,1663.25,1621.62,82.811,6507693
2019-01-11,1640.55,1660.29,1636.22,82.028,4686222
2019-01-14,1615.0,1648.2,1595.15,80.8605,6005888
2019-01-15,1632.0,1675.16,1626.01,83.728,5998510
2019-01-16,1684.22,1705.0,1675.88,84.189,6366864
2019-01-17,1680.0,1700.17,1677.5,84.661,4208875
2019-01-18,1712.0,1716.2,1691.54,84.81,6020503
2019-01-22,1681.0,1681.87,1610.2,81.6085,6416796
2019-01-23,1656.0,1657.43,1612.0,82.001,5225212
2019-01-24,1641.07,1657.26,1631.78,82.7465,4089943
2019-01-25,1670.5,1683.48,1661.61,83.5285,4959679
2019-01-28,1643.59,1645.0,1614.09,81.8945,4837711
2019-01-29,1631.27,1632.38,1590.72,79.694,4632782
2019-01-30,1623.0,1676.95,1619.68,83.5215,5783822
2019-01-31,1692.85,1736.41,1679.08,85.9365,10910338
2019-02-01,1638.88,1673.06,1622.01,81.3115,11506213
2019-02-04,1623.0,1649.63,1613.5,81.6655,4929187
2019-02-05,1643.34,1665.26,1642.5,82.9405,4453105
2019-02-06,1670.75,1672.26,1633.34,82.013,3939883
2019-02-07,1625.0,1625.54,1592.91,80.7185,4626589
2019-02-08,1586.0,1588.59,1566.76,79.411,5657457
2019-02-11,1600.98,1609.29,1586.0,79.55,3317328
2019-02-12,1604.0,1639.4,1598.88,81.9005,4858604
2019-02-13,1647.0,1656.38,1637.11,82.0,3560321
2019-02-14,1624.5,1637.9,1606.06,81.1325,4120524
2019-02-15,1627.86,1628.91,1604.5,80.3975,4343893
2019-02-19,1601.0,1634.0,1600.56,81.379,3681656
2019-02-20,1630.0,1634.93,1610.12,81.105,3337589
2019-02-21,1619.85,1623.56,1600.91,80.972,3483392
2019-02-22,1623.5,1634.94,1621.17,81.578,3096191
2019-02-25,1641.45,1654.6,1630.39,81.65,3184462
2019-02-26,1625.98,1639.99,1616.13,81.82,2665815
2019-02-27,1628.18,1641.81,1615.1,82.0545,3148824
2019-02-28,1635.25,1651.77,1633.83,81.9915,3025891
2019-03-01,1655.13,1674.26,1651.0,83.5865,4974877
2019-03-04,1685.0,1709.43,1674.36,84.8085,6167358
2019-03-05,1702.95,1707.8,1689.01,84.6215,3681522
2019-03-06,1695.97,1697.75,1668.28,83.4475,3996001
2019-03-07,1667.37,1669.75,1620.51,81.2975,4957017
2019-03-08,1604.01,1622.72,1586.57,81.04,4667014
2019-03-11,1626.12,1672.29,1626.01,83.531,3876352
2019-03-12,1669.0,1684.27,1660.98,83.655,3614498
2019-03-13,1683.0,1700.0,1679.35,84.5405,3552041
2019-03-14,1691.2,1702.0,1684.34,84.311,2946618
2019-03-15,1703.0,1718.8,1693.13,85.618,7550870
2019-03-18,1712.7,1750.0,1712.63,87.1075,5429058
2019-03-19,1753.51,1784.16,1753.51,88.0925,6364161
2019-03-20,1769.94,1799.5,1767.03,89.8635,6265633
2019-03-21,1796.26,1823.75,1787.28,90.963,5767797
2019-03-22,1810.17,1818.98,1763.11,88.2385,6362983
2019-03-25,1757.79,1782.68,1747.5,88.713,5103803
2019-03-26,1793.0,1805.77,1773.36,89.188,4865880
2019-03-27,1784.13,1787.5,1745.68,88.285,4324801
2019-03-28,1770.0,1777.93,1753.47,88.671,3042958
2019-03-29,1786.58,1792.86,1776.63,89.0375,3320793
2019-04-01,1800.11,1815.67,1798.73,90.7095,4238752
2019-04-02,1811.02,1820.0,1805.12,90.699,3448115
2019-04-03,1826.72,1830.0,1809.62,91.035,3980590
2019-04-04,1820.65,1828.75,1804.2,90.943,3623867
2019-04-05,1829.0,1838.58,1825.19,91.864,3640476
2019-04-08,1833.23,1850.2,1825.11,92.493,3752841
2019-04-09,1845.49,1853.09,1831.78,91.792,3714368
2019-04-10,1841.0,1848.0,1828.81,92.3665,2963973
2019-04-11,1848.7,1849.95,1840.31,92.2035,2654842
2019-04-12,1848.4,1851.5,1841.3,92.153,3114413
2019-04-15,1842.0,1846.85,1818.9,92.2435,3724423
2019-04-16,1851.35,1869.77,1848.0,93.152,3044618
2019-04-17,1872.99,1876.47,1860.44,93.241,2893517
2019-04-18,1868.79,1870.82,1859.48,93.0845,2749882
2019-04-22,1855.4,1888.42,1845.64,94.3655,3373807
2019-04-23,1891.2,1929.26,1889.58,96.1885,4640441
2019-04-24,1925.0,1929.69,1898.16,95.0875,3675781
2019-04-25,1917.0,1922.45,1900.31,95.1125,6099101
2019-04-26,1929.0,1951.0,1898.0,97.5315,8432563
2019-04-29,1949.0,1956.34,1934.09,96.9215,4021255
2019-04-30,1930.1,1935.71,1906.95,96.326,3506007
2019-05-01,1933.09,1943.64,1910.55,95.576,3116964
2019-05-02,1913.33,1921.55,1881.87,95.041,3962915
2019-05-03,1949.0,1964.4,1936.0,98.123,6381564
2019-05-06,1917.98,1959.0,1910.5,97.5275,5417841
2019-05-07,1939.99,1949.1,1903.38,96.05,5902134
2019-05-08,1918.87,1935.37,1910.0,95.8885,4078568
2019-05-09,1900.0,1909.4,1876.0,94.9935,5308263
2019-05-10,1898.0,1903.79,1856.0,94.499,5717994
2019-05-13,1836.56,1846.54,1818.0,91.134,5783410
2019-05-14,1839.5,1852.44,1815.75,92.006,4629107
2019-05-15,1827.95,1874.43,1823.0,93.5575,4692642
2019-05-16,1885.94,1917.51,1882.29,95.3785,4707822
2019-05-17,1893.05,1910.53,1867.33,93.45,4736618
2019-05-20,1852.69,1867.78,1835.54,92.9485,3798198
2019-05-21,1874.79,1879.0,1846.0,92.876,4005122
2019-05-22,1851.78,1871.49,1851.0,92.984,2936601
2019-05-23,1836.59,1844.0,1804.2,90.774,4424265
2019-05-24,1835.89,1841.76,1817.85,91.164,3369673
2019-05-28,1832.75,1849.27,1827.35,91.8215,3199965
2019-05-29,1823.12,1830.0,1807.53,90.9595,4279025
2019-05-30,1825.49,1829.47,1807.83,90.816,3146850
2019-05-31,1790.01,1795.59,1772.7,88.7535,4618819
2019-06-03,1760.01,1766.29,1672.0,84.6345,9098708
2019-06-04,1699.24,1730.82,1680.89,86.478,5679121
2019-06-05,1749.6,1752.0,1715.25,86.925,4239782
2019-06-06,1737.71,1760.0,1726.13,87.718,3689272
2019-06-07,1763.7,1806.25,1759.49,90.2015,4808246
2019-06-10,1822.0,1884.87,1818.0,93.0315,5371007
2019-06-11,1883.25,1893.7,1858.0,93.185,4042694
2019-06-12,1853.98,1865.0,1844.38,92.766,2678335
2019-06-13,1866.72,1883.09,1862.22,93.515,2795810
2019-06-14,1864.0,1876.0,1859.0,93.4835,2851163
2019-06-17,1876.5,1895.69,1875.45,94.3015,2634342
2019-06-18,1901.35,1921.67,1899.79,95.0685,3895728
2019-06-19,1907.84,1919.58,1892.47,95.4395,2895347
2019-06-20,1933.33,1935.2,1905.8,95.9095,3217153
2019-06-21,1916.1,1925.95,1907.58,95.565,3933576
2019-06-24,1912.66,1916.86,1901.3,95.695,2282969
2019-06-25,1911.84,1916.39,1872.42,93.9135,3012347
2019-06-26,1892.48,1903.8,1887.32,94.8915,2441910
2019-06-27,1902.0,1911.24,1898.04,95.214,2141721
2019-06-28,1909.1,1912.94,1884.0,94.6815,3037358
2019-07-01,1922.98,1929.82,1914.66,96.1095,3203347
2019-07-02,1919.38,1934.79,1906.63,96.7155,2651299
2019-07-03,1935.89,1941.59,1930.5,96.95,1690294
2019-07-05,1928.6,1945.9,1925.3,97.1455,2628359
2019-07-08,1934.12,1956.0,1928.25,97.616,2883371
2019-07-09,1947.8,1990.01,1943.48,99.415,4345698
2019-07-10,1996.51,2024.94,1995.4,100.8705,4931902
2019-07-11,2025.62,2035.8,1995.3,100.0535,4317766
2019-07-12,2008.27,2017.0,2003.87,100.55,2509297
2019-07-15,2021.4,2022.9,2001.55,101.0495,2981343
2019-07-16,2010.58,2026.32,2001.22,100.495,2618198
2019-07-17,2007.05,2012.0,1992.03,99.6015,2558809
2019-07-18,1980.01,1987.5,1951.55,98.895,3504252
2019-07-19,1991.21,1996.0,1962.23,98.226,3185612
2019-07-22,1971.14,1989.0,1958.26,99.2815,2908111
2019-07-23,1995.99,1997.79,1973.13,99.7245,2703480
2019-07-24,1969.3,2001.3,1965.87,100.0405,2631300
2019-07-25,2001.0,2001.2,1972.72,98.691,4136394
2019-07-26,1942.0,1950.9,1924.51,97.1525,4927143
2019-07-29,1930.0,1932.23,1890.54,95.6225,4493190
2019-07-30,1891.12,1909.89,1883.48,94.9265,2910888
2019-07-31,1898.11,1899.55,1849.44,93.339,4470727
2019-08-01,1871.72,1897.92,1844.01,92.766,4713311
2019-08-02,1845.07,1846.36,1808.02,91.162,4956225
2019-08-05,1770.22,1788.67,1748.78,88.2565,6058212
2019-08-06,1792.23,1793.77,1753.4,89.3915,5070258
2019-08-07,1773.99,1798.93,1757.0,89.67,4526884
2019-08-08,1806.0,1834.26,1798.11,91.6445,3701242
2019-08-09,1828.95,1831.09,1802.22,90.379,2879770
2019-08-12,1795.99,1800.98,1777.0,89.246,2905498
2019-08-13,1783.0,1831.74,1780.0,91.217,4075021
2019-08-14,1793.01,1795.65,1757.22,88.148,4893649
2019-08-15,1781.99,1788.0,1761.96,88.806,3809948
2019-08-16,1792.89,1802.91,1784.55,89.6285,3054240
2019-08-19,1818.08,1826.0,1812.61,90.806,2820303
2019-08-20,1814.5,1816.82,1799.88,90.069,1932835
2019-08-21,1819.39,1829.58,1815.0,91.177,2039231
2019-08-22,1828.0,1829.41,1800.1,90.233,2658388
2019-08-23,1793.03,1804.9,1745.23,87.481,5277898
2019-08-26,1766.91,1770.0,1743.51,88.4435,3085320
2019-08-27,1775.73,1779.4,1746.68,88.0915,3027245
2019-08-28,1755.0,1767.86,1744.05,88.2125,2411125
2019-08-29,1783.0,1798.55,1777.25,89.32,3018012
2019-08-30,1797.49,1799.74,1764.57,88.8145,3064147
2019-09-03,1770.0,1800.8,1768.0,89.492,3546859
2019-09-04,1805.0,1807.63,1796.23,90.031,2326228
2019-09-05,1821.95,1842.0,1815.58,92.036,3325189
2019-09-06,1838.22,1840.65,1826.4,91.6755,2496933
2019-09-09,1841.0,1850.0,1824.61,91.5675,2999515
2019-09-10,1822.75,1825.81,1805.34,91.0275,2613879
2019-09-11,1812.14,1833.42,1809.08,91.1495,2432767
2019-09-12,1837.63,1853.66,1834.28,92.1775,2823505
2019-09-13,1842.01,1846.12,1835.17,91.967,1971317
2019-09-16,1824.02,1825.69,1800.2,90.392,3675473
2019-09-17,1807.08,1823.99,1804.1,91.1275,2033058
2019-09-18,1817.04,1822.06,1795.5,90.873,2536012
2019-09-19,1821.02,1832.57,1817.9,91.075,2078335
2019-09-20,1821.71,1830.63,1780.92,89.708,5555839
2019-09-23,1777.0,1792.7,1767.32,89.265,3139142
2019-09-24,1790.61,1795.71,1735.55,87.0805,4637901
2019-09-25,1747.36,1773.0,1723.0,88.4165,3531098
2019-09-26,1762.79,1763.37,1731.5,86.992,3571952
2019-09-27,1748.0,1749.12,1713.82,86.2725,3948029
2019-09-30,1726.99,1737.46,1709.22,86.7955,2760768
2019-10-01,1746.0,1755.6,1728.41,86.7825,3170460
2019-10-02,1727.74,1728.89,1705.0,85.6615,3338476
2019-10-03,1713.0,1725.0,1685.06,86.221,3624371
2019-10-04,1726.02,1740.58,1719.23,86.9825,2489277
2019-10-07,1731.63,1747.83,1723.7,86.633,2187598
2019-10-08,1722.49,1727.0,1705.0,85.2755,2626840
2019-10-09,1719.61,1729.95,1714.36,86.0995,2089335
2019-10-10,1725.24,1738.29,1713.75,86.013,2721531
2019-10-11,1742.92,1745.45,1729.86,86.596,3279534
2019-10-14,1728.91,1741.89,1722.0,86.8215,1928898
2019-10-15,1742.14,1776.45,1740.62,88.369,3129244
2019-10-16,1773.33,1786.24,1770.52,88.8715,2804068
2019-10-17,1796.49,1798.85,1782.02,89.374,2713773
2019-10-18,1787.8,1793.98,1749.2,87.8755,3189382
2019-10-21,1769.66,1785.88,1765.0,89.283,2130431
2019-10-22,1788.15,1789.78,1762.0,88.2865,2234425
2019-10-23,1761.3,1770.05,1742.0,88.1085,2190380
2019-10-24,1771.09,1788.34,1760.27,89.039,5204350
2019-10-25,1697.55,1764.21,1695.0,88.0665,9626402
2019-10-28,1748.06,1778.7,1742.5,88.854,3634788
2019-10-29,1774.81,1777.0,1755.81,88.1355,2276855
2019-10-30,1760.24,1782.38,1759.12,88.9995,2449405
2019-10-31,1775.99,1792.0,1771.48,88.833,2781185
2019-11-01,1788.01,1797.45,1785.21,89.572,2790354
2019-11-04,1801.01,1815.06,1801.01,90.233,2771922
2019-11-05,1809.16,1810.25,1794.0,90.0855,1885543
2019-11-06,1801.0,1802.5,1788.58,89.7885,2029783
2019-11-07,1803.76,1805.9,1783.48,89.41,2651086
2019-11-08,1787.89,1789.88,1774.04,89.294,2126198
2019-11-11,1778.0,1780.0,1767.13,88.5825,1947810
2019-11-12,1774.66,1786.22,1771.91,88.9,2038925
2019-11-13,1773.39,1775.0,1747.32,87.6555,2926892
2019-11-14,1751.43,1766.59,1749.56,87.73,2269417
2019-11-15,1760.05,1761.68,1732.86,86.9745,3931141
2019-11-18,1738.3,1753.7,1722.71,87.6265,2841907
2019-11-19,1756.99,1760.68,1743.03,87.6395,2274535
2019-11-20,1749.14,1762.52,1734.12,87.2765,2793759
2019-11-21,1743.0,1746.87,1730.36,86.7355,2662938
2019-11-22,1739.02,1746.43,1731.0,87.286,2479081
2019-11-25,1753.25,1777.42,1753.24,88.692,3489467
2019-11-26,1779.92,1797.03,1778.35,89.847,3190428
2019-11-27,1801.0,1824.5,1797.31,90.9255,3035846
2019-11-29,1817.78,1824.69,1800.79,90.04,1923440
2019-12-02,1804.4,1805.55,1762.68,89.08,3931750
2019-12-03,1760.0,1772.87,1747.23,88.498,3529582
2019-12-04,1774.01,1789.09,1760.22,88.0345,2680700
2019-12-05,1763.5,1763.5,1740.0,87.024,2827852
2019-12-06,1751.2,1754.4,1740.13,87.58,3119979
2019-12-09,1750.66,1766.89,1745.61,87.4755,2502489
2019-12-10,1747.4,1750.67,1735.0,86.9605,2515644
2019-12-11,1741.67,1750.0,1735.71,87.436,2101318
2019-12-12,1750.0,1764.0,1745.44,88.0165,3103949
2019-12-13,1765.0,1768.99,1755.0,88.047,2747909
2019-12-16,1767.0,1769.5,1757.05,88.4605,3149345
2019-12-17,1778.01,1792.0,1777.39,89.533,3646697
2019-12-18,1795.02,1798.2,1782.36,89.2015,3354137
2019-12-19,1780.5,1792.99,1774.06,89.614,2738320
2019-12-20,1799.62,1802.97,1782.45,89.325,5152460
2019-12-23,1788.26,1793.0,1784.51,89.65,2137493
2019-12-24,1793.81,1795.57,1787.58,89.4605,881337
2019-12-26,1801.01,1870.46,1799.5,93.4385,6024608
2019-12-27,1882.92,1901.4,1866.01,93.49,6188754
2019-12-30,1874.0,1884.0,1840.62,92.3445,3677306
2019-12-31,1842.0,1853.26,1832.23,92.392,2510380
2020-01-02,1875.0,1898.01,1864.15,94.9005,4035910
2020-01-03,1864.5,1886.2,1864.5,93.7485,3766604
2020-01-06,1860.0,1903.69,1860.0,95.144,4065698
2020-01-07,1904.5,1913.89,1892.04,95.343,4134010
2020-01-08,1898.04,1911.0,1886.44,94.5985,3511966
2020-01-09,1909.89,1917.82,1895.8,95.0525,3174962
2020-01-10,1905.37,1906.94,1880.0,94.158,2856959
2020-01-13,1891.31,1898.0,1880.8,94.565,2753903
2020-01-14,1885.88,1887.11,1858.55,93.472,3446381
2020-01-15,1872.25,1878.86,1855.09,93.101,2896592
2020-01-16,1882.99,1885.59,1866.02,93.897,2659493
2020-01-17,1885.89,1886.64,1857.25,93.236,3997340
2020-01-21,1865.0,1894.27,1860.0,94.6,3643771
2020-01-22,1896.09,1902.5,1883.34,94.373,3216257
2020-01-23,1885.11,1889.98,1872.76,94.229,2484613
2020-01-24,1891.37,1894.99,1847.44,93.082,3766181
2020-01-27,1820.0,1841.0,1815.34,91.417,3528509
2020-01-28,1840.5,1858.11,1830.02,92.6625,2808040
2020-01-29,1864.0,1874.75,1855.02,92.9,2101390
2020-01-30,1858.0,1872.87,1850.61,93.534,6327438
2020-01-31,2051.47,2055.72,2002.27,100.436,15567283
2020-02-03,2010.6,2048.5,2000.25,100.21,5899094
2020-02-04,2029.88,2059.8,2015.37,102.4835,5289338
2020-02-05,2071.02,2071.02,2032.0,101.9935,4376174
2020-02-06,2041.02,2056.3,2024.8,102.5115,3182954
2020-02-07,2041.99,2098.53,2038.1,103.964,5095347
2020-02-10,2085.01,2135.6,2084.96,106.6955,5056235
2020-02-11,2150.9,2185.95,2136.0,107.54,5746011
2020-02-12,2163.2,2180.25,2155.29,108.0,3334264
2020-02-13,2144.99,2170.28,2142.0,107.4935,3031791
2020-02-14,2155.68,2159.04,2125.89,106.7435,2606169
2020-02-18,2125.02,2166.07,2124.11,107.7835,2951070
2020-02-19,2167.8,2185.1,2161.12,108.511,2561165
2020-02-20,2173.07,2176.79,2127.45,107.655,3131342
2020-02-21,2142.15,2144.55,2088.0,104.7985,4650740
2020-02-24,2003.18,2039.3,1987.97,100.4645,6546997
2020-02-25,2026.42,2034.6,1958.42,98.637,6219094
2020-02-26,1970.28,2014.67,1960.45,98.9795,5240402
2020-02-27,1934.38,1975.0,1882.76,94.215,8143993
2020-02-28,1814.63,1889.76,1811.13,94.1875,9493797
2020-03-02,1906.49,1954.51,1870.0,97.6975,6761651
2020-03-03,1975.37,1996.33,1888.09,95.4495,7534491
2020-03-04,1946.57,1978.0,1922.0,98.7915,4772919
2020-03-05,1933.0,1960.72,1910.0,96.2015,4748210
2020-03-06,1875.0,1910.87,1869.5,95.0545,5273580
2020-03-09,1773.86,1862.77,1761.29,90.0305,7813232
2020-03-10,1870.88,1894.27,1818.17,94.591,7133310
2020-03-11,1857.85,1871.32,1801.5,91.043,5646831
2020-03-12,1721.98,1765.0,1675.0,83.8305,11346214
2020-03-13,1755.0,1786.31,1680.62,89.25,8809725
2020-03-16,1641.51,1759.45,1626.03,84.4575,8917265
2020-03-17,1775.47,1857.78,1689.24,90.392,10917129
2020-03-18,1750.0,1841.66,1745.0,91.5,9596297
2020-03-19,1860.0,1945.0,1832.65,94.0465,10399943
2020-03-20,1926.31,1957.0,1820.73,92.3045,9817850
2020-03-23,1827.75,1919.4,1812.0,95.1415,7808489
2020-03-24,1951.5,1955.0,1900.34,97.005,7147080
2020-03-25,1920.69,1950.26,1885.78,94.292,6479073
2020-03-26,1902.0,1956.49,1889.29,97.7745,6235118
2020-03-27,1930.86,1939.79,1899.92,95.005,5387897
2020-03-30,1922.83,1973.63,1912.34,98.1975,6126087
2020-03-31,1964.35,1993.02,1944.01,97.486,5123626
2020-04-01,1932.97,1944.96,1893.0,95.385,4121875
2020-04-02,1901.64,1927.53,1890.0,95.9415,4335985
2020-04-03,1911.15,1926.33,1889.15,95.3295,3609870
2020-04-06,1936.0,1998.52,1930.02,99.8795,5773181
2020-04-07,2017.11,2035.72,1997.62,100.58,5113983
2020-04-08,2021.0,2044.0,2011.15,102.15,3977313
2020-04-09,2044.3,2053.0,2017.66,102.138,4655617
2020-04-13,2040.0,2180.0,2038.0,108.4435,6716709
2020-04-14,2200.47,2292.0,2186.21,114.166,8087193
2020-04-15,2257.68,2333.37,2245.0,115.384,6866567
2020-04-16,2346.0,2461.0,2335.0,120.4095,12038201
2020-04-17,2372.33,2400.0,2316.02,118.75,7930010
2020-04-20,2389.95,2444.98,2386.05,119.6805,5770694
2020-04-21,2416.61,2428.31,2279.66,116.406,7476679
2020-04-22,2369.0,2394.0,2351.0,118.1745,4218295
2020-04-23,2399.98,2424.22,2382.08,119.9725,5066552
2020-04-24,2417.0,2420.43,2382.0,120.511,3831797
2020-04-27,2443.2,2444.88,2363.0,118.8,5645645
2020-04-28,2372.1,2373.5,2306.0,115.704,5269446
2020-04-29,2330.01,2391.89,2310.0,118.6355,4591593
2020-04-30,2419.84,2475.0,2396.01,123.7,9534611
2020-05-01,2336.8,2362.44,2258.19,114.302,9772605
2020-05-04,2256.38,2326.98,2256.38,115.7995,4865926
2020-05-05,2340.0,2351.0,2307.13,115.89,3242496
2020-05-06,2329.44,2357.45,2320.0,117.563,3117814
2020-05-07,2374.78,2376.0,2343.11,118.3805,3396411
2020-05-08,2372.14,2387.24,2357.0,118.9805,3211228
2020-05-11,2374.7,2419.67,2372.11,120.45,3259231
2020-05-12,2411.85,2419.0,2355.0,117.8475,3074916
2020-05-13,2366.8,2407.7,2337.8,118.396,4782919
2020-05-14,2361.01,2391.37,2353.21,119.4425,3648128
2020-05-15,2368.52,2411.0,2356.37,120.489,4234951
2020-05-18,2404.35,2433.0,2384.01,121.313,4366572
2020-05-19,2429.83,2485.0,2428.97,122.4665,4320498
2020-05-20,2477.87,2500.01,2467.27,124.897,3998143
2020-05-21,2500.0,2525.45,2442.54,122.337,5114403
2020-05-22,2455.01,2469.85,2430.13,121.844,2867079
2020-05-26,2458.0,2462.0,2414.06,121.093,3568153
2020-05-27,2404.99,2413.58,2330.0,120.5195,5056945
2020-05-28,2384.33,2436.97,2378.23,120.055,3193136
2020-05-29,2415.94,2442.37,2398.2,122.1185,3529329
2020-06-01,2448.0,2476.93,2444.17,123.552,2938032
2020-06-02,2467.0,2473.53,2445.31,123.6205,2529903
2020-06-03,2468.01,2488.0,2461.17,123.92,2671024
2020-06-04,2477.43,2507.54,2450.01,123.03,2948710
2020-06-05,2444.51,2488.65,2437.13,124.15,3306445
2020-06-08,2500.2,2530.0,2487.34,126.203,3970654
2020-06-09,2529.44,2626.43,2525.0,130.043,5175950
2020-06-10,2645.0,2722.35,2626.26,132.3725,4946031
2020-06-11,2603.5,2671.38,2536.23,127.898,5800107
2020-06-12,2601.21,2621.48,2503.35,127.251,5436127
2020-06-15,2526.6,2584.0,2508.0,128.634,3873335
2020-06-16,2620.0,2620.0,2576.0,130.7635,3595649
2020-06-17,2647.5,2655.0,2631.82,132.049,2959316
2020-06-18,2647.01,2659.64,2636.11,132.699,2487774
2020-06-19,2678.08,2697.43,2659.0,133.7505,5776963
2020-06-22,2684.5,2715.0,2669.0,135.691,3208780
2020-06-23,2726.02,2783.11,2718.04,138.2205,4231707
2020-06-24,2780.0,2796.0,2721.0,136.72,4526605
2020-06-25,2739.55,2756.23,2712.14,137.729,2968657
2020-06-26,2775.06,2782.57,2688.0,134.6435,6500784
2020-06-29,2690.01,2696.8,2630.08,134.019,4223422
2020-06-30,2685.07,2769.63,2675.03,137.941,3769686
2020-07-01,2757.99,2895.0,2754.0,143.935,6364355
2020-07-02,2912.01,2955.56,2871.1,144.515,6593735
2020-07-06,2934.97,3059.88,2930.0,152.852,6880340
2020-07-07,3058.55,3069.55,2990.0,150.006,5257688
2020-07-08,3022.61,3083.97,3012.43,154.0555,5037856
2020-07-09,3115.99,3193.88,3074.0,159.1315,6388971
2020-07-10,3191.76,3215.0,3135.7,160.0,5486005
2020-07-13,3251.06,3344.29,3068.39,155.2,7722519
2020-07-14,3089.0,3127.38,2950.0,154.2,7231956
2020-07-15,3080.23,3098.35,2973.18,150.4435,5789358
2020-07-16,2971.06,3032.0,2918.23,149.995,6394284
2020-07-17,3009.0,3024.0,2948.45,148.0985,4716329
2020-07-20,3000.2,3201.36,2994.02,159.842,7488703
2020-07-21,3232.49,3240.58,3105.72,156.9145,6075758
2020-07-22,3125.0,3149.9999,3065.26,154.9955,4104225
2020-07-23,3098.2713,3098.2713,2970.0,149.3275,5656906
2020-07-24,2930.0,3031.58,2888.0,150.4455,5632413
2020-07-27,3062.0,3098.0,3015.77,152.7605,4170492
2020-07-28,3054.27,3077.0926,2995.76,150.0165,3126651
2020-07-29,3030.99,3039.1592,2996.77,151.6765,2974060
2020-07-30,3014.0,3092.0,3005.0,152.594,6128265
2020-07-31,3244.0,3246.82,3151.0,158.234,8083369
2020-08-03,3180.51,3184.0,3104.0,155.5945,5074663
2020-08-04,3101.21,3167.24,3101.21,156.9415,4694294
2020-08-05,3143.77,3213.5859,3127.3,160.2515,3930025
2020-08-06,3194.36,3247.47,3165.43,161.25,3940602
2020-08-07,3224.01,3240.81,3140.6726,158.373,3936127
2020-08-10,3170.31,3172.51,3101.52,157.408,3167274
2020-08-11,3113.2,3159.22,3073.0,154.0335,3718057
2020-08-12,3108.0,3174.385,3101.42,158.112,3527229
2020-08-13,3182.99,3217.5211,3155.0,158.051,3149043
2020-08-14,3178.18,3178.2357,3120.0,157.401,2751723
2020-08-17,3173.12,3194.97,3154.1775,159.1205,2675890
2020-08-18,3212.0,3320.0,3205.8187,165.6245,5345974
2020-08-19,3303.01,3315.9,3256.0001,163.024,4185137
2020-08-20,3252.0,3312.62,3238.0,164.8685,3332478
2020-08-21,3295.0,3314.3962,3275.39,164.236,3575862
2020-08-24,3310.15,3380.315,3257.5608,165.373,4666258
2020-08-25,3294.99,3357.4,3267.0,167.3245,3992842
2020-08-26,3351.11,3451.7387,3344.5675,172.0925,6508743
2020-08-27,3450.05,3453.0,3378.0,170.0,4264795
2020-08-28,3423.0,3433.3699,3386.5,170.09,2896978
2020-08-31,3408.99,3495.0,3405.0,172.548,4185885
2020-09-01,3489.58,3513.87,3467.0,174.956,3476407
2020-09-02,3547.0,3552.25,3486.685,176.5725,3931476
2020-09-03,3485.0,3488.41,3303.0,168.4,8161113
2020-09-04,3318.0,3381.5,3111.13,164.731,8781754
2020-09-08,3144.0,3250.845,3130.0,157.492,6094205
2020-09-09,3202.99,3303.175,3185.0,163.4305,5188675
2020-09-10,3307.2188,3349.89,3170.55,158.7555,5330741
2020-09-11,3208.69,3217.3409,3083.98,155.811,5093982
2020-09-14,3172.9372,3187.39,3096.0,155.1485,4529596
2020-09-15,3136.16,3175.02,3108.92,157.8065,4021535
2020-09-16,3179.99,3187.238,3074.15,153.905,4531189
2020-09-17,3009.25,3029.432,2972.55,150.4365,6449050
2020-09-18,3031.74,3037.8,2905.54,147.7455,8892580
2020-09-21,2906.5,2962.0,2871.0,148.0235,6117925
2020-09-22,3033.835,3133.99,3000.2,156.4495,6948816
2020-09-23,3120.43,3126.999,2992.3759,149.993,5652665
2020-09-24,2977.79,3069.3,2965.0,150.9895,5529392
2020-09-25,3054.86,3101.54,2999.0,154.7565,4615202
2020-09-28,3148.85,3175.04,3117.1684,158.7025,4224165
2020-09-29,3175.39,3188.26,3132.54,157.244,3503398
2020-09-30,3141.14,3212.88,3133.99,157.4365,4896101
2020-10-01,3208.0,3224.0,3172.0,161.063,4971922
2020-10-02,3153.63,3195.7965,3123.0,156.25,5613098
2020-10-05,3145.84,3202.53,3140.85,159.96,3775332
2020-10-06,3165.0,3182.0,3090.0,154.998,5086857
2020-10-07,3135.0,3200.0,3132.385,159.7845,4309439
2020-10-08,3224.99,3233.2944,3174.99,159.5275,3174114
2020-10-09,3210.0,3288.99,3197.83,164.3325,4907871
2020-10-12,3349.94,3496.24,3339.55,172.1465,8364198
2020-10-13,3467.99,3492.38,3424.217,172.1815,5744697
2020-10-14,3447.0,3464.88,3340.0,168.1855,5828916
2020-10-15,3292.01,3355.88,3280.0,166.9325,5223448
2020-10-16,3363.23,3399.6606,3160.0,163.6355,6474353
2020-10-19,3299.61,3329.0,3192.735,160.3605,5223626
2020-10-20,3222.28,3266.0,3192.01,160.8505,4509678
2020-10-21,3212.5,3233.875,3160.0,159.247,4592736
2020-10-22,3189.87,3198.75,3121.94,158.82,4212005
2020-10-23,3191.0,3205.33,3140.0,160.22,3466687
2020-10-26,3198.74,3282.9799,3153.3,160.352,5901151
2020-10-27,3224.94,3291.66,3211.3,164.3165,4291047
2020-10-28,3249.3,3264.02,3162.47,158.139,5588330
2020-10-29,3201.27,3257.25,3164.0,160.5505,6596529
2020-10-30,3157.75,3167.004,3019.0,151.8075,8396081
2020-11-02,3061.74,3079.705,2950.12,150.224,7257350
2020-11-03,3018.53,3074.9,2980.98,152.4205,4897880
2020-11-04,3159.99,3244.85,3139.73,162.058,6839041
2020-11-05,3319.97,3366.8,3288.88,166.1,5789285
2020-11-06,3304.64,3322.0,3232.0,165.5685,4647330
2020-11-09,3231.03,3289.0,3112.1057,157.187,7190406
2020-11-10,3095.02,3114.0,3019.4828,151.751,6590956
2020-11-11,3061.78,3139.145,3050.0,156.8695,4366923
2020-11-12,3159.95,3175.88,3086.05,155.514,4371208
2020-11-13,3122.0,3141.7227,3085.39,156.4405,3762587
2020-11-16,3093.2,3142.7,3072.685,156.553,3808676
2020-11-17,3183.5445,3189.25,3135.26,156.783,3444735
2020-11-18,3134.0,3140.0,3105.1,155.273,2916836
2020-11-19,3105.31,3125.0,3080.92,155.851,3010270
2020-11-20,3117.02,3132.89,3098.0456,154.97,3380138
2020-11-23,3116.6986,3139.745,3065.46,154.9195,4708887
2020-11-24,3100.5,3134.25,3086.258,155.903,3570889
2020-11-25,3141.87,3198.0,3140.26,159.2535,3790403
2020-11-27,3211.26,3216.19,3190.05,159.767,2392867
2020-11-30,3208.48,3228.39,3125.55,158.402,4063916
2020-12-01,3188.5,3248.95,3157.18,161.004,4493554
2020-12-02,3221.65,3232.0,3173.2601,160.1765,3129304
2020-12-03,3205.46,3228.64,3181.31,159.3365,2892039
2020-12-04,3198.21,3198.21,3158.76,158.129,2913611
2020-12-07,3156.48,3180.76,3141.69,157.9,2751316
2020-12-08,3158.9,3184.13,3120.02,158.8645,3286303
2020-12-09,3167.89,3174.43,3088.0,155.21,4100836
2020-12-10,3088.99,3142.1,3076.0,155.0745,3030186
2020-12-11,3096.66,3118.67,3072.82,155.821,3064695
2020-12-14,3143.0,3190.47,3126.0,157.8485,4155794
2020-12-15,3181.01,3188.4999,3130.49,158.256,3323686
2020-12-16,3176.01,3247.0,3163.68,162.048,4427616
2020-12-17,3250.0,3263.51,3221.0,161.804,3474347
2020-12-18,3243.99,3249.42,3171.6,160.0825,5995713
2020-12-21,3200.01,3226.9666,3166.0,160.309,3836846
2020-12-22,3202.8434,3222.0,3180.08,160.326,2381781
2020-12-23,3205.0,3210.13,3184.17,159.2635,2093787
2020-12-24,3193.9,3202.0,3169.0,158.6345,1451917
2020-12-28,3194.0,3304.0,3172.69,164.198,5620728
2020-12-29,3309.94,3350.65,3281.223,166.1,4872933
2020-12-30,3341.0,3342.1,3282.47,164.2925,3209310
2020-12-31,3275.0,3282.9219,3241.2,162.8465,2957206
2021-01-04,3270.0,3272.0,3144.02,159.3315,4411449
2021-01-05,3166.01,3223.38,3165.06,160.9255,2655548
2021-01-06,3146.48,3197.509,3131.16,156.919,4394815
2021-01-07,3157.0,3208.542,3155.0,158.108,3514545
2021-01-08,3180.0,3190.64,3142.2,159.135,3537744
2021-01-11,3148.01,3156.3841,3110.0,155.7105,3669095
2021-01-12,3120.0,3142.1418,3086.0,156.0415,3418549
2021-01-13,3128.44,3189.95,3122.08,158.2945,3321244
2021-01-14,3167.52,3177.9999,3120.59,156.3735,3070919
2021-01-15,3123.02,3142.545,3095.17,155.2125,4243995
2021-01-19,3107.0,3145.0,3096.0,156.038,3305142
2021-01-20,3181.99,3279.8,3175.0,163.169,5309835
2021-01-21,3293.0,3348.55,3289.5675,165.3495,4945051
2021-01-22,3304.31,3321.91,3283.1644,164.6115,2821914
2021-01-25,3328.5,3363.89,3243.1463,164.7,3749758
2021-01-26,3296.3559,3338.0,3282.87,166.3065,2955235
2021-01-27,3341.49,3346.52,3207.08,161.629,4660158
2021-01-28,3235.04,3301.68,3228.69,161.881,3149228
2021-01-29,3230.0,3236.99,3184.55,160.31,4293556
2021-02-01,3242.36,3350.26,3235.025,167.144,4160212
2021-02-02,3380.0,3427.74,3361.125,169.0,6183716
2021-02-03,3425.01,3434.0,3308.62,165.6265,7088781
2021-02-04,3330.0,3347.0,3277.75,166.55,3670661
2021-02-05,3319.0,3377.0,3302.71,167.6075,3620808
2021-02-08,3358.5,3364.9999,3304.0,166.147,3257391
2021-02-09,3312.49,3338.0,3297.84,165.25,2179355
2021-02-10,3314.0,3317.9548,3254.0,164.329,3125174
2021-02-11,3292.0,3292.0,3248.06,163.1065,2301417
2021-02-12,3250.0,3280.25,3233.31,163.8855,2335339
2021-02-16,3254.05,3308.3,3253.591,163.4475,2574721
2021-02-17,3263.6,3320.91,3259.4996,165.432,3261801
2021-02-18,3282.42,3338.0,3273.94,166.4115,3033607
2021-02-19,3328.23,3333.5,3245.75,162.495,4305184
2021-02-22,3208.13,3232.3199,3172.26,159.037,3461266
2021-02-23,3127.03,3204.73,3093.6,159.725,4677222
2021-02-24,3166.75,3171.23,3125.38,157.9765,3011275
2021-02-25,3136.74,3178.26,3047.76,152.858,4399320
2021-02-26,3095.2,3122.44,3036.7,154.6465,4246135
2021-03-01,3127.89,3149.56,3097.99,157.307,2733963
2021-03-02,3143.47,3163.52,3087.1201,154.7265,2595762
2021-03-03,3081.18,3107.775,2995.0,150.25,3988725
2021-03-04,3012.0,3058.13,2945.43,148.8785,5481578
2021-03-05,3005.0,3009.0,2881.0001,150.023,5388551
2021-03-08,3015.0,3064.59,2951.31,147.5975,4185008
2021-03-09,3017.99,3090.96,3005.1474,153.1425,4030032
2021-03-10,3098.45,3116.46,3030.05,152.882,3012489
2021-03-11,3104.01,3131.7843,3082.93,155.6795,2776391
2021-03-12,3075.0,3098.98,3045.5,154.4745,2421888
2021-03-15,3074.57,3082.24,3032.09,154.084,2918592
2021-03-16,3104.97,3128.91,3075.8601,154.593,2538764
2021-03-17,3073.22,3173.05,3070.22,156.7865,3118584
2021-03-18,3101.0,3116.63,3025.0,151.3995,3657027
2021-03-19,3029.23,3077.285,3016.63,153.748,4625354
2021-03-22,3067.85,3126.58,3060.05,155.5435,2902179
2021-03-23,3127.0,3182.0,3120.8501,156.875,3817263
2021-03-24,3151.04,3160.31,3085.15,154.3535,2958981
2021-03-25,3072.99,3109.78,3037.14,152.313,3563469
2021-03-26,3044.06,3056.66,2996.0,152.6015,3312924
2021-03-29,3055.4394,3091.25,3028.445,153.7865,2745968
2021-03-30,3070.01,3073.0,3034.0,152.7645,2337603
2021-03-31,3064.06,3119.33,3062.5,154.704,3093896
2021-04-01,3117.94,3162.44,3115.55,158.05,2940318
2021-04-05,3173.0,3235.955,3161.24,161.3365,3334882
2021-04-06,3223.75,3247.31,3217.04,161.191,2537809
2021-04-07,3233.8,3303.6125,3223.65,163.9695,3346227
2021-04-08,3310.9,3324.5,3292.0,164.965,2812090
2021-04-09,3304.7,3372.2,3288.9,168.61,4341473
2021-04-12,3355.21,3395.04,3351.15,168.9695,3281798
2021-04-13,3400.845,3432.0,3395.63,170.0,3315837
2021-04-14,3404.04,3404.13,3326.0,166.65,3145204
2021-04-15,3371.0,3396.9999,3352.0,168.9545,3233580
2021-04-16,3380.0,3406.8,3355.59,169.972,3186049
2021-04-19,3390.33,3435.9333,3360.16,168.6005,2725405
2021-04-20,3373.6,3382.99,3316.0,166.7345,2623032
2021-04-21,3316.0,3362.86,3303.8061,168.101,2211166
2021-04-22,3371.68,3372.87,3301.45,165.452,2580590
2021-04-23,3319.1,3375.0,3308.5,167.044,3196652
2021-04-26,3348.0,3428.45,3330.94,170.45,4880708
2021-04-27,3443.47,3460.0,3398.01,170.8715,3827140
2021-04-28,3434.8,3489.88,3425.0,172.925,4631884
2021-04-29,3505.0981,3514.445,3435.0,173.5655,7682381
2021-04-30,3525.12,3554.0,3462.5,173.371,7009346
2021-05-03,3484.73,3486.645,3372.7012,169.3245,5875530
2021-05-04,3356.19,3367.975,3272.13,165.5935,5439449
2021-05-05,3338.855,3354.695,3264.36,163.527,3711308
2021-05-06,3270.0,3314.4,3247.2,165.3185,4447696
2021-05-07,3319.09,3330.89,3289.0704,164.5805,4710276
2021-05-10,3282.32,3283.0,3190.0,159.5245,5838603
2021-05-11,3136.28,3238.0,3127.37,161.1955,4619781
2021-05-12,3185.0,3207.94,3133.1,157.597,4936410
2021-05-13,3185.47,3203.84,3133.0,158.0735,3356877
2021-05-14,3185.56,3228.86,3183.0,161.145,3325022
2021-05-17,3245.93,3292.75,3234.59,163.5195,3723925
2021-05-18,3292.575,3312.0,3230.37,161.614,2828391
2021-05-19,3195.0,3234.75,3184.0,161.59,2679708
2021-05-20,3244.4042,3259.6799,3236.18,162.384,2633192
2021-05-21,3250.0,3256.6946,3197.01,160.154,4104882
2021-05-24,3215.5,3257.95,3210.4993,162.2495,2422813
2021-05-25,3266.67,3279.82,3213.76,162.9525,3261109
2021-05-26,3274.5905,3295.73,3258.51,163.258,2383986
2021-05-27,3256.0,3260.355,3230.04,161.5055,2561157
2021-05-28,3242.0,3247.99,3219.7,161.1535,2331509
2021-06-01,3243.495,3250.98,3209.06,160.9325,2430045
2021-06-02,3223.1,3235.0,3208.0,161.6995,2014524
2021-06-03,3204.23,3214.435,3184.03,159.3505,2398293
2021-06-04,3212.0,3221.0,3198.81,160.311,2249749
2021-06-07,3197.33,3208.0,3172.2,159.9005,2215756
2021-06-08,3222.61,3279.5321,3218.01,163.2055,3416730
2021-06-09,3272.87,3297.58,3270.7,164.0575,2455530
2021-06-10,3282.01,3351.0,3281.15,167.4825,3476480
2021-06-11,3349.65,3366.58,3333.45,167.3415,2817352
2021-06-14,3346.83,3385.0,3335.5,169.1935,2569655
2021-06-15,3384.0,3396.9866,3363.1101,169.1565,2426200
2021-06-16,3392.0,3426.35,3360.53,170.7625,4152189
2021-06-17,3403.18,3497.2,3401.0,174.462,5136531
2021-06-18,3479.99,3507.0,3473.71,174.345,5247737
2021-06-21,3476.42,3482.0,3434.0,172.698,3277130
2021-06-22,3458.06,3523.78,3456.09,175.272,3345082
2021-06-23,3505.0,3521.0,3483.2,175.191,2813341
2021-06-24,3507.64,3524.8599,3430.85,172.454,3831999
2021-06-25,3464.0,3464.82,3394.18,170.073,3940997
2021-06-28,3416.0,3448.0,3413.5098,172.1945,2242793
2021-06-29,3438.82,3456.03,3423.03,172.407,2098439
2021-06-30,3441.06,3471.6019,3435.0,172.008,2403992
2021-07-01,3434.61,3457.0,3409.4206,171.6485,2037053
2021-07-02,3451.64,3511.72,3436.92,175.549,3176697
2021-07-06,3530.11,3685.48,3529.0,183.787,6744768
2021-07-07,3717.3772,3734.2,3678.91,184.829,5328062
2021-07-08,3643.56,3759.9855,3621.12,186.5705,5180623
2021-07-09,3722.52,3748.0,3693.3968,185.967,3748237
2021-07-12,3744.0,3757.2899,3696.7929,185.9275,2571635
2021-07-13,3702.1,3773.0782,3671.32,183.868,3845917
2021-07-14,3708.85,3717.66,3660.8266,184.084,3296568
2021-07-15,3694.2,3695.4,3620.92,181.56,3185292
2021-07-16,3633.31,3646.0599,3570.455,178.6815,4043706
2021-07-19,3532.58,3550.21,3499.16,177.4795,3784595
2021-07-20,3567.32,3592.0,3518.0,178.6595,3255680
2021-07-21,3576.375,3586.45,3543.6415,179.26,2318989
2021-07-22,3587.23,3640.02,3582.27,181.9015,3265352
2021-07-23,3640.0,3666.11,3622.04,182.832,2436292
2021-07-26,3673.17,3712.08,3647.25,184.991,2900068
2021-07-27,3698.5,3698.5,3586.15,181.3195,4131890
2021-07-28,3633.78,3658.4204,3601.0,181.516,2999378
2021-07-29,3627.75,3637.95,3580.01,179.996,4337611
2021-07-30,3347.95,3368.14,3306.98,166.3795,9965593
2021-08-02,3353.1,3358.92,3317.0,166.574,3353915
2021-08-03,3340.72,3391.0,3299.77,168.312,4157343
2021-08-04,3379.35,3388.88,3345.56,167.736,2183945
2021-08-05,3356.22,3389.0,3340.92,168.7995,2433503
2021-08-06,3375.0,3375.0,3329.0373,167.247,2637644
2021-08-09,3343.61,3354.88,3328.52,167.0935,2148220
2021-08-10,3345.01,3358.0,3315.0,166.034,2412551
2021-08-11,3331.4469,3337.7,3277.79,164.6055,2947249
2021-08-12,3290.0,3314.51,3269.67,165.175,2323823
2021-08-13,3305.67,3306.065,3283.0,164.6985,2034554
2021-08-16,3283.0,3300.0,3211.13,164.9495,3328494
2021-08-17,3277.5,3280.49,3225.68,162.098,3387922
2021-08-18,3241.99,3254.0975,3200.0,160.061,2804311
2021-08-19,3194.02,3233.0,3182.4637,159.3875,3782862
2021-08-20,3203.8725,3207.81,3175.76,159.9975,3358428
2021-08-23,3211.9,3280.9,3210.005,163.2935,3268131
2021-08-24,3280.0,3315.4942,3274.58,165.289,2551841
2021-08-25,3309.87,3321.0,3286.15,164.959,1680306
2021-08-26,3299.0,3332.0,3296.0,165.8,2098761
2021-08-27,3333.23,3352.32,3313.75,167.4815,2402369
2021-08-30,3357.425,3445.0,3355.22,171.0785,3192244
2021-08-31,3424.8,3472.58,3395.59,173.5395,4356413
2021-09-01,3496.396,3527.0,3475.24,173.95,3629911
2021-09-02,3494.76,3511.9608,3455.0,173.156,2925594
2021-09-03,3452.0,3482.67,3436.44,173.9025,2578324
2021-09-07,3478.0,3528.09,3476.94,175.4645,2741184
2021-09-08,3511.65,3545.63,3495.67,176.275,3053364
2021-09-09,3526.02,3549.99,3480.37,174.208,2719241
2021-09-10,3501.8308,3508.45,3462.9055,173.4575,2397269
2021-09-13,3482.8,3497.96,3438.0001,172.8585,2569022
2021-09-14,3475.55,3486.806,3437.7104,172.5,1936897
2021-09-15,3442.52,3485.42,3402.01,173.7895,2957537
2021-09-16,3459.96,3492.55,3446.1432,174.412,2583598
2021-09-17,3488.4146,3497.41,3452.13,173.126,4616556
2021-09-20,3396.0,3419.0,3305.01,167.7865,4669130
2021-09-21,3375.0,3379.7,3332.39,167.1815,2780878
2021-09-22,3351.0,3389.0,3341.05,169.0025,2411403
2021-09-23,3380.05,3428.96,3380.05,170.8,2379414
2021-09-24,3402.01,3429.26,3393.4,171.276,2116241
2021-09-27,3371.5,3415.57,3339.61,170.29,3634450
2021-09-28,3357.71,3369.19,3290.1001,165.798,4430819
2021-09-29,3322.11,3351.3,3297.87,165.056,2562268
2021-09-30,3316.0,3327.85,3273.99,164.252,2847033
2021-10-01,3289.01,3309.1746,3255.94,164.163,2835617
2021-10-04,3279.39,3279.99,3176.25,159.489,4523057
2021-10-05,3204.5,3260.73,3202.464,161.05,3269208
2021-10-06,3213.53,3264.34,3198.62,163.1005,2532977
2021-10-07,3291.54,3325.746,3283.06,165.1215,2409075
2021-10-08,3317.0,3321.43,3288.2,164.431,1998217
2021-10-11,3275.0,3292.5899,3238.1,162.315,2034203
2021-10-12,3257.0,3267.528,3236.28,162.3665,1819571
2021-10-13,3269.71,3288.38,3261.0889,164.214,2425086
2021-10-14,3302.4541,3312.6,3290.78,164.993,2112020
2021-10-15,3311.42,3410.42,3304.0,170.451,5179941
2021-10-18,3388.3576,3449.17,3385.1,172.337,3174115
2021-10-19,3434.29,3454.69,3422.0,172.2075,2386079
2021-10-20,3452.66,3462.86,3400.37,170.753,2139777
2021-10-21,3414.25,3440.28,3403.0,171.7505,1881385
2021-10-22,3421.0,3429.84,3331.3,166.7775,3139053
2021-10-25,3335.0,3347.7997,3297.7,166.0185,2225956
2021-10-26,3349.51,3416.12,3343.98,168.8035,2698342
2021-10-27,3388.0,3437.0,3371.4534,169.6245,2702224
2021-10-28,3402.095,3479.0,3386.0,172.3285,5708733
2021-10-29,3300.02,3374.82,3273.32,168.6215,6486077
2021-11-01,3361.8,3375.86,3292.02,165.9055,3582044
2021-11-02,3315.01,3331.115,3283.55,165.6375,2562277
2021-11-03,3309.0,3394.92,3297.52,169.2,3397189
2021-11-04,3370.0,3498.625,3365.0001,173.85,5353020
2021-11-05,3477.0,3566.25,3476.98,175.9495,4996951
2021-11-08,3523.24,3579.0,3487.86,174.449,3073992
2021-11-09,3515.25,3593.77,3501.425,178.8115,4257658
2021-11-10,3563.87,3605.45,3463.09,174.1025,4027422
2021-11-11,3513.0,3543.24,3467.47,173.625,2264406
2021-11-12,3485.0,3540.7262,3447.05,176.2575,2636157
2021-11-15,3537.0,3593.88,3525.81,177.284,2929719
2021-11-16,3539.0,3576.5,3525.1466,177.035,2217071
2021-11-17,3564.72,3587.245,3545.35,177.45,2560270
2021-11-18,3566.35,3704.2,3561.0,184.803,5703538
2021-11-19,3712.69,3762.145,3675.72,183.8285,4946203
2021-11-22,3676.3768,3713.455,3567.5,178.6285,4847850
2021-11-23,3585.04,3621.05,3527.71,179.002,3692246
2021-11-24,3562.67,3613.64,3536.85,179.0205,2328018
2021-11-26,3602.095,3633.5,3504.15,175.228,2991297
2021-11-29,3547.6443,3596.0,3531.5001,178.0785,3265557
2021-11-30,3563.5,3585.77,3492.01,175.3535,4001107
2021-12-01,3545.0,3559.88,3441.6,172.186,3756995
2021-12-02,3460.0,3492.7,3423.75,171.868,3236288
2021-12-03,3455.0,3469.865,3338.6,169.4895,4035550
2021-12-06,3393.0,3473.91,3338.69,171.3685,3443000
2021-12-07,3492.0,3549.99,3466.69,176.1645,3320536
2021-12-08,3523.01,3543.6,3495.01,176.158,2262683
2021-12-09,3515.0,3539.39,3482.79,174.171,2303091
2021-12-10,3508.34,3518.54,3410.0,172.212,3034488
2021-12-13,3440.0,3442.0,3382.6,169.5675,3108450
2021-12-14,3351.0,3389.98,3328.8,169.0915,2798764
2021-12-15,3371.96,3472.0,3303.9,173.315,3789713
2021-12-16,3467.3714,3483.32,3363.205,168.871,3043842
2021-12-17,3354.21,3417.97,3312.271,170.0175,4287758
2021-12-20,3337.0,3357.4851,3312.0,167.079,2868633
2021-12-21,3357.01,3414.3299,3312.95,170.417,2797791
2021-12-22,3385.395,3441.0,3370.01,171.037,2751773
2021-12-23,3408.56,3439.5,3403.0,171.0685,1839412
2021-12-27,3420.74,3458.86,3384.31,169.6695,2942341
2021-12-28,3403.65,3443.5176,3382.71,170.661,2735593
2021-12-29,3416.8,3424.24,3372.0101,169.201,1787702
2021-12-30,3394.0,3417.76,3370.48,168.6445,1879155
2021-12-31,3379.12,3387.0,3331.17,166.717,2381786
2022-01-03,3351.0,3414.07,3323.21,170.4045,3193457
2022-01-04,3408.76,3428.0,3326.99,167.522,3536258
2022-01-05,3337.66,3342.525,3287.14,164.357,3215136
2022-01-06,3269.01,3296.0,3238.7442,163.254,2597889
2022-01-07,3276.78,3304.865,3240.62,162.554,2330295
2022-01-10,3211.71,3233.23,3126.09,161.486,4389915
2022-01-11,3230.0,3327.0,3214.03,165.362,3115005
2022-01-12,3331.5,3337.56,3288.34,165.207,2501456
2022-01-13,3305.01,3324.4299,3221.82,161.214,2609415
2022-01-14,3203.0,3245.0,3196.01,162.138,2298743
2022-01-18,3182.1,3194.6899,3153.29,158.9175,3306866
2022-01-19,3175.24,3185.0,3125.0,156.299,2620856
2022-01-20,3135.32,3160.0,3027.02,151.6675,3598666
2022-01-21,2999.0,3018.0,2841.408,142.643,8198572
2022-01-24,2780.0,2898.9,2707.04,144.544,7802237
2022-01-25,2844.85,2872.0,2762.9,139.986,4541233
2022-01-26,2895.0,2903.695,2746.37,138.8725,4780085
2022-01-27,2816.0,2884.87,2787.0,139.6375,3875790
2022-01-28,2817.21,2879.96,2758.585,143.978,3719599
2022-01-31,2895.0,3007.21,2886.0101,149.5735,3915372
2022-02-01,3000.0,3034.16,2952.5548,151.1935,2960992
2022-02-02,3101.0085,3101.5,2977.2717,150.6125,4366488
2022-02-03,2834.75,2884.95,2766.66,138.8455,11276568
2022-02-04,3112.13,3224.0,3012.16,157.6395,12672793
2022-02-07,3170.4,3253.815,3145.0,157.9355,5131219
2022-02-08,3135.01,3235.85,3111.01,161.4135,3802018
2022-02-09,3257.47,3276.69,3205.0,161.1895,3439280
2022-02-10,3167.0,3214.33,3155.0,159.0035,3413406
2022-02-11,3162.6902,3180.0,3054.675,153.2935,3855022
2022-02-14,3035.02,3168.9663,3033.0,155.167,4161535
2022-02-15,3152.11,3160.14,3092.75,156.5105,2848533
2022-02-16,3115.81,3176.68,3094.69,158.1005,2635214
2022-02-17,3162.92,3206.975,3090.0,154.6525,3201625
2022-02-18,3109.99,3109.99,3017.86,152.6015,3180205
2022-02-22,3009.57,3059.65,2969.71,150.1975,3246383
2022-02-23,3033.01,3035.26,2893.02,144.827,3212178
2022-02-24,2796.75,3034.98,2790.0,151.358,5039288
2022-02-25,3011.0,3079.8,2984.27,153.7885,3119768
2022-02-28,3048.5,3089.0,3017.0,153.563,2884171
2022-03-01,3054.65,3081.98,2999.54,151.142,2243679
2022-03-02,3016.98,3059.99,2975.0,152.0525,2366736
2022-03-03,3070.63,3078.58,2937.12,147.8985,3259860
2022-03-04,2943.18,2957.0,2876.14,145.641,3049156
2022-03-07,2908.87,2921.89,2748.33,137.453,4346693
2022-03-08,2733.67,2813.99,2671.45,136.0145,4583129
2022-03-09,2790.0,2805.0,2736.56,139.279,4132833
2022-03-10,2913.7,2973.485,2879.56,146.8175,6753145
2022-03-11,2991.49,2993.5,2907.38,145.5245,3445028
2022-03-14,2919.62,2949.0,2817.68,141.853,3704305
2022-03-15,2857.0,2959.7,2840.0,147.3665,3779230
2022-03-16,2970.0,3063.0,2947.07,153.104,4247884
2022-03-17,3052.81,3149.97,3042.8,157.239,3646742
2022-03-18,3136.26,3231.88,3120.22,161.2505,5063616
2022-03-21,3222.415,3261.68,3191.06,161.4915,3283142
2022-03-22,3236.11,3323.34,3233.98,164.889,3147275
2022-03-23,3274.1,3327.4,3253.74,163.408,2790593
2022-03-24,3274.99,3282.37,3201.0,163.6495,2839903
2022-03-25,3280.0,3307.37,3245.0,164.7735,2355611
2022-03-28,3299.5,3380.75,3298.0,168.9905,2992691
2022-03-29,3407.68,3416.63,3357.37,169.315,3307680
2022-03-30,3370.19,3379.01,3310.0,166.301,2808363
2022-03-31,3328.895,3329.9,3259.07,162.9975,2998289
2022-04-01,3282.99,3316.54,3246.39,163.56,2854475
2022-04-04,3282.5,3367.89,3264.11,168.3465,2500398
2022-04-05,3354.83,3362.21,3265.3201,164.055,2619553
2022-04-06,3233.01,3244.0,3145.09,158.756,3952788
2022-04-07,3168.0,3201.58,3090.23,157.7845,3406839
2022-04-08,3135.0,3147.37,3084.615,154.4605,2300083
2022-04-11,3054.26,3082.7299,3010.69,151.122,2605617
2022-04-12,3073.85,3101.98,3007.66,150.7875,2758872
2022-04-13,3000.37,3120.5,2992.0,155.541,2669544
2022-04-14,3107.8,3117.94,3029.435,151.7065,2579907
2022-04-18,3030.47,3080.79,3005.01,152.785,2325676
2022-04-19,3040.59,3172.98,3031.01,158.1155,2746321
2022-04-20,3152.05,3152.05,3072.07,153.998,2958600
2022-04-21,3094.28,3134.76,2951.79,148.296,3198466
2022-04-22,2965.0,2992.3,2873.9501,144.35,3653929
2022-04-25,2880.46,2924.43,2846.1309,146.074,3093749
2022-04-26,2896.0,2897.115,2778.59,139.391,3781514
2022-04-27,2803.83,2838.97,2715.67,138.167,3566815
2022-04-28,2843.56,2918.75,2806.0,144.5965,5865847
2022-04-29,2596.98,2615.22,2432.5,124.2815,13633086
2022-05-02,2448.02,2493.365,2367.5,124.5,7439449
2022-05-03,2481.07,2524.41,2456.5,124.2535,3956668
2022-05-04,2472.0,2520.0,2383.66,125.9285,5508760
2022-05-05,2460.0,2469.98,2301.45,116.407,7219561
2022-05-06,2297.0,2381.01,2261.625,114.7725,6212995
2022-05-09,2226.25,2280.0,2159.14,108.789,6406219
2022-05-10,2225.0,2252.85,2143.42,108.859,5271691
2022-05-11,2162.07,2203.12,2088.57,105.372,5485182
2022-05-12,2055.0,2215.615,2048.11,106.9305,6601257
2022-05-13,2181.38,2263.68,2156.0,113.055,4684228
2022-05-16,2262.0,2279.85,2207.0827,110.8105,3728287
2022-05-17,2265.5,2316.0,2225.53,115.3685,3822387
2022-05-18,2228.79,2257.06,2124.975,107.1125,5418959
2022-05-19,2125.61,2200.68,2123.8581,107.319,4407127
2022-05-20,2191.37,2197.9599,2100.1868,107.591,4975032
2022-05-23,2169.22,2176.375,2079.0,107.557,5389868
2022-05-24,2080.5,2108.0,2025.2,104.1,5146734
2022-05-25,2073.11,2163.4999,2073.0,106.775,4656005
2022-05-26,2159.4,2253.3099,2149.07,111.0775,4650130
2022-05-27,2271.0,2303.74,2252.56,115.1465,4683008
2022-05-31,2325.6,2439.8899,2313.5,120.2095,7231708
2022-06-01,2445.12,2503.58,2412.445,121.684,6376449
2022-06-02,2433.68,2512.2,2400.9,125.511,5028034
2022-06-03,2484.0,2488.0,2420.929,122.35,4880166
2022-06-06,125.245,128.99,123.81,124.79,134271125
2022-06-07,122.005,124.1,120.63,123.0,85156712
2022-06-08,122.61,123.75,120.75,121.18,64926594
2022-06-09,119.99,121.3,116.1,116.15,67029842
2022-06-10,113.415,114.5,109.05,109.65,87412245
2022-06-13,104.19,106.54,101.86,103.67,99277742
2022-06-14,104.19,104.88,101.43,102.31,69728761
2022-06-15,103.86,109.06,103.53,107.67,85011060
2022-06-16,104.47,104.58,102.01,103.66,82186301
2022-06-17,102.8,106.98,102.51,106.22,99772147
2022-06-21,108.2,111.6299,103.56,108.68,70901245
2022-06-22,107.43,112.13,107.02,108.95,60040131
2022-06-23,110.39,113.0,107.93,112.44,64345300
2022-06-24,112.38,116.71,111.43,116.46,69867618
2022-06-27,117.09,117.98,112.7,113.22,62133240
2022-06-28,113.5,114.85,107.04,107.4,75172028
2022-06-29,107.38,110.99,106.91,108.92,66375341
2022-06-30,108.11,108.18,102.52,106.21,97679401
2022-07-01,106.29,109.75,105.8469,109.56,73021171
2022-07-05,107.6,114.08,106.3242,113.5,76684414
2022-07-06,113.21,115.48,112.01,114.33,66958884
2022-07-07,113.85,116.99,113.49,116.33,57872323
2022-07-08,114.6,116.58,113.69,115.54,45719694
2022-07-11,114.08,114.3,110.87,111.75,53540019
2022-07-12,112.16,113.23,108.34,109.22,54280257
2022-07-13,107.03,111.78,106.01,110.4,61353812
2022-07-14,110.24,111.18,107.58,110.63,51163140
2022-07-15,112.5,115.59,111.59,113.55,84317816
2022-07-18,115.0,117.24,113.15,113.76,59115419
2022-07-19,115.7,118.95,114.03,118.21,60990043
2022-07-20,118.615,123.475,118.32,122.77,71268322
2022-07-21,123.2,124.85,121.26,124.63,60239892
2022-07-22,125.01,125.5,121.3504,122.42,51463797
2022-07-25,122.695,123.64,120.03,121.14,50221259
2022-07-26,115.79,118.15,114.53,114.81,67075064
2022-07-27,117.31,121.9,117.16,120.97,61582015
2022-07-28,121.57,122.84,118.08,122.28,82245543
2022-07-29,134.9,137.65,132.41,134.95,148892889
2022-08-01,134.96,138.8339,133.51,135.39,76846908
2022-08-02,134.72,137.44,134.09,134.16,61922429
2022-08-03,136.21,140.49,136.05,139.52,71827780
2022-08-04,140.58,143.56,139.55,142.57,70585020
2022-08-05,140.1,142.86,139.6,140.8,50686865
2022-08-08,142.05,144.23,138.29,139.41,52303475
2022-08-09,138.052,138.9523,136.21,137.83,40434715
2022-08-10,142.9,144.6,141.01,142.69,54773819
2022-08-11,143.86,144.49,139.76,140.64,44867336
2022-08-12,142.05,143.57,140.1201,143.55,47643484
2022-08-15,142.8,143.76,141.49,143.18,39014583
2022-08-16,143.905,146.57,142.0,144.78,59102859
2022-08-17,142.69,143.38,140.78,142.1,48149778
2022-08-18,141.32,142.77,140.38,142.3,37458737
2022-08-19,140.47,141.11,137.9142,138.23,47792843
2022-08-22,135.72,136.32,132.85,133.22,50461504
2022-08-23,133.41,134.99,132.95,133.62,36252103
2022-08-24,132.75,135.47,132.1,133.8,38626978
2022-08-25,135.26,137.42,134.28,137.28,37496283
2022-08-26,136.55,137.83,130.5,130.75,53322663
2022-08-29,129.9,131.9499,128.77,129.79,47967685
2022-08-30,131.25,132.0745,126.85,128.73,49202990
2022-08-31,129.45,130.59,126.74,126.77,53648702
2022-09-01,126.0,128.02,123.66,127.82,56636145
2022-09-02,129.5,131.38,126.39,127.51,57429829
2022-09-06,127.92,128.62,124.74,126.11,43689994
2022-09-07,126.12,129.82,125.4,129.48,47834487
2022-09-08,127.72,130.28,127.1,129.82,43988509
2022-09-09,130.91,133.69,130.76,133.27,49422259
2022-09-12,134.095,136.49,134.0,136.45,53826859
2022-09-13,131.01,131.4,126.27,126.82,72694010
2022-09-14,127.364,128.84,126.33,128.55,45316772
2022-09-15,127.38,130.37,125.495,126.28,52887196
2022-09-16,122.78,123.87,120.7,123.53,115667804
2022-09-19,122.16,124.71,121.8,124.66,47279727
2022-09-20,123.35,124.3963,121.14,122.19,47698432
2022-09-21,122.49,123.76,118.45,118.54,58498887
2022-09-22,117.08,118.79,116.26,117.31,54959006
2022-09-23,116.0,116.05,112.06,113.78,65126665
2022-09-26,113.295,117.34,113.13,115.15,62723268
2022-09-27,117.195,118.32,113.05,114.41,60094693
2022-09-28,114.38,118.7,113.8,118.01,55763750
2022-09-29,115.6,116.07,113.06,114.8,58969714
2022-09-30,114.075,116.92,112.84,113.0,59479586
2022-10-03,113.58,116.91,112.45,115.88,50941854
2022-10-04,119.89,123.0,119.79,121.09,62812564
2022-10-05,118.58,121.75,117.69,120.95,48217535
2022-10-06,120.77,121.53,119.5,120.3,42253755
2022-10-07,118.0,118.17,113.88,114.56,54677980
2022-10-10,115.1,116.25,112.43,113.67,42339675
2022-10-11,112.71,115.48,110.39,112.21,56432233
2022-10-12,112.49,113.83,111.4,112.9,45728660
2022-10-13,107.88,113.44,105.345,112.53,86868103
2022-10-14,114.1,114.96,106.6,106.9,67737344
2022-10-17,110.11,114.19,110.09,113.79,62781985
2022-10-18,119.06,119.52,114.79,116.36,65607448
2022-10-19,114.71,116.5932,113.22,115.07,47198122
2022-10-20,113.83,118.24,113.51,115.25,48795104
2022-10-21,114.792,119.59,114.5,119.32,55660485
2022-10-24,119.98,120.39,116.57,119.82,49531523
2022-10-25,119.65,121.3152,118.95,120.6,50934609
2022-10-26,116.0,119.3457,114.76,115.66,69002457
2022-10-27,113.92,114.12,109.77,110.96,129605362
2022-10-28,97.905,103.96,97.66,103.41,223133398
2022-10-31,103.56,104.87,100.74,102.44,99251395
2022-11-01,103.99,104.58,96.06,96.79,153370032
2022-11-02,97.315,97.74,92.01,92.12,135761798
2022-11-03,92.47,93.5,89.02,89.3,136683303
2022-11-04,91.49,92.44,88.04,90.98,129101336
2022-11-07,91.95,92.1,89.04,90.53,77495728
2022-11-08,90.79,91.72,88.23,89.98,88703370
2022-11-09,89.47,89.48,85.87,86.14,90796249
2022-11-10,92.935,98.69,91.65,96.63,173414862
2022-11-11,97.88,101.19,96.66,100.79,111590544
2022-11-14,98.77,100.1199,97.29,98.49,99533072
2022-11-15,103.21,103.79,97.34,98.94,111336317
2022-11-16,96.85,98.4879,95.54,97.12,87958828
2022-11-17,95.37,96.97,94.03,94.85,82617865
2022-11-18,95.95,95.99,92.48,94.14,72428185
2022-11-21,93.97,95.02,90.59,92.46,84330270
2022-11-22,92.62,93.35,90.87,93.2,62191962
2022-11-23,93.24,94.58,92.83,94.13,59414684
2022-11-25,93.79,94.43,93.065,93.41,35088609
2022-11-28,93.93,96.4,93.43,93.95,75062316
2022-11-29,94.04,94.41,91.44,92.42,65567286
2022-11-30,92.47,96.54,91.525,96.54,102805806
2022-12-01,96.99,97.23,94.92,95.5,68487969
2022-12-02,94.475,95.36,93.78,94.13,72496388
2022-12-05,93.05,94.06,90.82,91.01,71535526
2022-12-06,90.5,91.04,87.9,88.25,75503628
2022-12-07,88.34,89.89,87.48,88.46,68086880
2022-12-08,89.24,90.86,87.88,90.35,73305887
2022-12-09,88.9,90.3,88.63,89.09,67398506
2022-12-12,89.21,90.58,87.87,90.55,61999762
2022-12-13,95.23,96.25,90.52,92.49,100212038
2022-12-14,92.502,93.4581,89.87,91.58,70298006
2022-12-15,89.89,89.97,87.47,88.45,84802877
2022-12-16,88.265,89.35,86.73,87.86,146144064
2022-12-19,87.51,87.63,84.51,84.92,83531460
2022-12-20,85.33,86.61,84.33,85.19,74348301
2022-12-21,86.175,87.225,85.21,86.77,59267156
2022-12-22,85.52,85.68,82.25,83.79,81431314
2022-12-23,83.25,85.78,82.9344,85.25,57433655
2022-12-27,84.97,85.35,83.0,83.04,57284035
2022-12-28,82.8,83.48,81.69,81.82,58228575
2022-12-29,82.87,84.55,82.55,84.18,54995895
2022-12-30,83.12,84.05,82.47,84.0,62401194
2023-01-03,85.46,86.96,84.205,85.82,76706040
2023-01-04,86.55,86.98,83.36,85.14,68885123
2023-01-05,85.33,85.42,83.07,83.12,67930825
2023-01-06,83.03,86.4,81.43,86.08,83303361
2023-01-09,87.46,89.48,87.08,87.36,65266056
2023-01-10,87.57,90.185,87.29,89.87,67756601
2023-01-11,90.93,95.26,90.93,95.09,103126183
2023-01-12,96.93,97.19,93.5,95.27,85254781
2023-01-13,94.18,98.37,94.12,98.12,85549432
2023-01-17,98.68,98.89,95.73,96.05,72755001
2023-01-18,97.25,99.32,95.38,95.46,79570370
2023-01-19,94.74,95.44,92.86,93.68,69002663
2023-01-20,93.86,97.354,93.2025,97.25,67481539
2023-01-23,97.56,97.78,95.86,97.52,76501103
2023-01-24,96.93,98.09,96.0,96.32,66929452
2023-01-25,92.56,97.24,91.52,97.18,94261570
2023-01-26,98.235,99.49,96.92,99.22,68523557
2023-01-27,99.53,103.485,99.53,102.24,87775614
2023-01-30,101.09,101.74,99.01,100.55,70691860
2023-01-31,101.155,103.3484,101.14,103.13,66527253
2023-02-01,102.53,106.24,101.24,105.15,80450121
2023-02-02,110.245,114.0,108.88,112.91,158154243
2023-02-03,105.26,108.78,102.52,103.39,144374828
2023-02-06,102.925,103.9484,100.65,102.18,81945199
2023-02-07,101.17,102.41,98.08,102.11,119501301
2023-02-08,102.04,102.6699,98.775,100.05,75878304
2023-02-09,101.32,101.78,97.57,98.24,64622489
2023-02-10,97.56,98.8163,96.23,97.61,52740133
2023-02-13,97.85,99.68,96.91,99.54,52841464
2023-02-14,98.41,100.9207,97.52,99.7,56202898
2023-02-15,99.09,101.17,98.45,101.16,48053879
2023-02-16,99.21,100.63,98.1,98.15,56339173
2023-02-17,97.8,97.94,95.65,97.2,60029405
2023-02-21,95.335,95.605,94.27,94.58,56580360
2023-02-22,95.1,97.01,94.8,95.79,59534094
2023-02-23,96.12,96.43,93.67,95.82,48466994
2023-02-24,93.53,94.14,92.3186,93.5,57053812
2023-02-27,94.28,94.78,93.14,93.76,47470321
2023-02-28,93.14,94.69,92.92,94.23,43959290
2023-03-01,93.87,94.68,91.59,92.17,52299524
2023-03-02,91.41,92.23,90.39,92.13,55574820
2023-03-03,92.74,94.94,92.66,94.9,55759609
2023-03-06,95.19,96.545,93.74,93.75,52112355
2023-03-07,94.06,95.09,92.78,93.55,49100668
2023-03-08,93.6,94.165,92.18,93.92,44899128
2023-03-09,93.68,96.21,92.18,92.25,56218705
2023-03-10,92.67,93.57,90.245,90.73,69827490
2023-03-13,89.97,94.02,88.12,92.43,72397053
2023-03-14,93.83,95.07,92.71,94.88,60912674
2023-03-15,93.22,96.67,93.07,96.2,70731792
2023-03-16,95.75,100.99,95.61,100.04,84558934
2023-03-17,99.79,100.66,97.455,98.95,87300242
2023-03-20,98.41,98.48,95.7,97.71,62388911
2023-03-21,98.14,100.845,98.0,100.61,58597275
2023-03-22,100.45,102.1,98.61,98.7,57475365
2023-03-23,100.43,101.06,97.62,98.71,57559310
2023-03-24,98.065,98.3,96.4,98.13,56144801
2023-03-27,99.07,99.34,97.08,98.04,46721296
2023-03-28,98.11,98.44,96.29,97.24,38720050
2023-03-29,98.69,100.4218,98.56,100.25,49783279
2023-03-30,101.55,103.04,101.01,102.0,53633398
2023-03-31,102.16,103.49,101.95,103.29,56750317
2023-04-03,102.3,103.29,101.43,102.41,41135733
2023-04-04,102.75,104.2,102.11,103.95,48662496
2023-04-05,103.91,103.91,100.7506,101.1,45175393
2023-04-06,100.75,102.3817,99.8008,102.06,43808020
2023-04-10,100.96,102.2,99.57,102.17,37261185
2023-04-11,100.8,101.0,99.01,99.92,60417847
2023-04-12,100.4,100.51,97.705,97.83,56735007
2023-04-13,98.95,102.57,98.71,102.4,67925138
2023-04-14,102.07,103.2013,101.11,102.51,51450522
2023-04-17,103.16,103.73,101.59,102.74,39791535
2023-04-18,103.95,104.2,101.52,102.3,39790518
2023-04-19,101.58,105.12,101.39,104.3,58398890
2023-04-20,103.53,105.25,103.21,103.81,57696866
2023-04-21,106.1,108.15,105.08,106.96,86774185
2023-04-24,107.655,109.23,105.07,106.21,69575610
2023-04-25,104.91,105.45,102.45,102.57,65026818
2023-04-26,105.04,106.62,104.1,104.98,71821215
2023-04-27,108.16,110.86,106.8,109.82,149961167
2023-04-28,107.73,109.48,104.33,105.45,130715946
2023-05-01,104.95,105.23,101.82,102.05,74728096
2023-05-02,101.47,103.9,101.15,103.63,73469350
2023-05-03,103.735,105.96,103.28,103.65,65051925
2023-05-04,104.04,105.39,103.3117,104.0,45345523
2023-05-05,104.27,105.76,103.55,105.655,56951744
2023-05-08,105.04,106.095,104.7001,105.83,49430909
2023-05-09,105.48,106.79,105.1567,106.62,44089359
2023-05-10,108.1,110.67,108.05,110.19,78627616
2023-05-11,111.03,113.28,110.49,112.18,74924841
2023-05-12,112.16,112.64,109.3185,110.26,49852671
2023-05-15,111.15,112.29,109.25,111.2,53011145
2023-05-16,111.05,114.7899,111.05,113.4,71472908
2023-05-17,114.89,115.83,114.22,115.5,65655177
2023-05-18,116.69,118.6,116.335,118.15,73174087
2023-05-19,118.16,118.31,115.7,116.25,55056307
2023-05-22,116.77,116.77,114.25,115.01,70741123
2023-05-23,114.27,117.14,113.78,114.99,67576262
2023-05-24,115.35,117.34,115.02,116.75,63487938
2023-05-25,116.63,116.87,114.31,115.0,66496681
2023-05-26,116.04,121.5,116.02,120.11,96779889
2023-05-30,122.37,122.92,119.855,121.66,64314808
2023-05-31,121.45,122.04,119.17,120.58,71769273
2023-06-01,120.69,123.49,119.93,122.77,54375131
2023-06-02,124.92,126.39,124.015,124.25,61264414
2023-06-05,123.36,125.8,123.03,125.3,47950128
2023-06-06,125.07,127.4,125.0,126.61,45695212
2023-06-07,127.01,127.365,120.63,121.23,95663275
2023-06-08,123.01,125.625,122.2579,124.25,62159270
2023-06-09,124.08,125.8,123.19,123.43,51396018
2023-06-12,124.02,126.78,123.53,126.57,51473376
2023-06-13,128.12,128.41,125.18,126.66,50564785
2023-06-14,126.7,126.95,124.12,126.42,52422463
2023-06-15,125.21,127.69,124.32,127.11,60458471
2023-06-16,127.71,127.9,125.3,125.49,84247104
2023-06-20,124.97,127.25,124.5,125.78,56930122
2023-06-21,125.64,126.73,123.85,124.83,52137670
2023-06-22,125.31,130.33,125.14,130.15,90354572
2023-06-23,129.11,130.84,128.28,129.33,71927776
2023-06-26,129.33,131.49,127.1,127.33,59989317
2023-06-27,128.63,130.085,127.55,129.18,46801008
2023-06-28,128.94,131.48,128.44,129.04,52149512
2023-06-29,128.77,129.26,127.255,127.9,40760959
2023-06-30,129.47,131.245,128.95,130.36,54350684
2023-07-03,130.82,131.85,130.065,130.22,28264785
2023-07-05,130.24,131.4,129.64,130.38,35895409
2023-07-06,128.25,128.73,127.37,128.36,40697848
2023-07-07,128.59,130.97,128.1294,129.78,41992251
2023-07-10,129.07,129.28,125.915,127.13,61889289
2023-07-11,127.75,129.77,127.35,128.78,49951460
2023-07-12,130.31,131.26,128.83,130.8,54022847
2023-07-13,134.04,134.67,132.71,134.3,61170883
2023-07-14,134.06,136.65,134.06,134.68,54487090
2023-07-17,134.56,135.62,133.21,133.56,48450198
2023-07-18,132.71,133.86,131.355,132.83,54969133
2023-07-19,133.39,135.99,132.53,135.36,54531037
2023-07-20,134.07,134.7915,129.33,129.96,59820579
2023-07-21,131.34,131.37,128.415,130.0,133307294
2023-07-24,130.305,131.66,128.35,128.8,45671535
2023-07-25,129.31,129.58,128.53,129.13,39236663
2023-07-26,126.51,129.08,126.11,128.15,53910087
2023-07-27,131.0,132.63,127.79,128.25,52610661
2023-07-28,129.69,133.01,129.33,132.21,46317381
2023-07-31,133.2,133.87,132.38,133.68,41901516
2023-08-01,133.55,133.69,131.6199,131.69,42298925
2023-08-02,130.154,130.23,126.82,128.21,51027614
2023-08-03,127.48,129.84,126.41,128.91,91163736
2023-08-04,141.06,143.63,139.32,139.57,153128470
2023-08-07,140.99,142.54,138.95,142.22,71213112
2023-08-08,140.62,140.84,138.42,139.94,51710497
2023-08-09,139.97,140.32,137.1,137.85,50017349
2023-08-10,139.075,140.41,137.49,138.56,58928402
2023-08-11,137.4,139.33,137.0,138.41,42905833
2023-08-14,138.3,140.59,137.75,140.57,47148699
2023-08-15,140.05,141.2778,137.23,137.67,42781521
2023-08-16,137.19,137.27,135.01,135.07,41675903
2023-08-17,135.46,136.085,133.53,133.98,48354085
2023-08-18,131.62,134.065,131.15,133.22,48497698
2023-08-21,133.74,135.185,132.71,134.68,41442483
2023-08-22,135.08,135.65,133.73,134.25,32935104
2023-08-23,134.5,135.95,133.22,135.52,42801043
2023-08-24,136.4,136.775,131.83,131.84,43646250
2023-08-25,132.47,133.87,130.58,133.26,44147451
2023-08-28,133.78,133.95,131.85,133.14,34108410
2023-08-29,133.38,135.14,133.25,134.91,38646093
2023-08-30,134.93,135.68,133.92,135.07,36137015
2023-08-31,135.06,138.7885,135.0,138.01,58781314
2023-09-01,139.455,139.96,136.875,138.12,40991536
2023-09-05,137.73,137.8,135.82,137.27,40636738
2023-09-06,136.32,137.45,134.61,135.36,41785507
2023-09-07,133.9,138.03,133.16,137.85,48498912
2023-09-08,136.86,138.8519,136.75,138.23,38365929
2023-09-11,138.75,143.62,138.64,143.1,56764525
2023-09-12,142.32,143.0,140.61,141.23,42668452
2023-09-13,140.95,144.98,140.865,144.85,60465175
2023-09-14,145.08,145.86,142.95,144.72,64033607
2023-09-15,142.69,143.57,140.09,140.39,102909327
2023-09-18,140.48,141.75,139.22,139.98,42823480
2023-09-19,138.7,138.84,135.56,137.63,61482470
2023-09-20,138.55,139.37,135.2,135.29,46263716
2023-09-21,131.94,132.24,129.31,129.33,70343342
2023-09-22,131.11,132.03,128.52,129.12,59904348
2023-09-25,129.36,131.78,128.77,131.27,46017825
2023-09-26,130.12,130.39,125.28,125.98,73048207
2023-09-27,125.76,127.48,124.13,125.98,66553449
2023-09-28,124.04,126.5801,123.04,125.98,54554968
2023-09-29,128.2,129.15,126.32,127.12,62411730
2023-10-02,127.28,130.47,126.54,129.46,48029744
2023-10-03,128.06,128.52,124.2544,124.72,51564991
2023-10-04,126.06,127.36,125.68,127.0,44203870
2023-10-05,126.71,126.73,124.33,125.96,39660643
2023-10-06,124.16,128.45,124.13,127.96,46836698
2023-10-09,126.22,128.79,124.76,128.26,38773738
2023-10-10,128.82,130.74,128.05,129.48,42178619
2023-10-11,129.74,132.05,129.61,131.83,40741842
2023-10-12,132.17,134.48,131.23,132.33,55528581
2023-10-13,132.98,133.3145,128.95,129.79,45824685
2023-10-16,130.69,133.07,130.425,132.55,42832918
2023-10-17,130.39,132.58,128.71,131.47,49344550
2023-10-18,129.9,130.6699,127.51,128.13,42699479
2023-10-19,130.565,132.24,127.47,128.4,60961355
2023-10-20,128.05,128.17,124.97,125.17,56406410
2023-10-23,124.63,127.88,123.98,126.56,48259953
2023-10-24,127.74,128.8,126.34,128.56,46477355
2023-10-25,126.04,126.34,120.79,121.39,74577544
2023-10-26,120.63,121.6393,118.35,119.57,100419516
2023-10-27,126.2,130.02,125.52,127.74,125309313
2023-10-30,129.72,133.0,128.56,132.71,72485542
2023-10-31,132.75,133.57,131.71,133.09,51589380
2023-11-01,133.96,137.35,133.71,137.0,61529409
2023-11-02,138.73,138.81,136.47,138.07,52236693
2023-11-03,138.99,139.49,137.45,138.6,44059805
2023-11-06,138.76,140.73,138.36,139.74,44970417
2023-11-07,140.55,143.37,140.5,142.71,53553537
2023-11-08,142.97,143.12,141.2183,142.08,44521658
2023-11-09,142.02,142.65,139.84,140.6,36235367
2023-11-10,140.46,143.65,139.91,143.56,49349937
2023-11-13,142.08,143.23,140.67,142.59,35680570
2023-11-14,145.0,147.26,144.68,145.8,56674551
2023-11-15,147.06,147.29,142.59,143.2,63875720
2023-11-16,140.91,143.32,139.52,142.83,49653512
2023-11-17,142.66,145.23,142.545,145.18,49678437
2023-11-20,145.13,146.63,144.725,146.13,41978766
2023-11-21,143.91,144.05,141.5,143.9,71225992
2023-11-22,144.57,147.74,144.57,146.71,45700002
2023-11-24,146.7,147.2,145.32,146.74,22378379
2023-11-27,147.53,149.26,146.88,147.73,53762428
2023-11-28,146.98,147.5999,145.53,147.03,42711682
2023-11-29,147.85,148.54,145.97,146.32,40610907
2023-11-30,144.76,146.93,144.332,146.09,65814022
2023-12-01,146.0,147.245,145.55,147.03,39951833
2023-12-04,145.25,145.35,142.81,144.84,48294244
2023-12-05,143.55,148.57,143.13,146.88,46822411
2023-12-06,147.58,147.85,144.28,144.52,39481034
2023-12-07,146.15,147.92,145.34,146.88,52352830
2023-12-08,145.48,147.84,145.4,147.42,41905965
2023-12-11,145.66,146.19,143.64,145.89,50907288
2023-12-12,145.52,147.5,145.3,147.48,44944264
2023-12-13,148.12,149.46,146.82,148.84,52766196
2023-12-14,149.93,150.54,145.52,147.42,58400848
2023-12-15,148.38,150.57,147.88,149.97,110089342
2023-12-18,150.56,154.855,150.05,154.07,62512828
2023-12-19,154.4,155.12,152.69,153.79,42891256
2023-12-20,152.9,155.63,151.56,152.12,50322106
2023-12-21,153.3,153.97,152.1,153.84,36305733
2023-12-22,153.77,154.35,152.71,153.42,29514093
2023-12-26,153.56,153.975,153.03,153.41,25067222
2023-12-27,153.56,154.78,153.12,153.34,31242664
2023-12-28,153.72,154.08,152.95,153.38,27057002
2023-12-29,153.1,153.89,151.03,151.94,39823204
2024-01-02,151.54,152.38,148.39,149.93,47339424
2024-01-03,149.2,151.05,148.33,148.47,49425495
2024-01-04,145.59,147.38,144.05,144.57,56039807
2024-01-05,144.69,146.59,144.53,145.24,44770343
2024-01-08,146.74,149.4,146.15,149.1,46757053
2024-01-09,148.33,151.71,148.21,151.37,43812567
2024-01-10,152.06,154.42,151.881,153.73,44421830
2024-01-11,155.04,157.17,153.12,155.18,49072691
2024-01-12,155.39,156.2,154.01,154.62,40484155
2024-01-16,153.53,154.99,152.15,153.16,41384636
2024-01-17,151.49,152.15,149.91,151.71,34953363
2024-01-18,152.77,153.775,151.82,153.5,37850245
2024-01-19,153.83,155.76,152.74,155.34,51651628
2024-01-22,156.89,157.05,153.9,154.78,43687468
2024-01-23,154.85,156.21,153.93,156.02,37986039
2024-01-24,157.8,158.51,156.48,156.87,47636725
2024-01-25,156.95,158.505,154.5501,157.75,43638592
2024-01-26,158.42,160.72,157.91,159.12,51047353
2024-01-29,159.34,161.29,158.9,161.26,45270385
2024-01-30,160.7,161.73,158.49,159.0,45207430
2024-01-31,157.0,159.01,154.81,155.2,50284371
2024-02-01,155.87,159.76,155.62,159.28,76542419
2024-02-02,169.19,172.5,167.33,171.81,117218313
2024-02-05,170.2,170.55,167.7,170.31,55081297
2024-02-06,169.39,170.71,167.65,169.15,42505518
2024-02-07,169.48,170.88,168.94,170.53,47174060
2024-02-08,169.65,171.43,168.88,169.84,42316454
2024-02-09,170.9,175.0,170.5803,174.45,56985986
2024-02-12,174.8,175.39,171.54,172.34,51050440
2024-02-13,167.73,170.95,165.75,168.64,56345122
2024-02-14,169.21,171.21,168.28,170.98,42815544
2024-02-15,170.58,171.17,167.59,169.8,49855196
2024-02-16,168.74,170.42,167.17,169.51,48107744
2024-02-20,167.83,168.71,165.74,167.08,41980326
2024-02-21,168.94,170.23,167.14,168.59,44575623
2024-02-22,173.1,174.8,171.77,174.58,55392354
2024-02-23,174.28,175.75,173.7,174.99,59715243
2024-02-26,175.7,176.37,174.26,174.73,44368614
2024-02-27,174.075,174.62,172.86,173.54,31141732
2024-02-28,172.44,174.05,172.27,173.16,28180482
2024-02-29,173.01,177.22,172.85,176.76,53805359
2024-03-01,176.75,178.725,176.07,178.22,31981152
2024-03-04,177.53,180.14,177.49,177.58,37381520
2024-03-05,176.93,176.93,173.303,174.12,37228343
2024-03-06,175.54,176.46,173.26,173.51,32090926
2024-03-07,174.83,177.99,173.72,176.82,34063283
2024-03-08,176.44,178.785,174.33,175.35,37893242
2024-03-11,174.31,174.47,171.47,171.96,28285183
2024-03-12,173.5,176.76,171.98,175.39,35308322
2024-03-13,175.9,177.62,175.55,176.555,30596153
2024-03-14,177.69,179.53,176.465,178.75,43528139
2024-03-15,176.64,177.93,173.9,174.42,72147390
2024-03-18,175.8,176.69,174.28,174.48,31250688
2024-03-19,174.215,176.09,173.52,175.9,26880893
2024-03-20,176.14,178.53,174.64,178.15,29947150
2024-03-21,179.988,181.415,178.15,178.15,32824320
2024-03-22,177.752,179.255,176.75,178.87,27995378
2024-03-25,178.01,180.99,177.24,179.71,29815464
2024-03-26,180.15,180.45,177.95,178.3,29658982
2024-03-27,179.88,180.0,177.3099,179.83,33272551
2024-03-28,180.17,181.7,179.26,180.38,38051588
2024-04-01,180.79,183.0,179.95,180.97,28374496
2024-04-02,179.07,180.79,178.3762,180.69,31929759
2024-04-03,179.9,182.87,179.8,182.41,30368799
2024-04-04,184.0,185.1,180.0,180.0,41197087
2024-04-05,182.38,186.27,181.97,185.07,42072115
2024-04-08,186.9,187.29,184.81,185.19,38929087
2024-04-09,187.24,187.34,184.2,185.67,36337354
2024-04-10,182.765,186.2699,182.67,185.95,35879151
2024-04-11,186.74,189.77,185.51,189.05,40020742
2024-04-12,187.72,188.38,185.08,186.13,38608849
2024-04-15,187.425,188.69,183.0,183.62,48052395
2024-04-16,183.27,184.83,182.26,183.32,32891265
2024-04-17,184.31,184.57,179.82,181.28,31359673
2024-04-18,181.47,182.39,178.65,179.22,30723793
2024-04-19,178.74,179.0,173.44,174.63,56000729
2024-04-22,176.94,178.87,174.56,177.23,37924890
2024-04-23,178.08,179.93,175.975,179.54,37046519
2024-04-24,179.94,180.323,176.18,176.59,34185109
2024-04-25,169.68,173.92,166.32,173.67,49249390
2024-04-26,177.795,180.82,176.13,179.62,43919765
2024-04-29,182.75,183.53,179.39,180.96,54063937
2024-04-30,181.09,182.99,174.8,175.0,94639786
2024-05-01,181.635,185.15,176.56,179.0,94645148
2024-05-02,180.85,185.1,179.91,184.72,54303510
2024-05-03,186.99,187.87,185.42,186.21,39172004
2024-05-06,186.28,188.745,184.8,188.7,34725295
2024-05-07,188.92,189.94,187.305,188.76,34048902
2024-05-08,187.44,188.43,186.385,188.0,26136350
2024-05-09,188.88,191.7,187.44,189.5,43368377
2024-05-10,189.16,189.892,186.93,187.48,34141771
2024-05-13,188.0,188.31,185.36,186.57,24898613
2024-05-14,183.82,187.72,183.45,187.07,38698155
2024-05-15,185.97,186.7193,182.73,185.99,75459927
2024-05-16,185.6,187.31,183.46,183.63,38834450
2024-05-17,183.76,185.3,183.35,184.7,33175655
2024-05-20,184.34,186.665,183.28,183.54,30511768
2024-05-21,182.3,183.26,180.75,183.15,50839129
2024-05-22,183.88,185.22,181.9715,183.13,28148784
2024-05-23,183.66,184.76,180.08,181.05,33670173
2024-05-24,181.65,182.435,180.3,180.75,27471640
2024-05-28,179.93,182.24,179.49,182.15,29926963
2024-05-29,181.7,184.08,181.55,182.02,32009294
2024-05-30,181.31,181.34,178.355,179.32,29249229
2024-05-31,178.3,179.21,173.87,176.44,58903939
2024-06-03,177.7,178.7,175.92,178.34,30786640
2024-06-04,177.64,179.82,176.44,179.34,27198388
2024-06-05,180.1,181.5,178.75,181.28,32116394
2024-06-06,181.745,185.0,181.49,185.0,31371151
2024-06-07,184.9,186.2888,183.36,184.3,28021473
2024-06-10,184.07,187.23,183.79,187.06,34494498
2024-06-11,187.06,187.77,184.5373,187.23,27265108
2024-06-12,188.015,188.35,185.43,186.89,33984216
2024-06-13,186.09,187.67,182.666,183.83,39721545
2024-06-14,183.08,183.72,182.23,183.66,25456410
2024-06-17,182.52,185.0,181.22,184.06,35601907
2024-06-18,183.735,184.29,181.43,182.81,36659157
2024-06-20,182.91,186.51,182.72,186.1,44726779
2024-06-21,187.8,189.275,185.86,189.08,72931754
2024-06-24,189.33,191.0,185.33,185.57,50610379
2024-06-25,186.81,188.84,185.42,186.34,45898475
2024-06-26,186.92,194.8,186.26,193.61,65103893
2024-06-27,195.005,199.84,194.2,197.85,74397491
2024-06-28,197.73,198.85,192.5,193.25,76930192
2024-07-01,193.49,198.2957,192.82,197.2,41192011
2024-07-02,197.28,200.43,195.93,200.0,45600013
2024-07-03,199.94,200.029,196.7601,197.59,31597926
2024-07-05,198.65,200.55,198.17,200.0,39858885
2024-07-08,200.04,201.2,197.96,199.29,34767261
2024-07-09,199.4,200.57,199.045,199.34,32756736
2024-07-10,199.995,200.11,197.69,199.79,32883753
2024-07-11,200.09,200.2699,192.86,195.05,44565041
2024-07-12,194.8,196.47,193.8301,194.49,30598525
2024-07-15,194.56,196.19,190.83,192.72,40683227
2024-07-16,195.59,196.62,192.24,193.02,33994714
2024-07-17,191.35,191.58,185.99,187.93,48076139
2024-07-18,189.59,189.68,181.448,183.75,51043626
2024-07-19,181.14,184.93,180.11,183.13,43081829
2024-07-22,185.0,185.06,182.48,182.55,39931923
2024-07-23,184.1,189.39,183.56,186.41,47537670
2024-07-24,183.2,185.45,180.41,180.83,41532360
2024-07-25,182.91,183.8958,176.8,179.85,44464163
2024-07-26,180.39,183.19,180.24,182.5,29505964
2024-07-29,183.84,184.75,182.38,183.2,33270123
2024-07-30,184.72,185.86,179.38,181.71,39508574
2024-07-31,185.05,187.94,184.46,186.98,41667326
2024-08-01,189.285,190.6,181.87,184.07,70435635
2024-08-02,166.75,168.77,160.55,167.9,141448365
2024-08-05,154.21,162.96,151.61,161.02,83149437
2024-08-06,161.71,165.08,158.5404,161.93,59950830
2024-08-07,166.55,167.58,161.43,162.77,48408240
2024-08-08,165.165,166.6899,162.55,165.8,44616206
2024-08-09,166.4,168.55,165.85,166.94,36401049
2024-08-12,168.14,168.55,166.1101,166.8,30072788
2024-08-13,167.81,171.04,167.1,170.23,39237915
2024-08-14,172.11,172.28,168.86,170.1,28843804
2024-08-15,174.86,177.91,173.99,177.59,51698513
2024-08-16,177.04,178.34,176.2601,177.06,31489175
2024-08-19,177.64,178.3,176.16,178.22,31129807
2024-08-20,177.92,179.01,177.4308,178.88,26255204
2024-08-21,179.92,182.385,178.8937,180.11,35599120
2024-08-22,181.38,181.47,175.68,176.13,32047482
2024-08-23,177.34,178.9699,175.24,177.04,29150091
2024-08-26,176.7,177.4682,174.3,175.5,22366236
2024-08-27,174.15,174.89,172.25,173.12,29841979
2024-08-28,173.69,173.69,168.92,170.8,29045025
2024-08-29,173.22,174.29,170.81,172.12,26407815
2024-08-30,172.78,178.9,172.6,178.5,43429355
2024-09-03,177.55,178.26,175.26,176.25,37817511
2024-09-04,174.48,175.98,172.54,173.33,29682478
2024-09-05,175.0,179.875,174.995,177.89,40170526
2024-09-06,177.24,178.38,171.16,171.39,41466537
2024-09-09,174.53,175.85,173.51,175.4,29037362
2024-09-10,177.49,180.5,176.79,179.55,36233796
2024-09-11,180.095,184.99,175.73,184.52,42564698
2024-09-12,184.8,187.41,183.54,187.0,33622483
2024-09-13,187.0,188.5,185.91,186.49,26495351
2024-09-16,185.29,185.81,183.36,184.89,26065485
2024-09-17,186.85,189.45,186.14,186.88,26091682
2024-09-18,186.45,188.8,185.06,186.43,34448130
2024-09-19,190.04,190.99,188.47,189.87,39543168
2024-09-20,190.23,191.84,187.41,191.6,100378553
2024-09-23,191.64,194.45,190.57,193.88,36993111
2024-09-24,194.27,195.37,190.13,193.96,43478926
2024-09-25,193.75,193.9498,192.16,192.53,26391144
2024-09-26,194.31,194.53,189.54,191.16,36334854
2024-09-27,190.68,190.9,187.34,187.97,36002316
2024-09-30,187.14,188.49,184.65,186.33,41680400
2024-10-01,184.9,186.19,183.4519,185.13,36044906
2024-10-02,184.44,186.6,184.04,184.76,23704056
2024-10-03,183.045,183.44,180.875,181.96,30204302
2024-10-04,185.75,187.6,183.6,186.51,41079011
2024-10-07,182.95,183.6,180.25,180.8,42364201
2024-10-08,181.915,183.09,180.92,182.72,26372086
2024-10-09,182.82,185.845,182.05,185.17,26343117
2024-10-10,187.13,188.134,185.83,186.65,27785043
2024-10-11,186.63,189.9284,186.3,188.82,25751557
2024-10-14,189.78,189.83,187.36,187.54,22614407
2024-10-15,187.63,188.41,184.58,187.69,32178925
2024-10-16,187.05,187.78,185.61,186.89,23456812
2024-10-17,188.22,188.94,186.0,187.53,25039414
2024-10-18,187.15,190.74,186.28,188.99,37417670
2024-10-21,188.05,189.46,186.4,189.07,24639393
2024-10-22,188.35,191.5201,186.975,189.7,29650593
2024-10-23,188.85,189.16,183.69,184.71,31937089
2024-10-24,185.25,187.11,183.86,186.38,21647395
2024-10-25,187.85,190.45,187.53,187.83,29362060
2024-10-28,189.565,190.21,188.21,188.39,27930836
2024-10-29,188.58,191.4599,187.815,190.83,35690158
2024-10-30,194.695,195.61,192.42,192.73,37707550
2024-10-31,190.51,190.6,185.23,186.4,75146759
2024-11-01,199.0,200.5,197.02,197.93,99687847
2024-11-04,196.45,197.33,194.3101,195.78,38492062
2024-11-05,196.04,199.82,195.99,199.5,30564784
2024-11-06,200.01,207.55,199.14,207.09,72292167
2024-11-07,207.44,212.25,207.19,210.05,52878383
2024-11-08,209.72,209.9633,207.44,208.18,36075846
2024-11-11,208.5,209.65,205.59,206.84,35456012
2024-11-12,208.37,209.54,206.01,208.91,38942918
2024-11-13,209.4,215.09,209.14,214.1,46212943
2024-11-14,214.16,215.9,210.88,211.48,42620309
2024-11-15,206.76,207.34,199.61,202.61,86591144
2024-11-18,204.15,204.67,200.95,201.7,36512465
2024-11-19,199.33,205.3,198.78,204.61,31197867
2024-11-20,202.98,203.13,199.45,202.88,32768989
2024-11-21,203.49,203.49,195.75,198.38,58800042
2024-11-22,198.25,199.2599,196.75,197.12,31530844
2024-11-25,199.28,201.9499,199.0,201.45,40685672
2024-11-26,201.9,208.0,201.79,207.86,41673737
2024-11-27,206.98,207.64,205.05,205.74,28061638
2024-11-29,205.83,208.2,204.59,207.89,24892447
2024-12-02,209.96,212.99,209.5101,210.71,39523185
2024-12-03,210.31,214.02,209.65,213.44,32214828
2024-12-04,215.96,220.0,215.75,218.16,48745716
2024-12-05,218.03,222.15,217.3,220.55,41140220
2024-12-06,220.75,227.15,220.6,227.03,44178069
2024-12-09,227.21,230.08,225.67,226.09,46819363
2024-12-10,226.09,229.06,224.2002,225.04,31199864
2024-12-11,226.41,231.2,226.26,230.26,35385785
2024-12-12,229.83,231.09,227.63,228.97,28204084
2024-12-13,228.4,230.2,225.8608,227.46,28768080
2024-12-16,230.23,233.0,228.01,232.93,37552096
2024-12-17,232.39,232.73,227.85,231.15,35948131
2024-12-18,230.77,231.3999,220.11,220.52,43281443
2024-12-19,224.91,226.09,222.92,223.29,39918739
2024-12-20,219.84,226.21,218.73,224.92,88279184
2024-12-23,225.01,226.88,223.9,225.06,28070007
2024-12-24,226.94,229.14,226.13,229.05,15007497
2024-12-26,228.5,228.5,226.6706,227.05,16174500
2024-12-27,225.6,226.03,220.9,223.75,27367147
2024-12-30,220.06,222.9972,218.43,221.3,28321240
2024-12-31,222.965,223.2299,218.94,219.39,24819655
2025-01-02,222.03,225.15,218.19,220.22,33956579
2025-01-03,222.505,225.36,221.62,224.19,27515606
2025-01-06,226.78,228.835,224.84,227.61,31849831
2025-01-07,227.9,228.381,221.46,222.11,28084164
2025-01-08,223.185,223.52,220.2,222.13,25033292
2025-01-10,221.46,221.71,216.5,218.94,36811525
2025-01-13,218.06,219.4,216.47,218.46,27262655
2025-01-14,220.44,221.82,216.2,217.76,24711650
2025-01-15,222.83,223.57,220.75,223.35,31291257
2025-01-16,224.42,224.65,220.31,220.66,24757276
2025-01-17,225.84,226.51,223.08,225.94,42370123
2025-01-21,228.9,231.78,226.94,230.71,39951456
2025-01-22,232.02,235.44,231.19,235.01,41448217
2025-01-23,234.1,235.52,231.51,235.42,26404364
2025-01-24,234.5,236.4,232.93,234.85,25890738
2025-01-27,226.21,235.61,225.86,235.42,49428332
2025-01-28,234.29,241.77,233.98,238.15,41587188
2025-01-29,239.015,240.39,236.15,237.07,26091716
2025-01-30,237.14,237.95,232.22,234.64,32020728
2025-01-31,236.5,240.29,236.41,237.68,36162377
2025-02-03,234.06,239.25,232.9,237.42,37285868
2025-02-04,239.01,242.52,238.03,242.06,29713812
2025-02-05,237.02,238.32,235.2,236.17,38832042
2025-02-06,238.01,239.6599,236.01,238.83,60897095
2025-02-07,232.5,234.81,228.06,229.15,77539276
2025-02-10,230.545,233.92,229.2,233.14,35419926
2025-02-11,231.92,233.44,230.13,232.76,23713726
2025-02-12,230.46,231.18,228.16,228.93,32285249
2025-02-13,228.85,230.42,227.52,230.37,31346512
2025-02-14,229.2,229.89,227.23,228.68,27031084
2025-02-18,228.82,229.3,223.72,226.65,42975133
2025-02-19,225.52,226.83,223.71,226.63,28566709
2025-02-20,224.775,225.13,221.81,222.88,30001665
2025-02-21,223.28,223.31,214.74,216.58,55323850
2025-02-24,217.45,217.715,212.42,212.71,42387585
2025-02-25,211.63,213.34,204.16,212.8,58957977
2025-02-26,214.94,218.16,213.09,214.35,39120603
2025-02-27,218.35,219.97,208.37,208.74,40548571
2025-02-28,208.65,212.62,206.99,212.28,51771737
2025-03-03,213.352,214.01,202.55,205.02,42948447
2025-03-04,200.11,206.8,197.432,203.8,60853084
2025-03-05,204.8,209.98,203.26,208.36,38610085
2025-03-06,204.4,205.77,198.3015,200.7,49863755
2025-03-07,199.49,202.2653,192.53,199.25,59802821
2025-03-10,195.6,196.73,190.85,194.54,61829231
2025-03-11,193.9,200.18,193.4,196.59,54002880
2025-03-12,200.72,201.52,195.29,198.89,43679284
2025-03-13,198.165,198.8799,191.82,193.89,41270761
2025-03-14,197.41,198.65,195.32,197.95,38096663
2025-03-17,198.77,199.0,194.3247,195.74,47341752
2025-03-18,192.52,194.0,189.38,192.82,40414867
2025-03-19,193.38,195.965,191.96,195.54,39442878
2025-03-20,193.07,199.32,192.3,194.95,38921113
2025-03-21,192.9,196.99,192.52,196.21,60056917
2025-03-24,200.0,203.64,199.95,203.26,41625365
2025-03-25,203.595,206.21,203.22,205.71,31171161
2025-03-26,205.835,206.01,199.925,201.13,32990973
2025-03-27,200.89,203.79,199.2821,201.36,27317661
2025-03-28,198.42,199.26,191.881,192.72,52548226
2025-03-31,188.19,191.33,184.4,190.26,63547558
2025-04-01,187.86,193.93,187.2,192.17,41267315
2025-04-02,187.66,198.34,187.66,196.01,53679198
2025-04-03,182.995,184.13,176.92,178.41,95553617
2025-04-04,167.145,178.1436,166.0,171.0,123159359
2025-04-07,162.0,183.4099,161.38,175.26,109327115
2025-04-08,185.23,185.9,168.57,170.66,87710360
2025-04-09,172.115,192.65,169.93,191.1,116804328
2025-04-10,185.44,186.8692,175.8518,181.22,68302045
2025-04-11,179.93,185.86,178.0,184.87,50594339
2025-04-14,186.84,187.44,179.23,182.12,48002540
2025-04-15,181.41,182.35,177.9331,179.59,43641952
2025-04-16,176.29,179.1046,171.41,174.33,51875316
2025-04-17,176.0,176.21,172.0,172.61,44726453
2025-04-21,169.6,169.6,165.285,167.32,48126111
2025-04-22,169.845,176.78,169.35,173.18,56607202
2025-04-23,183.45,187.38,180.19,180.6,63470149
2025-04-24,180.915,186.74,180.18,186.54,43763196
2025-04-25,187.62,189.94,185.49,188.99,36414330
2025-04-28,190.105,190.22,184.885,187.7,33224732
2025-04-29,183.99,188.0158,183.68,187.39,41667255
2025-04-30,182.17,185.05,178.85,184.42,55176543
2025-05-01,190.63,191.807112,187.5,190.2,74265963
2025-05-02,191.435,192.88,186.4,189.98,77903487
2025-05-05,186.51,188.18,185.53,186.35,35217469
2025-05-06,184.57,187.93,183.85,185.01,29314055
2025-05-07,185.56,190.99,185.01,188.71,44002926
2025-05-08,191.43,194.33,188.82,192.08,41043620
2025-05-09,193.375,194.69,191.16,193.06,29663143
2025-05-12,210.71,211.66,205.75,208.64,75205042
2025-05-13,211.08,214.84,210.1,211.37,56193682
2025-05-14,211.45,211.93,208.85,210.25,38492128
2025-05-15,206.45,206.88,202.673,205.17,64347317
2025-05-16,206.85,206.85,204.374,205.59,43318478
2025-05-19,201.645,206.62,201.26,206.16,34314810
2025-05-20,204.628,205.5899,202.65,204.07,29470373
2025-05-21,201.61,203.455,200.06,201.12,42460924
2025-05-22,201.38,205.76,200.16,203.1,38938882
2025-05-23,198.9,202.37,197.85,200.99,33393545
2025-05-27,203.085,206.69,202.19,206.02,34892044
2025-05-28,205.915,207.66,204.41,204.72,28549753
2025-05-29,208.025,208.81,204.23,205.7,34700005
2025-05-30,204.84,205.99,201.695,205.01,51679406
2025-06-02,204.98,207.0,202.68,206.65,29113319
2025-06-03,207.105,208.9469,205.03,205.71,33139121
2025-06-04,206.55,208.18,205.18,207.23,29915592
2025-06-05,209.55,212.81,207.56,207.91,51979243
2025-06-06,212.4,213.8699,210.5,213.57,39832500
2025-06-09,214.75,217.85,212.88,216.98,38102502
2025-06-10,216.78,217.69,214.15,217.61,31303317
2025-06-11,217.41,218.4,212.89,213.2,39325981
2025-06-12,211.78,213.58,211.33,213.24,27639991
2025-06-13,209.96,214.05,209.62,212.1,29337763
2025-06-16,212.31,217.06,211.6,216.1,33284158
2025-06-17,215.195,217.41,214.56,214.82,32086262
2025-06-18,215.09,217.96,212.34,212.52,44360509
2025-06-20,214.68,214.89,208.2709,209.69,75350733
2025-06-23,209.79,210.39,207.3101,208.47,37311725
2025-06-24,212.135,214.34,211.045,212.77,38378757
2025-06-25,214.615,216.03,211.11,211.99,31755698
2025-06-26,213.12,218.035,212.01,217.12,50480814
2025-06-27,219.92,223.3,216.74,223.3,119217138
2025-06-30,223.52,223.82,219.12,219.39,58887780
2025-07-01,219.5,221.875,217.93,220.46,39256830
2025-07-02,219.73,221.6,219.06,219.92,30894178
2025-07-03,221.82,224.01,221.36,223.41,29632353
2025-07-07,223.0,224.29,222.37,223.47,36604139
2025-07-08,223.915,224.0,218.43,219.36,45691987
2025-07-09,221.07,224.29,220.47,222.54,38155121
2025-07-10,221.55,222.79,219.7,222.26,30370591
2025-07-11,223.58,226.6799,222.37,225.02,50518307
2025-07-14,225.07,226.66,224.24,225.69,35702597
2025-07-15,226.2,227.27,225.455,226.35,34907294
2025-07-16,225.875,226.1,222.18,223.19,39535926
2025-07-17,223.32,224.5,222.51,223.88,31855831
2025-07-18,225.14,226.4,222.98,226.13,37833807
2025-07-21,225.835,229.69,225.65,229.3,40297556
2025-07-22,229.68,230.0,226.35,227.47,37483702
2025-07-23,228.47,228.79,227.09,228.29,28294852
2025-07-24,229.17,236.0,228.64,232.23,42902266
2025-07-25,232.22,232.48,231.18,231.44,28712095
2025-07-28,233.35,234.29,232.25,232.79,26300138
2025-07-29,234.15,234.72,230.31,231.01,33716220
2025-07-30,231.64,231.8,229.29,230.19,32993273
2025-07-31,235.77,236.53,231.4,234.11,104357263
2025-08-01,217.21,220.4399,212.8,214.75,122258801
2025-08-04,217.4,217.44,211.42,211.65,77890146
2025-08-05,213.05,216.3,212.87,213.75,51505121
2025-08-06,214.695,222.65,213.7409,222.31,54823045
2025-08-07,221.0,226.22,220.82,223.13,40603513
2025-08-08,223.14,223.8,221.8836,222.69,32970477
2025-08-11,221.78,223.05,220.4,221.3,31646222
2025-08-12,222.23,223.5,219.05,221.47,37254707
2025-08-13,222.0,224.9185,222.0,224.56,36508335
2025-08-14,227.4,233.11,227.02,230.98,61545824
2025-08-15,232.58,234.08,229.807,231.03,39649244
2025-08-18,230.225,231.91,228.33,231.49,25248890
2025-08-19,230.09,230.5283,227.12,228.01,29891012
2025-08-20,227.12,227.27,220.915,223.81,36604319
2025-08-21,222.65,222.78,220.5,221.95,32140459
2025-08-22,222.79,229.14,220.82,228.84,37315341
2025-08-25,227.35,229.6,227.31,227.94,22633695
2025-08-26,227.11,229.0,226.02,228.71,26105373
2025-08-27,228.57,229.87,227.81,229.12,21254479
2025-08-28,229.005,232.71,228.02,231.6,33679585
2025-08-29,231.32,231.8125,228.16,229.0,26199170
2025-09-02,223.52,226.17,221.83,225.34,38843883
2025-09-03,225.21,227.1699,224.36,225.99,26355706
2025-09-04,231.185,235.77,230.78,235.68,59391779
2025-09-05,235.19,236.0,231.93,232.33,36721802
2025-09-08,234.94,237.6,233.75,235.84,33947104
2025-09-09,236.355,238.85,235.08,238.24,27033778
2025-09-10,237.515,237.68,229.0962,230.33,60907714
2025-09-11,231.49,231.53,229.3377,229.95,37485598
2025-09-12,230.35,230.79,226.29,228.15,38496218
2025-09-15,230.625,233.73,230.32,231.43,33243328
2025-09-16,232.935,235.9,232.23,234.05,38203912
2025-09-17,233.77,234.3,228.71,231.62,42815230
2025-09-18,232.5,233.48,228.79,231.23,37931738
2025-09-19,232.37,234.16,229.7,231.48,97943172
2025-09-22,230.56,230.565,227.51,227.63,45914506
2025-09-23,227.83,227.86,220.07,220.71,70956193
2025-09-24,224.15,224.56,219.45,220.21,49509033
2025-09-25,220.06,220.67,216.47,218.15,52226328
2025-09-26,219.08,221.05,218.02,219.78,41650098
2025-09-29,220.08,222.6,219.3,222.17,44259177
2025-09-30,222.03,222.24,217.89,219.57,48396369
2025-10-01,217.36,222.15,216.61,220.63,43933834
2025-10-02,221.01,222.81,218.945,222.41,41258586
2025-10-03,223.44,224.2,219.34,219.51,43639033
2025-10-06,221.0,221.73,216.03,220.9,43690876
2025-10-07,220.88,222.89,220.17,221.78,31194678
2025-10-08,222.92,226.73,221.19,225.22,46685985
2025-10-09,224.995,228.21,221.75,227.74,46412122
2025-10-10,226.21,228.25,216.0,216.37,72367511
2025-10-13,217.7,220.68,217.04,220.07,37809650
2025-10-14,215.555,219.32,212.6,216.39,45665580
2025-10-15,216.62,217.71,212.66,215.57,45909469
2025-10-16,215.67,218.59,212.8101,214.47,42414591
2025-10-17,214.56,214.8,211.03,213.04,45986944
2025-10-20,213.88,216.69,213.59,216.48,38882819
2025-10-21,218.43,223.32,217.99,222.03,50494565
2025-10-22,219.3,220.005,216.52,217.95,44308538
2025-10-23,219.0,221.3,218.18,221.09,31539999
2025-10-24,221.97,225.4,221.9,224.21,38685053
2025-10-27,227.66,228.4,225.54,226.97,38266995
2025-10-28,228.215,231.485,226.21,229.25,47100026
2025-10-29,231.672,232.82,227.76,230.3,52036151
2025-10-30,227.06,228.44,222.75,222.86,102252937
2025-10-31,250.1,250.5,243.98,244.22,166340808
2025-11-03,255.36,258.6,252.9,254.0,95997816
2025-11-04,250.38,257.01,248.66,249.32,51546311
2025-11-05,249.03,251.0,246.16,250.2,39234469
2025-11-06,249.155,250.38,242.17,243.04,46004203
2025-11-07,242.9,244.9,238.49,244.41,46374294
2025-11-10,248.34,251.75,245.59,248.4,36476514
2025-11-11,248.41,249.7499,247.23,249.1,23564060
2025-11-12,250.235,250.37,243.75,244.2,31190063
2025-11-13,243.05,243.75,236.5,237.58,41401738
2025-11-14,235.06,238.73,232.89,234.69,38956669
2025-11-17,233.25,234.6,229.19,232.87,59919018
2025-11-18,228.1,230.2,222.42,222.55,60608442
2025-11-19,223.735,223.735,218.52,222.69,58335643
2025-11-20,227.05,227.41,216.74,217.14,50308962
2025-11-21,216.345,222.21,215.18,220.69,68490464
2025-11-24,222.555,227.33,222.27,226.28,54318395
2025-11-25,226.38,230.52,223.8,229.67,39379339
2025-11-26,230.74,231.7474,228.77,229.16,38497922
2025-11-28,231.24,233.285,230.22,233.22,20292329
2025-12-01,233.22,235.797,232.25,233.88,42903954
2025-12-02,235.005,238.97,233.55,234.42,45785363
2025-12-03,233.35,233.38,230.61,232.38,35495058
2025-12-04,232.77,233.5,226.8,229.11,45683224
2025-12-05,230.32,231.24,228.547,229.53,33117377
2025-12-08,229.59,230.83,226.27,226.89,34681553
2025-12-09,226.84,228.57,225.11,227.92,25712299
2025-12-10,228.805,232.42,228.46,231.78,38790736
2025-12-11,230.71,232.11,228.6901,230.28,28249599
2025-12-12,229.87,230.08,225.12,226.19,35639118
2025-12-15,227.93,227.93,221.5,222.54,47286085
2025-12-16,223.035,223.66,221.1304,222.56,39298857
2025-12-17,224.655,225.19,220.99,221.27,44034418
2025-12-18,225.705,229.225,224.41,226.76,50272419
2025-12-19,226.76,229.125,225.58,227.35,85544374
2025-12-22,228.61,229.48,226.71,228.43,32261329
2025-12-23,229.055,232.445,228.73,232.14,29230233
2025-12-24,232.13,232.95,231.33,232.38,11420543
2025-12-26,232.035,232.99,231.18,232.52,15994726
2025-12-29,231.94,232.6,230.77,232.07,19797909
2025-12-30,231.205,232.77,230.2,232.53,21910453
2025-12-31,232.905,232.99,230.12,230.82,24383749
2026-01-02,231.34,235.458,224.7,226.5,51456229
