Date,Open,High,Low,Close,Volume
2016-01-07,105.96,107.29,104.81,97.3970220967086,61386300
2016-01-08,105.67,106.29,103.9,96.5983052186389,69344012
2016-01-11,104.79,105.06,102.73,96.8955021965253,50024094
2016-01-12,105.31,106.08,104.08,98.0192782691583,46734241
2016-01-13,106.0,106.23,101.74,94.6386626457005,69870673
2016-01-14,102.3,104.98,100.67,96.6540296519926,78445735
2016-01-15,100.57,101.94,99.51,93.6541976564518,91443918
2016-01-19,102.2,102.37,99.88,93.8585205787487,56563845
2016-01-20,99.48,101.83,97.25,93.5706110064212,86674981
2016-01-21,101.19,102.349,99.82,93.6634850620107,61660101
2016-01-22,102.84,103.81,102.5305,96.3754074852241,42229803
2016-01-25,103.46,103.99,102.14,94.9451470291458,38881485
2016-01-26,102.65,103.59,101.76,95.7995883405692,36143916
2016-01-27,102.55,102.99,100.15,93.4127251119191,54524736
2016-01-28,102.19,102.29,100.26,94.73153670129,47641532
2016-01-29,102.0,104.17,101.94,96.7097540853463,54245067
2016-02-01,103.62,104.8,103.23,96.9698014409969,32750348
2016-02-02,103.97,103.97,101.84,94.8708477846742,44928088
2016-02-03,102.8,102.83,99.88,94.4157649122857,61572882
2016-02-04,101.35,102.455,100.44,94.4064775067267,49321638
2016-02-05,101.29,101.33,97.72,91.1280233444174,70749932
2016-02-08,96.33,97.05,94.84,89.7349125105749,91673063
2016-02-09,95.36,97.78,95.18,89.4562903438064,73778426
2016-02-10,97.5,98.69,96.62,89.7999243494875,59421699
2016-02-11,95.45,97.32,95.19,89.6699006716622,76839183
2016-02-12,97.68,98.12,96.73,91.0351492888279,49186494
2016-02-16,99.44,100.23,98.85,93.0876659173558,40565911
2016-02-17,101.01,102.64,100.7,95.1959069792375,41766451
2016-02-18,102.81,102.84,101.2,94.1092805288403,38991469
2016-02-19,100.91,101.94,100.615,94.3879026956088,28257915
2016-02-22,102.54,103.38,102.48,95.9203246128356,23979113
2016-02-23,102.67,102.96,101.51,94.3414656678141,29869660
2016-02-24,100.44,102.68,99.77,95.2423440070322,40739103
2016-02-25,102.76,103.56,101.84,96.1803719684862,29389315
2016-02-26,104.28,104.3659,103.1835,96.0596356962198,30925045
2016-02-29,103.31,104.1,102.5,95.1959069792375,27553937
2016-03-01,103.45,105.79,103.16,98.251463408132,37699779
2016-03-02,105.63,105.85,105.01,98.2886130303678,29209756
2016-03-03,105.71,105.75,104.87,98.1028649191888,25474625
2016-03-04,105.76,106.35,104.97,98.1400145414246,31655424
2016-03-07,105.12,105.74,104.27,97.5363331800929,25861160
2016-03-08,104.3,105.2138,103.97,96.7283288964642,28372596
2016-03-09,104.57,104.84,103.96,97.3505850689139,31047351
2016-03-10,105.31,105.86,103.31,97.2019865799707,44997649
2016-03-11,105.8,106.49,105.46,98.9015817972585,31453958
2016-03-14,106.08,106.92,106.06,99.0687550973196,25374912
2016-03-15,106.27,106.75,105.95,99.0316054750838,26524632
2016-03-16,106.37,107.86,106.34,99.9139090031841,31693050
2016-03-17,107.26,107.77,106.87,99.8581845698304,29623740
2016-03-18,107.46,107.635,106.8,100.01402723511,37682293
2016-03-21,107.16,107.89,107.12,100.405252823624,17288559
2016-03-22,107.18,108.37,107.16,100.712644357456,18840278
2016-03-23,107.91,107.99,106.99,99.8836187056049,20912873
2016-03-24,106.67,107.29,106.53,99.9115633904988,19017258
2016-03-28,107.56,107.58,106.92,99.7718399660295,13892303
2016-03-29,106.93,108.9,106.73,101.374001899944,29963923
2016-03-30,109.48,110.04,109.13,101.867691333069,23807235
2016-03-31,109.3,109.69,109.03,101.718653013635,21447236
2016-04-01,108.58,110.4,108.39,102.799180829531,26389045
2016-04-04,110.31,110.435,109.68,102.407955241017,17162988
2016-04-05,109.08,109.5,108.74,101.420576374767,20107915
2016-04-06,109.0,110.71,108.99,103.087942573434,25056031
2016-04-07,110.04,110.225,108.61,101.606874274059,28567202
2016-04-08,109.77,110.02,108.615,101.532355114342,22897951
2016-04-11,109.48,110.02,108.585,101.159759315758,25772058
2016-04-12,108.66,109.72,108.015,102.007414757538,28564087
2016-04-13,110.32,111.08,110.21,103.311500052585,25356728
2016-04-14,110.0,111.33,110.0,103.320814947549,17199671
2016-04-15,110.83,111.055,110.36,103.05999788854,21353343
2016-04-18,110.33,111.265,110.25,103.609576691452,17126086
2016-04-19,111.44,111.44,109.88,102.976163833858,42481435
2016-04-20,110.54,111.15,110.17,103.05999788854,18078307
2016-04-21,110.58,111.05,110.15,103.069312783504,20215983
2016-04-22,109.21,109.72,108.12,101.513725324413,39073996
2016-04-25,108.62,108.99,108.45,101.513725324413,14351890
2016-04-26,109.2,109.39,108.12,101.020035891288,19118334
2016-04-27,107.34,107.83,106.69,100.209640029367,33059790
2016-04-28,107.69,108.3335,106.0705,98.9987036839661,29818155
2016-04-29,106.22,106.495,104.88,98.4770695659475,67502786
2016-05-02,105.97,106.87,105.5525,99.4085590624094,24813813
2016-05-03,105.96,106.4399,105.45,98.4863844609121,38569433
2016-05-04,105.12,105.4811,104.7902,97.8529716033181,27474504
2016-05-05,105.43,105.66,104.81,97.8250269184242,20788119
2016-05-06,104.51,105.6,104.4,98.3466610364428,30758516
2016-05-09,105.61,106.37,105.54,98.6261078853814,19289615
2016-05-10,106.26,107.38,106.07,99.9767676552511,21178851
2016-05-11,107.16,107.49,106.33,99.0732228436831,20966257
2016-05-12,106.68,106.735,105.14,98.635422780346,29196323
2016-05-13,105.85,106.449,105.29,98.2721418767259,21059255
2016-05-16,105.67,107.21,105.56,99.5017080120555,18311860
2016-05-17,106.74,107.04,105.2,98.2535120867967,29932711
2016-05-18,105.29,106.43,105.04,98.6074780954522,28177911
2016-05-19,105.45,105.705,104.54,98.0951588723981,27334610
2016-05-20,105.74,106.9,105.67,99.1756866882939,29549578
2016-05-23,106.55,106.97,106.23,99.0452781587892,15729764
2016-05-24,106.92,108.59,106.885,101.029350786253,29931309
2016-05-25,108.86,109.57,108.684,101.755912593493,38464750
2016-05-26,109.35,109.7,109.09,102.053989232361,21885871
2016-05-27,109.65,110.14,109.61,102.584938245344,19870010
2016-05-31,110.28,110.51,109.7837,102.780551039601,24366106
2016-06-01,110.0,110.6,109.91,102.789865934566,19571528
2016-06-02,110.13,110.59,109.53,103.004108518752,15696618
2016-06-03,110.37,110.42,109.34,102.519733980592,20269923
2016-06-06,110.25,110.75,110.07,102.892329779177,12502365
2016-06-07,110.53,110.63,110.13,102.631512720167,12184296
2016-06-08,110.37,110.6,109.96,102.808495724495,14568699
2016-06-09,109.93,110.31,109.71,102.640827615132,17571631
2016-06-10,109.2,109.4,108.56,101.476465744555,32965003
2016-06-13,108.34,108.93,107.89,100.628810302774,25412177
2016-06-14,107.78,108.415,107.24,100.628810302774,24588506
2016-06-15,108.32,108.44,107.54,100.340048558871,24605701
2016-06-16,107.17,108.14,106.5,100.638125197739,32079929
2016-06-17,107.53,107.6819,106.24,99.4613279423839,29208832
2016-06-20,107.73,108.24,107.08,100.087105853187,20562769
2016-06-21,107.33,107.715,107.1,100.404664792997,22804112
2016-06-22,107.58,108.19,107.15,100.16182560373,22724174
2016-06-23,108.09,108.79,107.62,101.590840832877,18714227
2016-06-24,104.81,106.5,104.06,97.4065348024342,68012733
2016-06-27,103.6,103.6,101.75,95.4731612571179,50044303
2016-06-28,103.33,104.51,103.3,97.5653142723394,28260604
2016-06-29,105.26,106.53,105.231,99.2932085036608,31356723
2016-06-30,106.52,107.61,106.13,100.442024668269,36300819
2016-07-01,107.49,108.48,107.45,100.946382984438,19902803
2016-07-05,107.58,107.66,106.84,100.329945042454,21167903
2016-07-06,106.92,108.35,106.57,101.151862298433,24579270
2016-07-07,108.39,108.86,108.11,101.450741300608,19161748
2016-07-08,109.17,110.36,109.02,103.019856062024,29457871
2016-07-11,110.68,111.335,110.66,103.608274097555,20218504
2016-07-12,111.59,111.79,111.34,104.131312351361,21906145
2016-07-13,111.79,111.82,111.21,103.879133193276,21107762
2016-07-14,111.96,112.19,111.7,104.58897082344,20870986
2016-07-15,112.22,112.3,111.55,104.420851384717,17999312
2016-07-18,111.86,112.74,111.85,105.112009077246,20713924
2016-07-19,112.17,112.48,111.93,104.72907035571,18936702
2016-07-20,112.75,113.65,112.6,105.952606270861,24997929
2016-07-21,113.52,113.74,112.87,105.709767081595,18885367
2016-07-22,113.28,113.78,112.911,106.148745616038,20003363
2016-07-25,113.56,113.69,113.28,106.158085584856,12968085
2016-07-26,113.63,114.2,113.22,106.27950517949,21223845
2016-07-27,114.76,114.88,114.1,107.017362716108,27646113
2016-07-28,114.76,115.11,114.4,107.390961468826,16939662
2016-07-29,115.24,115.54,114.87,107.624460689275,22385320
2016-08-01,115.31,118.7799,115.17,108.19419878717,13990077
2016-08-02,115.68,115.77,114.22,107.37228153119,21278383
2016-08-03,114.88,115.35,114.8005,107.727200346273,15011273
2016-08-04,115.32,115.78,115.03,108.035419317265,12835296
2016-08-05,116.28,117.04,116.13,109.072155856058,23196570
2016-08-08,116.82,116.87,116.28,108.950736261424,12358181
2016-08-09,116.73,117.29,116.67,109.202915419509,13276458
2016-08-10,116.96,117.02,116.31,108.922716354971,14688405
2016-08-11,117.01,117.37,116.78,109.389714795868,12969799
2016-08-12,116.91,117.21,116.79,109.464434546412,19379036
2016-08-15,117.33,117.97,117.31,109.931432987309,11777762
2016-08-16,117.47,117.49,117.03,109.324335014143,14161446
2016-08-17,117.08,117.3,116.43,109.52047435932,15980334
2016-08-18,117.15,117.46,116.945,109.548494265773,10036285
2016-08-19,117.1,117.52,116.76,109.52047435932,18742961
2016-08-22,117.09,117.55,116.87,109.604534078681,14500622
2016-08-23,117.79,118.0095,117.51,109.800673423858,11997927
2016-08-24,117.49,117.64,116.41,109.090835793694,17728656
2016-08-25,116.48,116.97,116.36,108.913376386153,24266264
2016-08-26,116.66,117.54,116.08,109.072155856058,23895963
2016-08-29,116.81,117.251,116.79,109.221595357145,11184872
2016-08-30,116.73,117.09,116.16,108.866676542063,19843301
2016-08-31,116.38,116.56,115.95,108.754596916247,16169794
2016-09-01,116.48,116.88,115.91,109.034795980786,20944727
2016-09-02,117.32,117.56,116.68,109.389714795868,18088215
2016-09-06,117.29,117.85,117.06,110.071532519579,18525231
2016-09-07,117.95,118.12,117.47,110.136912301304,17546872
2016-09-08,117.57,117.6,116.92,109.492454452866,20125319
2016-09-09,116.23,116.51,114.26,106.737163651569,50813287
2016-09-12,113.64,116.49,113.63,108.65185725925,39645960
2016-09-13,115.73,116.09,114.73,107.680500502183,45863935
2016-09-14,115.43,116.47,115.38,108.19419878717,28221762
2016-09-15,115.89,117.815,115.86,109.875393174402,39466531
2016-09-16,117.22,117.412,116.71,109.822967929427,27596527
2016-09-19,117.57,117.95,116.55,109.345436054211,16222870
2016-09-20,117.19,117.48,116.8,109.551430196461,18078584
2016-09-21,117.48,118.32,116.81,110.628217758221,31546776
2016-09-22,118.85,119.22,118.7177,111.508374547834,22614422
2016-09-23,118.92,119.0,118.16,110.796758420062,22213394
2016-09-26,117.66,117.8,117.17,109.869784779938,16403881
2016-09-27,117.31,118.5552,117.15,110.9559357118,20238432
2016-09-28,118.62,118.77,118.09,111.143203113845,14794330
2016-09-29,118.51,118.72,117.3338,110.337953285051,27207499
2016-09-30,118.145,119.07,118.03,111.16192985405,25543200
2016-10-03,118.53,118.7,118.09,111.002752562312,19216438
2016-10-04,118.86,119.16,117.92,110.834211900471,21239742
2016-10-05,118.7,119.17,118.67,111.227473444766,14481285
2016-10-06,118.63,118.981,118.15,111.171293224152,11987056
2016-10-07,118.86,119.01,117.89,110.927845601493,19984158
2016-10-10,119.06,119.48,119.03,111.630098359163,19687341
2016-10-11,119.1,119.14,117.0,110.038325441779,27774426
2016-10-12,117.575,117.82,117.06,109.944691740756,14267824
2016-10-13,116.635,117.32,115.94,109.551430196461,22821011
2016-10-14,117.58,118.05,117.07,109.682517377893,21313321
2016-10-17,117.1,117.3,116.672,109.38288953462,14182694
2016-10-18,118.18,118.41,117.8,110.356680025255,19276656
2016-10-19,117.77,118.02,117.64,110.347316655153,13702918
2016-10-20,117.68,117.97,117.03,110.216229473722,18132245
2016-10-21,117.8,118.22,117.41,110.628217758221,15707804
2016-10-24,118.93,119.65,118.8918,111.957816312742,19142985
2016-10-25,119.62,119.66,119.01,111.602008248856,20341835
2016-10-26,118.41,119.03,118.03,110.843575270573,20463696
2016-10-27,118.9,118.99,117.67,110.337953285051,19099790
2016-10-28,117.47,118.11,116.74,109.645063897484,35369254
2016-10-31,117.53,117.53,116.93,109.542066826359,18749357
2016-11-01,117.19,117.21,115.1047,108.71809025736,23498712
2016-11-02,116.05,116.3,114.89,107.847296837849,26960093
2016-11-03,115.02,115.37,113.92,106.789236016294,36205193
2016-11-04,113.72,114.54,113.45,106.414701212203,26997454
2016-11-07,115.45,116.47,115.3,108.942811139814,26591245
2016-11-08,116.21,117.64,115.96,109.654427267586,20777919
2016-11-09,115.71,117.84,115.6,110.160049253108,70234393
2016-11-10,118.14,118.38,114.195,108.381008933678,72825446
2016-11-11,115.21,116.05,114.84,108.42782578419,41115166
2016-11-14,115.84,115.94,114.03,107.332311482225,35905979
2016-11-15,115.47,116.62,115.33,108.821087328485,31796602
2016-11-16,115.7,116.9932,115.67,109.467159865541,16538132
2016-11-17,116.86,117.78,116.61,110.263046324233,20598553
2016-11-18,117.83,118.1,117.21,109.851058039733,16428659
2016-11-21,117.6,118.65,117.57,110.993389192209,20268547
2016-11-22,118.9,119.19,118.61,111.330470515891,18850641
2016-11-23,118.51,118.64,117.9,110.881028750982,22925954
2016-11-25,118.56,118.85,118.42,111.236836814868,7162785
2016-11-28,118.64,119.08,118.4101,110.984025822107,13479045
2016-11-29,118.63,119.51,118.3,111.3679239963,18552957
2016-11-30,119.06,119.1335,117.46,110.019598701574,30405342
2016-12-01,117.46,117.47,115.29,108.118834570815,39796590
2016-12-02,115.57,116.16,115.22,108.334192083167,32876845
2016-12-05,116.32,117.06,115.77,109.176895392371,21419667
2016-12-06,116.88,117.08,116.39,109.439069755234,27293348
2016-12-07,116.64,118.51,116.2919,110.824848530369,26622442
2016-12-08,118.4,118.87,118.18,111.021479302516,18578433
2016-12-09,119.03,119.5402,119.0,111.892272722026,21863133
2016-12-12,118.95,119.21,118.47,111.386650736504,23259310
2016-12-13,119.35,121.11,119.32,112.791156251844,54477889
2016-12-14,120.56,121.0,119.86,112.557071999287,28745991
2016-12-15,120.37,121.11,120.08,112.73497603123,22762305
2016-12-16,120.28,120.5817,119.36,112.318249881459,26283907
2016-12-19,119.74,120.83,119.55,112.778416624284,21138658
2016-12-20,120.43,120.77,120.33,113.210409893059,11461799
2016-12-21,120.57,120.68,120.19,113.125889470907,7079300
2016-12-22,120.46,120.5,119.65,112.806590098335,16644996
2016-12-23,119.96,120.25,119.81,112.881719362469,9007470
2016-12-27,120.44,121.52,120.41,113.463971159514,16110554
2016-12-28,121.06,121.19,119.795,112.58120230593,17975235
2016-12-29,119.86,120.13,119.33,112.421552619644,13267519
2016-12-30,119.93,119.95,118.14,111.266440183572,41749028
2017-01-03,119.31,119.99,118.89,112.261902933358,22307608
2017-01-04,119.67,120.41,119.6561,112.872328204452,19749074
2017-01-05,120.16,120.95,120.1,113.510926949598,20644254
2017-01-06,120.99,122.25,120.685,114.506389699383,24074305
2017-01-09,122.03,122.55,121.95,114.882036020057,18909234
2017-01-10,122.37,122.97,122.1,115.135597286512,16176631
2017-01-11,122.63,122.93,122.02,115.445505501068,20685983
2017-01-12,122.49,122.819,121.6,115.267073498748,19622511
2017-01-13,122.81,123.37,122.8,115.661502135455,16930803
2017-01-17,122.79,123.03,122.4342,115.314029288832,14538484
2017-01-18,122.96,123.16,122.66,115.548808239253,12499663
2017-01-19,123.19,123.65,122.72,115.492461291152,12710659
2017-01-20,123.51,123.83,122.92,115.746022557607,22091039
2017-01-23,123.16,123.53,122.57,115.839934137775,17434167
2017-01-24,123.59,124.37,123.3847,116.619400253173,17640869
2017-01-25,124.94,125.46,124.85,117.793295005279,15036221
2017-01-26,125.59,125.82,125.3438,117.915380059498,16052150
2017-01-27,125.8,125.9211,125.39,118.140767851902,15052983
2017-01-30,125.37,125.38,124.13,117.220434366251,25006715
2017-01-31,124.4,124.6,123.85,116.98565541583,19091133
2017-02-01,125.42,125.68,124.86,117.793295005279,22861876
2017-02-02,125.21,125.7,124.86,117.689992267094,15101363
2017-02-03,125.49,125.81,125.33,118.0280739557,16957154
2017-02-06,125.42,125.85,125.35,118.168941325953,11630139
2017-02-07,126.06,126.55,125.97,118.600934594728,17541101
2017-02-08,126.12,126.68,125.88,118.798148913081,12569147
2017-02-09,126.63,127.24,126.56,119.230142181856,17542726
2017-02-10,127.2,127.56,127.02,119.624570818564,13915697
2017-02-13,127.76,128.26,127.7199,120.300734195776,19120150
2017-02-14,128.15,128.535,127.74,120.704553990501,16333480
2017-02-15,128.44,129.35,128.37,121.418281999781,17891355
2017-02-16,129.36,129.63,128.92,121.380717367713,15098286
2017-02-17,129.09,129.82,129.04,121.906622216657,15563730
2017-02-21,130.03,130.53,129.99,122.507656329735,18479628
2017-02-22,130.32,130.59,130.111,122.554612119819,12110876
2017-02-23,130.7,130.7,129.49,122.094445376994,17489023
2017-02-24,129.47,130.26,129.38,122.329224327415,18624489
2017-02-27,130.02,130.43,129.8,122.479482855684,12008672
2017-02-28,130.39,130.45,129.66,122.103836535011,16598581
2017-03-01,130.81,131.68,130.6,123.437380973402,25813827
2017-03-02,131.43,131.43,130.62,122.817564544291,19951386
2017-03-03,130.65,131.06,130.341,123.042952336695,13722749
2017-03-06,130.56,130.95,130.21,122.770608754206,12026151
2017-03-07,130.45,131.08,130.28,122.564003277836,15500945
2017-03-08,130.57,131.15,130.46,122.779999912223,15776027
2017-03-09,130.71,131.02,130.14,122.873911492392,20855253
2017-03-10,131.42,131.6,130.82,123.390425183318,21922601
2017-03-13,131.34,131.64,131.27,123.597030659689,10731575
2017-03-14,131.31,131.36,130.76,123.29651360315,14019689
2017-03-15,131.58,132.405,131.14,124.057197402514,22709139
2017-03-16,132.33,132.35,131.71,123.972676980363,18457291
2017-03-17,131.86,132.04,131.62,123.929618520855,21234529
2017-03-20,131.65,132.11,131.4601,124.042547021292,10105210
2017-03-21,132.31,132.43,129.73,122.160405347348,35841897
2017-03-22,129.89,130.82,129.68,122.988547683883,29177883
2017-03-23,130.52,130.88,130.14,122.677994307682,20311655
2017-03-24,130.78,131.29,130.13,122.932083433665,22967566
2017-03-27,129.73,131.07,129.4,123.129708309429,18472445
2017-03-28,130.81,132.03,130.55,123.882564979007,23721947
2017-03-29,131.73,132.3,131.59,124.45661818956,13709968
2017-03-30,132.22,132.61,132.08,124.663653773694,16092374
2017-03-31,132.27,132.74,132.125,124.578957398366,19841411
2017-04-03,132.48,132.81,131.56,124.503671731408,23700310
2017-04-04,131.9,132.53,131.87,124.701296607172,13400022
2017-04-05,132.68,133.48,131.72,124.193118355207,32011155
2017-04-06,132.12,132.39,131.7,124.258993313796,18832193
2017-04-07,131.99,132.37,131.5,124.193118355207,16726191
2017-04-10,132.11,132.565,131.6564,124.240171897056,15619276
2017-04-11,131.86,132.095,130.5,123.703761519982,33778359
2017-04-12,131.45,131.54,130.78,123.204993976387,15955195
2017-04-13,130.75,131.51,130.38,122.715637141161,23683020
2017-04-17,130.8,131.5,130.72,123.731993645091,13325508
2017-04-18,131.01,131.66,130.95,123.543779477697,12841087
2017-04-19,131.85,132.29,131.31,123.741404353461,17764817
2017-04-20,132.04,132.88,131.82,124.77658227413,21977910
2017-04-21,132.7,132.76,132.22,124.748350149021,22454948
2017-04-24,134.02,134.285,133.8042,126.254063488176,22444504
2017-04-25,134.58,135.3664,134.48,127.166902200039,19384398
2017-04-26,135.17,135.51,134.86,126.988098741015,25398542
2017-04-27,135.28,135.75,135.19,127.750366118962,16136538
2017-04-28,136.28,136.34,135.77,127.976223119835,22771946
2017-05-01,136.46,137.38,136.38,129.114918832572,24815525
2017-05-02,137.38,137.49,137.02,129.331365125075,18345071
2017-05-03,137.14,137.17,136.615,128.917293956807,23827550
2017-05-04,137.01,137.43,136.56,128.964347498656,14630063
2017-05-05,137.39,137.54,136.88,129.434882917142,19330652
2017-05-08,137.61,137.84,137.33,129.717204168234,13279931
2017-05-09,138.05,138.628,137.93,130.16891816998,28426109
2017-05-10,138.4,138.45,137.91,130.244203836938,20499363
2017-05-11,138.03,138.33,137.38,130.140686044871,27232074
2017-05-12,138.37,138.63,138.23,130.432418004332,19738629
2017-05-15,138.63,139.12,138.53,130.8464891726,20481327
2017-05-16,139.36,139.64,138.99,131.392310258044,21785994
2017-05-17,138.55,138.77,136.05,128.051508786793,55642178
2017-05-18,136.06,137.72,135.87,129.17138308279,41319882
2017-05-19,137.71,138.42,137.66,129.717204168234,36730112
2017-05-22,138.14,139.075,138.0967,130.808846339121,19509659
2017-05-23,139.42,139.42,138.7801,130.940596256297,19687534
2017-05-24,139.56,139.85,139.17,131.54288159196,16065013
2017-05-25,140.315,141.33,140.01,132.662755887956,23928591
2017-05-26,141.0,141.28,140.81,132.898023597199,13851582
2017-05-30,141.13,141.505,141.06,133.010952097636,20306409
2017-05-31,141.8,141.84,140.57,132.963898555787,33229404
2017-06-01,141.57,141.9,140.98,133.481487516122,20099562
2017-06-02,142.34,143.49,142.11,135.006022272017,37222881
2017-06-05,143.44,143.68,143.23,134.977790146908,15727526
2017-06-06,143.28,143.73,142.65,134.441379769834,22393024
2017-06-07,143.23,143.54,142.6,134.968379438538,18842408
2017-06-08,143.74,143.8,142.79,135.109540064084,25417408
2017-06-09,143.74,143.9,138.11,131.731095759354,109783700
2017-06-12,138.84,139.48,137.47,131.025292631625,104453977
2017-06-13,140.01,140.56,139.28,132.088702677403,51193010
2017-06-14,140.92,140.93,138.62,131.51464946685,60093764
2017-06-15,138.35,139.28,137.49,130.931185547928,55145160
2017-06-16,138.72,138.777,137.638,130.365056153822,48087413
2017-06-19,139.45,140.59,139.28,132.544884454331,39626533
2017-06-20,140.31,140.5,139.31,131.506870977898,40935078
2017-06-21,139.66,140.81,139.59,132.809106066514,35743366
2017-06-22,140.94,141.22,140.34,132.771360121916,24099115
2017-06-23,140.53,141.42,140.15,133.280930373984,21654314
2017-06-26,142.0,142.29,140.27,132.658122288124,34411094
2017-06-27,140.07,140.22,138.02,130.251818320029,65957819
2017-06-28,138.54,140.14,137.74,132.129679063758,57427180
2017-06-29,139.4,139.44,136.25,129.836612929456,88769351
2017-06-30,138.0,138.6687,137.19,129.883795360203,68898255
2017-07-03,138.270004,138.429993,136.100006,128.515506755839,32797000
2017-07-05,136.57,137.9,136.16,129.77999401256,42116584
2017-07-06,136.47,137.06,135.8,128.609869730035,48430476
2017-07-07,136.74,138.13,136.74,129.997033193996,36970402
2017-07-10,137.84,138.985,137.5,130.846316947441,24853545
2017-07-11,138.44,139.22,137.94,131.214339907267,31517660
2017-07-12,140.21,140.86,139.955,132.771360121916,36045799
2017-07-13,140.85,141.35,140.6,133.063891192548,31073595
2017-07-14,141.57,142.3,141.19,134.11134115513,34544847
2017-07-17,142.25,142.69,141.92,134.177396558176,25343155
2017-07-18,142.06,143.17,141.64,135.073862742368,25651280
2017-07-19,143.53,144.19,143.5,135.866527578916,33752309
2017-07-20,144.31,144.44,143.52,136.045820815755,36139449
2017-07-21,143.62,144.11,143.35,135.989201898858,39697094
2017-07-24,144.07,144.87,143.92,136.612009984718,26712732
2017-07-25,144.29,144.74,144.01,136.262859997191,28120884
2017-07-26,144.74,144.95,144.53,136.706374846212,18610634
2017-07-27,145.86,145.96,142.3,135.847654606618,80665866
2017-07-28,143.14,144.0752,142.87,135.734416772825,38013176
2017-07-31,144.22,144.43,142.92,135.158791117712,33848645
2017-08-01,143.7,143.76,143.12,135.470195160642,20149421
2017-08-02,144.45,144.52,142.61,135.838218120468,41769667
2017-08-03,144.17,144.17,143.13,135.309774896102,27077574
2017-08-04,143.65,143.97,143.06,135.555123535986,29472909
2017-08-07,143.89,144.56,143.71,136.413843775581,17933942
2017-08-08,144.27,145.47,143.9,136.177931621846,30810364
2017-08-09,143.14,144.19,142.795,135.998638385008,36169473
2017-08-10,143.33,143.4,140.89,133.082764164846,63331663
2017-08-11,141.24,142.41,140.9,134.092468182831,45862488
2017-08-14,143.23,144.15,143.19,135.819345148169,34048099
2017-08-15,144.22,144.302,143.64,135.913710009663,25509181
2017-08-16,144.37,144.96,143.8007,136.149622163398,31913002
2017-08-17,143.73,143.94,141.33,133.365858749328,70190975
2017-08-18,141.43,142.2,140.65,133.271493887834,60673232
2017-08-21,141.23,141.53,140.18,133.101637137145,37111487
2017-08-22,141.8,143.35,141.76,135.130481659264,36294232
2017-08-23,142.5,143.01,142.38,134.649220865645,25587860
2017-08-24,143.03,143.17,141.47,134.252888447371,38160803
2017-08-25,142.8,143.18,141.78,133.969793862889,26380436
2017-08-28,142.41,142.74,141.9501,134.384999253462,15362141
2017-08-29,141.18,143.21,141.06,134.913442477828,24498333
2017-08-30,143.11,144.89,143.0,136.498772150925,33642716
2017-08-31,145.03,146.21,144.98,137.961427504081,38480747
2017-09-01,146.36,146.585,145.61,137.772697781093,22293553
2017-09-05,145.55,145.88,143.6,136.536518095523,45480562
2017-09-06,145.06,145.46,144.08,136.951723486096,30722723
2017-09-07,145.4,145.84,144.94,137.272564015175,22721131
2017-09-08,145.28,145.35,144.06,136.083566760352,27890115
2017-09-11,145.3,146.12,145.3,137.650023461151,27126332
2017-09-12,146.25,146.41,145.53,137.98030047638,30256661
2017-09-13,145.95,146.44,145.73,138.169030199367,28450864
2017-09-14,145.85,146.2869,145.47,137.35749239052,35296413
2017-09-15,145.56,146.59,145.29,137.829316697989,46422402
2017-09-18,145.88,146.37,145.11,137.64943839901,24858157
2017-09-19,145.81,146.01,145.31,137.885868214192,20871237
2017-09-20,145.75,145.91,144.23,137.460294546864,34236155
2017-09-21,145.25,145.26,143.95,136.618604404816,28841835
2017-09-22,144.0,144.53,143.855,136.486203708314,21702401
2017-09-25,143.75,143.8299,142.1,135.048710432007,54947712
2017-09-26,143.51,143.8,142.67,135.398626558476,29612794
2017-09-27,143.93,145.0,143.57,136.618604404816,33249403
2017-09-28,144.14,144.5566,143.78,136.571318441779,24149422
2017-09-29,144.7,145.555,144.32,137.554866472937,43102366
2017-10-02,145.67,146.17,144.93,137.677809976832,27246253
2017-10-03,145.74,146.06,145.45,137.970982947657,19715152
2017-10-04,145.6,146.34,145.47,138.103383644159,26381099
2017-10-05,146.54,147.54,146.4063,139.455762187001,31562353
2017-10-06,146.97,147.66,146.96,139.644906039147,23546199
2017-10-09,147.86,148.0093,147.3,139.484133764823,13704835
2017-10-10,147.98,148.14,146.95,139.588162883503,19223092
2017-10-11,147.53,148.07,147.34,140.004279358223,12439051
2017-10-12,147.84,148.355,147.615,139.748935157827,14513477
2017-10-13,148.4,148.51,147.7772,140.287995136442,18409888
2017-10-16,148.7,148.89,148.3928,140.770311959413,21809410
2017-10-17,148.79,149.06,148.57,140.949998618952,13138157
2017-10-18,149.21,149.21,148.64,140.779769152021,17218243
2017-10-19,148.02,148.33,147.27,140.25962355862,27680285
2017-10-20,148.91,149.04,148.53,140.637911262911,30173268
2017-10-23,149.01,149.03,147.53,139.720563580005,29297126
2017-10-24,148.0,148.3,147.44,139.956993395187,20289467
2017-10-25,147.7,148.18,146.33,139.427390609179,36104741
2017-10-26,147.36,147.705,146.92,138.982902556637,28230199
2017-10-27,149.33,151.52,149.2,143.030580992554,60165127
2017-10-30,151.08,152.19,150.9899,143.352125541202,31733386
2017-10-31,152.04,152.37,151.63,143.891185519817,25680894
2017-11-01,152.75,152.83,151.5,143.84389955678,29481569
2017-11-02,151.92,151.99,150.77,143.569640971169,31017426
2017-11-03,152.39,153.29,151.84,144.950391091833,26199249
2017-11-06,153.13,153.85,153.1,145.442165107411,28684758
2017-11-07,153.67,154.0823,153.34,145.527279840877,21333062
2017-11-08,153.81,154.54,153.62,146.113625782528,16732173
2017-11-09,153.26,153.77,152.11,145.347593181338,40459520
2017-11-10,153.36,153.8,153.06,145.338135988731,20150762
2017-11-13,153.12,154.0693,153.1,145.51782264827,12468169
2017-11-14,153.31,153.5,152.57,144.988219862262,25050308
2017-11-15,152.61,153.0,151.78,144.307301994537,24762217
2017-11-16,153.38,154.89,153.33,146.151454552958,34729258
2017-11-17,154.58,154.69,153.8,145.593480189128,28725800
2017-11-20,154.08,154.2,153.61,145.47999387784,21126898
2017-11-21,154.56,155.57,154.49,147.059345043257,20147763
2017-11-22,155.63,155.84,155.341,147.239031702795,17254888
2017-11-24,155.86,156.31,155.76,147.77809168141,8280586
2017-11-27,156.2,156.56,155.83,147.711891333159,22653389
2017-11-28,156.52,156.69,155.7,148.090179037451,24446088
2017-11-29,156.41,156.45,153.12,145.508365455662,71986338
2017-11-30,154.51,155.45,154.15,146.728343302002,56595465
2017-12-01,154.2,155.24,152.26,146.104168589921,59015828
2017-12-04,155.47,155.625,152.56,144.420788305825,51243858
2017-12-05,152.64,154.55,152.1,144.515360231898,40555384
2017-12-06,152.26,153.735,152.06,145.1679065218,28566078
2017-12-07,153.49,154.46,153.33,145.659680537379,32666207
2017-12-08,155.15,155.53,154.46,146.302769634674,28081666
2017-12-11,154.77,155.95,154.76,147.437632747548,20821528
2017-12-12,155.83,156.15,155.36,147.239031702795,20310252
2017-12-13,156.32,156.49,155.76,147.522747481014,24418479
2017-12-14,156.26,156.66,155.71,147.418718362334,24594682
2017-12-15,156.49,157.82,156.23,149.092641453823,49816151
2017-12-18,158.36,158.77,158.07,150.34043290362,26844519
2017-12-19,158.34,158.5,157.26,149.449610873052,31414968
2017-12-20,158.25,158.28,156.91,149.28850476114,38972602
2017-12-21,157.75,158.25,157.37,149.307458421365,18638679
2017-12-22,157.31,157.43,156.95,149.136875479341,23330440
2017-12-26,156.49,156.72,155.95,148.331344919785,21918720
2017-12-27,156.53,156.96,156.39,148.35029858001,22388186
2017-12-28,157.04,157.07,156.54,148.530358352146,25393825
2017-12-29,156.87,156.9,155.7,147.61110583124,33185962
2018-01-02,156.56,158.53,156.17,150.198280451934,32573272
2018-01-03,158.64,160.17,158.61,151.657712289248,29383557
2018-01-04,160.58,160.79,160.08,151.923063532396,24776125
2018-01-05,161.07,162.03,160.77,153.448833180498,26992340
2018-01-08,161.92,162.63,161.86,154.045873477581,23159061
2018-01-09,162.87,163.04,162.07,154.055350307694,24782448
2018-01-10,161.84,162.21,161.12,153.695230763421,34004028
2018-01-11,162.48,163.3,162.21,154.747158905901,20473518
2018-01-12,163.15,164.66,162.94,155.884378519393,37762708
2018-01-16,165.58,166.42,163.53,155.438967504109,41231849
2018-01-17,164.8,166.04,164.0,157.116366434009,33849879
2018-01-18,165.53,166.2,165.14,157.144796924346,26432166
2018-01-19,166.31,166.61,165.54,157.637592090193,38937588
2018-01-22,166.28,168.12,166.09,159.324467850206,26081388
2018-01-23,168.64,169.66,168.56,160.641747235834,37989650
2018-01-24,169.87,170.24,167.44,159.599295923466,54287377
2018-01-25,169.57,169.63,167.81,159.542434942792,28924956
2018-01-26,169.29,170.95,168.96,161.987457111799,32038184
2018-01-29,170.57,170.91,169.74,161.200880212467,37277849
2018-01-30,168.55,169.42,167.82,159.874123996727,44987688
2018-01-31,169.65,169.99,168.34,160.537502104597,42449199
2018-02-01,168.1,169.73,167.42,159.172838568407,38037875
2018-02-02,167.34,167.7,164.47,155.998100480742,68478082
2018-02-05,163.07,165.75,158.0,149.847637737774,105372224
2018-02-06,155.81,162.51,155.1,153.818429554883,118537891
2018-02-07,161.79,163.55,160.2,151.828295231272,91028328
2018-02-08,160.62,160.8,153.45,145.421958075268,94184831
2018-02-09,155.66,157.24,150.125,147.933318055063,113836554
2018-02-12,157.7,159.95,156.46,150.558399996206,63050637
2018-02-13,157.96,160.01,157.72,151.335500065426,31785595
2018-02-14,158.75,162.93,158.0,154.169072269043,52107431
2018-02-15,164.14,165.7,162.44,157.031074962997,51633887
2018-02-16,165.16,166.76,164.68,156.329789534677,62256291
2018-02-20,164.38,166.68,164.31,156.642524928387,36785626
2018-02-21,166.1,167.72,164.72,156.197113913103,41161779
2018-02-22,165.54,166.42,164.38,156.178160252878,37074413
2018-02-23,166.13,168.17,165.45,159.371852000768,50096916
2018-02-26,168.96,170.4,168.82,161.48518511584,39266658
2018-02-27,170.45,170.73,168.21,159.485573962117,42209873
2018-02-28,169.25,169.8,167.1,158.462076309974,42936334
2018-03-01,167.3,168.07,163.0,155.87490168928,76809904
2018-03-02,162.5,166.28,161.96,157.305903036258,57445063
2018-03-05,165.21,168.26,164.59,159.049639776945,38540207
2018-03-06,168.65,169.11,167.48,159.722494714928,29480927
2018-03-07,167.25,169.07,166.96,160.092091089313,34609407
2018-03-08,169.63,169.98,168.95,160.973436289769,25828371
2018-03-09,171.07,173.16,170.82,164.100790226871,38310546
2018-03-12,173.67,174.48,173.28,164.972658597215,37634971
2018-03-13,174.48,175.21,171.27,162.726649860569,55638925
2018-03-14,172.61,172.74,170.93,162.698219370231,40536383
2018-03-15,171.8,172.53,170.9,162.556066918545,28810366
2018-03-16,171.82,172.2,170.94,162.072748582811,31176742
2018-03-19,169.1,169.22,165.64,158.619912915497,71395061
2018-03-20,167.17,168.04,166.61,159.142001198582,34075664
2018-03-21,167.21,168.76,166.19,158.449047659215,43863543
2018-03-22,164.61,165.77,162.59,154.538131793195,66607288
2018-03-23,162.61,163.06,158.43,150.465843185131,80110392
2018-03-26,161.72,164.6,159.16,156.056934071261,57481503
2018-03-27,165.62,165.62,157.68,151.006916496692,78889105
2018-03-28,158.17,159.78,156.04,149.269786391154,89369655
2018-03-29,158.1,161.71,156.63,152.003630491673,68692566
2018-04-02,158.99,159.74,153.88,147.618088913758,85549443
2018-04-03,156.87,157.92,154.44,149.279278905392,64090049
2018-04-04,154.22,160.23,154.04,151.633422436394,65768692
2018-04-05,161.33,161.58,159.48,152.497241232044,43054868
2018-04-06,158.88,160.46,155.88,148.681250508404,59870865
2018-04-09,157.98,160.88,157.46,149.725427074574,41810380
2018-04-10,160.21,161.73,159.07,153.028822029367,48601323
2018-04-11,160.2,162.0,160.1,152.146018205242,41622139
2018-04-12,161.25,162.77,161.16,153.978073453158,30467889
2018-04-13,163.02,163.26,160.67,153.180702257174,44604892
2018-04-16,162.5,163.19,161.48,154.348281508437,28180780
2018-04-17,164.24,166.46,163.91,157.670661491706,35536087
2018-04-18,166.1,167.0,165.31,157.993406975795,29573880
2018-04-19,165.6,165.99,164.34,156.541052297394,34705692
2018-04-20,164.49,164.61,161.73,154.0635060813,49197140
2018-04-23,163.09,163.73,161.02,153.674312997545,33040646
2018-04-24,162.66,162.91,157.39,150.418380613942,70256751
2018-04-25,158.74,159.31,156.47,150.598738384462,52089323
2018-04-26,160.7,162.53,160.18,153.769238139924,43005532
2018-04-27,164.37,164.41,161.17,153.864163282303,51043406
2018-04-30,162.47,163.48,160.54,152.772524144944,35615273
2018-05-01,160.52,162.8,160.14,154.519146764719,36513529
2018-05-02,163.06,163.57,161.63,153.60786539788,38646842
2018-05-03,161.0,162.4,159.22,153.588880369404,60337134
2018-05-04,161.1,165.25,160.98,156.503082240443,41543243
2018-05-07,165.64,166.78,165.51,157.803556691037,32500152
2018-05-08,165.89,166.43,164.86,157.642183948992,26040170
2018-05-09,166.37,168.0,165.78,159.360329026054,29122718
2018-05-10,168.42,169.74,168.29,161.012026503451,27067597
2018-05-11,169.42,169.86,168.72,160.860146275644,24688847
2018-05-14,169.85,170.82,169.47,161.135429188543,21821749
2018-05-15,168.41,168.5,166.98,159.350836511816,49361638
2018-05-16,168.09,169.37,168.01,160.404505592224,22941159
2018-05-17,168.39,169.61,167.51,159.78749216676,27480164
2018-05-18,167.68,168.26,167.21,158.961643428062,26217939
2018-05-21,168.76,169.5,167.68,159.853939766425,22954565
2018-05-22,169.17,169.45,167.88,159.645104453191,19477721
2018-05-23,166.88,169.62,166.88,160.993041474975,26557835
2018-05-24,169.55,169.85,167.84,160.945578903785,27696539
2018-05-25,169.53,170.33,169.21,161.10695164583,27460536
2018-05-29,168.95,169.92,167.96,160.395013077986,41220468
2018-05-30,169.58,170.48,169.22,161.543607300774,22665836
2018-05-31,170.18,171.2,169.63,161.439189644157,35670946
2018-06-01,170.92,172.84,170.87,163.973690945679,45543331
2018-06-04,173.18,174.34,173.07,165.454523166793,20459634
2018-06-05,174.71,175.13,174.07,165.96711893564,24779284
2018-06-06,175.02,175.89,174.14,166.935355387907,25036647
2018-06-07,175.89,175.93,173.55,165.577925851886,39600316
2018-06-08,173.61,174.88,173.18,165.587418366124,31780348
2018-06-11,174.31,175.34,174.28,166.033566535306,22319709
2018-06-12,175.15,176.0,174.96,166.906877845194,22511832
2018-06-13,176.1,177.14,175.43,166.897385330956,37858584
2018-06-14,176.63,177.89,176.5,168.587052865304,35915978
2018-06-15,176.93,177.33,176.11,167.998516982553,49615730
2018-06-18,175.49,176.65,174.94,167.902044560353,31633192
2018-06-19,174.27,176.04,173.71,167.42640137463,38235994
2018-06-20,176.81,177.98,176.65,168.615509338938,33038042
2018-06-21,177.7,177.88,175.37,167.15052832691,43469439
2018-06-22,176.3,176.37,174.69,166.779526642046,30073187
2018-06-25,173.73,173.99,169.81,163.021945474832,77799725
2018-06-26,172.0,173.06,171.37,163.687845934844,39008146
2018-06-27,172.8,173.58,169.61,161.461835825659,52843497
2018-06-28,169.52,171.77,169.17,162.850713927971,46407708
2018-06-29,172.01,172.92,171.4,163.288305658837,36408464
2018-07-02,170.04,172.85,169.67,164.382284986,31770026
2018-07-03,173.45,173.45,170.63,162.479712243107,25512707
2018-07-05,171.91,173.06,171.03,164.496439350574,31626198
2018-07-06,173.32,175.74,173.0,167.055399689766,37005574
2018-07-09,176.52,177.23,175.82,168.558432156652,27362061
2018-07-10,177.52,177.72,176.71,168.68209938494,23902488
2018-07-11,175.93,177.07,175.8,167.825941650638,30280553
2018-07-12,177.2,179.46,177.08,170.717852219836,27930119
2018-07-13,179.45,179.9,178.95,170.860545175553,28067961
2018-07-16,179.65,179.95,178.88,170.451492035831,21405310
2018-07-17,177.28,180.65,177.28,171.488394180708,31034075
2018-07-18,180.29,180.44,179.38,171.164956814416,23220839
2018-07-19,179.28,179.88,178.82,170.308799080114,31094145
2018-07-20,179.62,180.17,178.79,170.270747625256,35907619
2018-07-23,178.46,179.64,177.74,170.81298085698,22184720
2018-07-24,181.41,182.05,179.56,171.516932771851,36900281
2018-07-25,180.38,182.93,180.29,173.914174427897,36022078
2018-07-26,180.35,180.92,179.81,171.279111178989,40873485
2018-07-27,181.19,181.31,176.6,168.967485296374,59456093
2018-07-30,177.63,177.73,174.27,166.579756504042,60192990
2018-07-31,175.8,177.13,174.82,167.854480241781,47285135
2018-08-01,176.86,177.65,176.1,168.49184211065,37101925
2018-08-02,175.87,179.74,175.79,170.784442265837,47178229
2018-08-03,179.87,180.09,179.08,171.307649770133,28934445
2018-08-06,179.96,181.19,179.74,172.316013323866,24808763
2018-08-07,181.65,182.14,181.26,172.943862329021,29895664
2018-08-08,181.55,182.35,181.06,173.15314533074,22680749
2018-08-09,181.94,182.63,181.64,173.04850382988,18852898
2018-08-10,180.68,181.22,179.84,171.726215773569,33818464
2018-08-13,180.88,182.01,180.24,171.53595849928,26089195
2018-08-14,181.01,181.66,180.04,172.610912099015,20913021
2018-08-15,180.01,180.58,178.12,170.499056354403,58528016
2018-08-16,180.61,180.99,179.47,171.060315313557,27711761
2018-08-17,179.35,180.31,178.27,171.098366768415,36092641
2018-08-20,180.26,180.33,179.0,170.946160948983,24938956
2018-08-21,180.24,181.44,180.13,171.574009954138,26258657
2018-08-22,179.98,181.27,179.75,172.239910414151,18042380
2018-08-23,180.74,182.05,180.5,171.992575957575,25776166
2018-08-24,181.4,182.63,181.36,173.590737061605,23136113
2018-08-27,183.4,184.34,183.11,175.360129712496,29343552
2018-08-28,184.83,185.02,184.22,175.616977032787,20277036
2018-08-29,184.93,186.84,184.86,177.643217003968,29175591
2018-08-30,186.38,187.52,185.79,177.329292501391,29315453
2018-08-31,186.18,187.18,185.98,177.557601230538,28653248
2018-09-04,186.08,186.4,184.85,176.796572133381,29063537
2018-09-05,185.52,185.55,182.82,174.513484841908,42623326
2018-09-06,183.53,183.75,180.58,172.953375192736,46091403
2018-09-07,180.5,182.67,180.44,172.287474732723,46629495
2018-09-10,182.15,182.25,180.73,172.867759419306,26131977
2018-09-11,180.99,183.42,180.52,174.199560339331,30116460
2018-09-12,182.85,182.98,181.01,173.68586569875,36203973
2018-09-13,183.72,184.88,183.64,175.540874123071,31133188
2018-09-14,184.66,184.95,183.26,175.02717948249,31224132
2018-09-17,183.68,183.81,181.17,172.506270598156,33071197
2018-09-18,181.49,183.73,181.4,173.933200155326,31877347
2018-09-19,182.87,183.3,181.51,173.800020063323,31843377
2018-09-20,183.96,184.97,183.52,175.721618533646,33295820
2018-09-21,185.22,185.48,183.48,174.760819298485,38605353
2018-09-24,182.05,183.96,181.3,175.245737526329,34945602
2018-09-25,183.81,184.28,183.18,175.483985578869,25277520
2018-09-26,184.3,185.99,183.91,175.60787456619,36210571
2018-09-27,185.02,186.49,184.92,177.09454241404,33113269
2018-09-28,185.31,186.28,184.97,177.056422725634,28076843
2018-10-01,186.87,187.53,185.7,177.418559765494,27371297
2018-10-02,186.01,187.18,185.32,177.018303037227,25618608
2018-10-03,186.53,186.97,185.66,177.208901479259,29128683
2018-10-04,185.2,185.32,181.06,173.806719288988,80557283
2018-10-05,182.36,182.97,178.43,171.681546660331,83325630
2018-10-08,179.52,180.64,176.93,170.633255229155,66864481
2018-10-09,179.18,181.02,178.75,171.185990711048,49097949
2018-10-10,178.51,178.62,171.5,163.657352250783,114471100
2018-10-11,171.02,173.4,167.81,161.627478843143,143084463
2018-10-12,174.17,174.86,170.93,166.125602075098,102078388
2018-10-15,173.71,174.04,171.56,164.11478851166,64885255
2018-10-16,174.02,177.65,173.7,168.889279484562,71979688
2018-10-17,178.08,178.26,175.47,168.955988939273,66987639
2018-10-18,176.62,176.68,172.44,165.039190955515,82486208
2018-10-19,174.58,176.07,172.39,164.88671220189,82923733
2018-10-22,174.06,175.25,172.59,165.734875268932,52909281
2018-10-23,170.64,174.13,168.82,165.12496025443,77566972
2018-10-24,173.07,173.36,165.04,157.567732027861,102997449
2018-10-25,167.91,172.08,167.16,163.018847469976,83481070
2018-10-26,165.2,169.96,164.23,158.825681745272,130970908
2018-10-29,169.21,169.86,160.09,155.556918464423,111871933
2018-10-30,162.75,166.04,162.01,158.120467509754,92583965
2018-10-31,168.62,171.25,168.54,161.837137129378,73828635
2018-11-01,170.07,172.24,168.78,163.971839680136,52706823
2018-11-02,171.53,172.55,168.22,161.417820556907,75966781
2018-11-05,169.6,169.66,167.08,161.01756382864,39573533
2018-11-06,168.97,171.19,168.72,162.237393857645,34410390
2018-11-07,172.28,175.58,171.87,167.3263722599,51169614
2018-11-08,174.76,175.3,173.63,166.25902098452,40296538
2018-11-09,172.83,173.25,170.16,163.45722388665,50602710
2018-11-12,170.32,170.64,166.18,158.511194315919,62578371
2018-11-13,167.11,169.48,166.0,158.644613225342,64128079
2018-11-14,168.12,168.7,164.25,157.434313118438,75270714
2018-11-15,164.9,168.54,163.46,160.188460605801,73254349
2018-11-16,166.45,168.31,165.78,159.626195201806,65390675
2018-11-19,166.7,166.9,161.54,154.441917578536,67280478
2018-11-20,158.37,161.38,157.13,151.678240169072,102652794
2018-11-21,161.35,161.97,159.23,152.831360743365,42965839
2018-11-23,159.09,160.84,159.09,151.72588977958,23503729
2018-11-26,161.44,162.97,160.76,155.232901112969,42012633
2018-11-27,162.0,163.85,161.18,155.757046828557,36608063
2018-11-28,164.62,168.7,163.47,160.769785853999,70140986
2018-11-29,167.99,169.26,166.82,160.24564013841,44885711
2018-11-30,168.38,169.47,167.54,161.408290634806,36722760
2018-12-03,173.11,173.31,169.51,164.229147576879,50771695
2018-12-04,171.43,171.91,165.52,157.929869067722,70594743
2018-12-06,162.46,166.91,161.77,159.044869953609,71715526
2018-12-07,166.16,167.12,160.86,153.793882875627,80432176
2018-12-10,161.08,163.78,159.41,155.404439710797,73960758
2018-12-11,165.73,165.77,162.23,155.919055504284,59058296
2018-12-12,166.0,167.6,164.96,157.291364286914,53779992
2018-12-13,166.13,166.82,164.03,157.339013897422,46377864
2018-12-14,163.21,163.81,160.7,153.507985212579,56547419
2018-12-17,160.39,161.67,156.17,150.029563645495,74834076
2018-12-18,158.65,159.95,157.04,150.973025933553,63642120
2018-12-19,158.18,160.72,153.34,147.265886236031,81856456
2018-12-20,154.15,155.87,150.39,145.131183685272,99002139
2018-12-21,153.05,154.09,146.72,140.633060453317,141129408
2018-12-24,146.08,147.98,143.46,137.155220211481,56163290
2018-12-26,145.08,152.54,144.09,145.719058351515,98982064
2018-12-27,150.37,153.18,147.08,146.282971800468,85824343
2018-12-28,154.01,155.59,151.72,146.206508959932,77856625
2018-12-31,154.47,154.98,152.71,147.439472263575,53015313
2019-01-02,150.99,155.75,150.88,148.032059277729,58576672
2019-01-03,152.6,153.26,149.49,143.195784613826,74820225
2019-01-04,152.34,157.0,151.74,149.322369711775,74709320
2019-01-07,156.62,158.86,156.11,151.100130754237,52059331
2019-01-08,159.54,160.11,157.2,152.466904028818,49388694
2019-01-09,160.14,161.52,159.47,153.709425187529,46491747
2019-01-10,159.6,161.37,158.7,154.149086520611,38943414
2019-01-11,160.33,160.86,159.79,153.585173071658,30176643
2019-01-14,159.33,159.96,158.59,152.227957652143,30710234
2019-01-15,160.0,162.6,159.91,155.200450577981,40874224
2019-01-16,162.65,163.78,162.29,155.17177701278,33812190
2019-01-17,161.83,164.36,161.57,156.395182461356,39328959
2019-01-18,164.78,166.02,163.82,157.943554982211,57183243
2019-01-22,164.06,164.14,160.76,154.779904955033,56711694
2019-01-23,162.77,163.51,160.32,154.98061991144,38106062
2019-01-24,162.68,163.44,162.06,155.984194693475,32413351
2019-01-25,164.51,165.65,163.95,157.847976431541,36466069
2019-01-28,163.02,163.12,161.75,155.898173997872,33491216
2019-01-29,163.2,163.24,160.99,154.426264317554,30784175
2019-01-30,163.4,166.28,162.89,158.354542750092,41346533
2019-01-31,166.7,168.99,166.47,160.724890806708,37258361
2019-02-01,167.33,168.6,166.99,160.046283096951,32143672
2019-02-04,167.48,169.53,167.33,162.034316950888,26718781
2019-02-05,169.76,171.23,169.69,163.467995210938,28156368
2019-02-06,171.07,171.37,169.75,162.980544602521,27970006
2019-02-07,169.03,169.45,166.95,160.791795792177,42036193
2019-02-08,166.76,168.59,166.57,161.107205009388,29020747
2019-02-11,169.17,169.58,167.98,160.954279328316,21434088
2019-02-12,169.63,171.14,169.33,163.33418524,29722073
2019-02-13,171.65,172.16,170.82,163.448879500804,26094136
2019-02-14,170.4,171.83,169.83,163.649594457211,30326830
2019-02-15,172.52,172.56,171.14,164.337760022035,32521685
2019-02-19,171.41,172.8,171.38,164.662727094313,19487679
2019-02-20,172.4,173.08,171.32,164.634053529112,32592995
2019-02-21,171.77,172.26,170.71,164.031908659891,25207401
2019-02-22,171.98,173.01,171.9,165.2457562534,27735358
2019-02-25,174.21,174.66,173.4,165.847901122621,32608754
2019-02-26,173.04,174.25,172.81,166.019942513827,21939717
2019-02-27,172.9,173.8,171.76,165.91480610809,25162014
2019-02-28,173.05,173.81,172.7,165.53249190541,25085470
2019-03-01,174.44,174.65,173.18,166.679434513451,31431156
2019-03-04,175.54,175.79,172.47,166.708108078652,38063458
2019-03-05,174.55,175.09,173.69,166.832360194523,22319863
2019-03-06,174.72,174.75,173.28,165.886132542889,27194581
2019-03-07,173.12,173.18,170.79,163.850309413618,39407443
2019-03-08,169.51,171.26,169.34,163.601805181876,39303225
2019-03-11,171.88,174.85,171.85,167.004401585729,30518408
2019-03-12,175.19,176.14,174.77,167.921955672161,33953500
2019-03-13,176.6,177.93,176.35,169.183592541005,42426135
2019-03-14,177.13,177.34,176.66,168.896856888995,23751477
2019-03-15,177.4,178.88,177.28,170.464345119983,38191958
2019-03-18,177.95,178.99,177.59,170.869798889781,32935125
2019-03-19,179.18,180.0,178.29,171.444312083022,36893341
2019-03-20,179.06,180.86,178.24,172.124152695024,50104996
2019-03-21,179.22,182.83,179.2,174.814789483369,42428481
2019-03-22,181.78,182.27,178.37,170.975126308542,70794543
2019-03-25,177.91,178.84,176.93,170.649568832372,46336524
2019-03-26,179.6,180.69,178.14,171.444312083022,33248121
2019-03-27,179.32,179.72,176.6,170.343161795976,37096697
2019-03-28,178.36,178.98,177.24,170.735745811358,30368235
2019-03-29,179.69,179.83,178.59,172.02840049615,35205511
2019-04-01,181.51,182.26,180.77,174.30730282934,30969472
2019-04-02,182.24,182.91,181.78,174.967993001567,22645151
2019-04-03,183.76,184.92,183.21,175.973391089739,31633476
2019-04-04,183.83,184.5,182.65,175.906364550527,28530828
2019-04-05,184.24,184.77,184.02,176.816010439826,25674660
2019-04-08,184.36,185.28,183.63,177.266045774531,22697543
2019-04-09,184.5,185.11,184.09,176.643656481853,25631886
2019-04-10,184.72,185.53,184.52,177.591603250701,24562958
2019-04-11,185.78,185.78,184.69,177.170293575658,20654094
2019-04-12,185.85,185.95,185.06,177.936311166646,24989136
2019-04-15,185.84,186.07,184.62,177.965036826308,21073046
2019-04-16,186.54,186.91,185.93,178.577850899098,27195709
2019-04-17,187.75,187.93,186.6,179.200240191776,29651575
2019-04-18,187.46,187.79,186.29,179.430045469073,28580864
2019-04-22,186.57,188.86,186.43,179.937532123102,17936033
2019-04-23,188.4,190.54,188.13,182.226009676179,33665561
2019-04-24,190.47,190.71,189.65,181.651496482938,24977108
2019-04-25,191.13,191.22,189.45,182.388788414264,29517497
2019-04-26,190.18,190.69,188.59,182.551567152349,26359537
2019-04-29,190.65,191.32,190.34,182.905850288181,21716242
2019-04-30,189.48,189.85,188.21,181.488717744853,31495277
2019-05-01,190.78,191.32,188.8,180.904629331725,34797109
2019-05-02,188.87,189.85,186.87,180.119461300962,44110122
2019-05-03,189.67,191.25,189.33,182.992027267167,30386180
2019-05-06,187.05,190.2,186.76,181.871726540347,38371777
2019-05-07,187.87,188.67,184.51,178.328895182027,58818134
2019-05-08,185.63,187.17,184.96,177.878859847322,37165319
2019-05-09,183.7,185.41,182.09,176.921337858587,55351668
2019-05-10,184.11,185.89,181.03,177.141567915996,58526402
2019-05-13,180.29,181.26,178.06,170.994276748316,67185766
2019-05-14,179.52,181.63,178.86,172.871019846237,43360636
2019-05-15,179.35,183.55,179.31,175.312700917512,40944547
2019-05-16,183.17,186.07,182.95,177.074541376784,39281157
2019-05-17,183.1,185.58,182.88,175.264824818075,44702276
2019-05-20,180.49,181.18,179.34,172.306081872883,38608294
2019-05-21,181.5,182.33,180.92,174.106223211705,31613790
2019-05-22,180.82,182.07,180.75,173.33063040083,24332550
2019-05-23,178.94,179.02,177.14,170.678294492034,45351309
2019-05-24,179.21,179.85,177.94,170.592117513048,25903267
2019-05-28,178.66,179.66,177.47,169.950577780595,24763823
2019-05-29,176.39,177.0,175.09,168.552595677042,42178772
2019-05-30,176.5,177.27,175.77,169.261161948706,30354790
2019-05-31,174.69,175.29,173.87,166.560949940473,45446206
2019-06-03,173.48,173.95,169.27,162.893640723617,75842290
2019-06-04,172.03,174.97,171.37,167.480171049658,47797848
2019-06-05,176.58,176.61,174.38,168.724949635014,34412697
2019-06-06,176.51,178.04,175.73,170.065480419243,29913205
2019-06-07,178.56,181.77,178.33,173.349780840605,45888345
2019-06-10,182.25,184.85,182.21,175.370152236836,41385280
2019-06-11,185.06,185.4,182.78,175.60953273402,41260320
2019-06-12,182.9,183.28,182.0,174.59455942596,27758120
2019-06-13,183.1,183.87,182.74,175.628683173794,23715829
2019-06-14,182.48,183.11,181.94,174.881816022581,22844089
2019-06-17,183.04,184.25,182.84,175.93509021019,20379476
2019-06-18,185.91,187.72,185.43,178.491673920112,48177301
2019-06-19,186.73,187.53,185.57,179.161939312227,31672855
2019-06-20,189.72,189.76,187.16,180.828027572626,40921964
2019-06-21,188.63,189.77,188.17,180.55992141578,39980418
2019-06-24,188.53,188.72,188.06,180.565264388477,19375205
2019-06-25,188.03,188.14,184.65,177.465637454087,33921112
2019-06-26,186.16,187.33,185.49,178.290925120829,22595721
2019-06-27,186.46,186.94,185.99,178.972267264302,19709228
2019-06-28,186.95,187.15,186.07,179.202580101532,21179248
2019-07-01,190.32,190.57,188.38,181.620864892449,31193393
2019-07-02,189.2,190.03,188.66,182.340592508793,18035768
2019-07-03,190.49,191.44,190.29,183.712873163957,15792067
2019-07-05,190.13,191.4,189.39,183.338614803458,21415620
2019-07-08,189.81,189.87,188.93,182.052701462256,17598826
2019-07-09,188.81,190.9,188.65,182.964356442959,19193497
2019-07-10,191.82,193.09,191.47,184.787666404364,28374513
2019-07-11,192.85,193.34,191.81,184.653317249313,23736122
2019-07-12,192.63,193.54,192.45,185.718514121503,20211883
2019-07-15,193.98,194.19,193.44,186.313488951014,15606074
2019-07-16,193.91,194.09,192.56,185.353852129222,20190891
2019-07-17,193.15,193.49,192.18,184.442197148519,16765069
2019-07-18,191.29,192.79,190.69,184.653317249313,29066336
2019-07-19,193.82,193.83,190.81,183.300229330586,29387945
2019-07-22,191.44,192.94,191.44,184.75887729971,18953596
2019-07-23,193.58,193.81,192.29,185.968019695169,23786726
2019-07-24,193.05,195.16,193.03,187.273125772807,20422872
2019-07-25,194.49,194.52,192.93,185.497797652491,23434744
2019-07-26,194.53,195.55,194.43,187.407474927858,20431243
2019-07-29,195.11,195.18,193.39,186.764518257257,20451652
2019-07-30,193.13,194.54,192.99,185.958423326951,18705006
2019-07-31,194.3,194.43,189.32,183.386596644547,41627473
2019-08-01,191.43,194.98,189.23,182.474941663844,63251648
2019-08-02,188.72,188.99,186.21,179.787958562825,55214006
2019-08-05,183.43,183.51,179.2,173.435162802559,75039971
2019-08-06,182.4,183.8,181.07,175.863043961694,41897249
2019-08-07,181.27,184.51,179.89,176.813084415269,49990586
2019-08-08,185.08,188.32,184.57,180.661228070657,38418084
2019-08-09,187.36,188.0,185.03,178.962670896084,33608926
2019-08-12,185.34,185.9,183.5,176.909048097448,24642870
2019-08-13,184.19,189.68,184.02,180.78598085749,40473043
2019-08-14,185.36,185.95,182.42,175.383225550798,51000548
2019-08-15,183.0,183.59,181.16,175.181701818221,36848178
2019-08-16,184.11,185.95,184.1,177.993437706073,34785006
2019-08-19,188.16,188.83,187.5,180.824366330361,22568634
2019-08-20,187.96,188.64,186.92,179.423296570544,19939552
2019-08-21,188.61,189.23,187.96,181.01629369472,20745478
2019-08-22,188.98,189.46,186.54,180.430915233426,24270520
2019-08-23,186.74,188.45,181.56,174.721076143761,55442893
2019-08-26,184.14,184.87,183.08,177.36007740369,27689838
2019-08-27,186.11,186.42,183.71,176.985819043191,28080093
2019-08-28,183.83,185.4,182.91,177.619179345574,21775744
2019-08-29,187.39,188.46,186.68,180.334951551247,25427207
2019-08-30,188.93,188.97,186.41,179.90311498144,26332749
2019-09-03,186.22,187.18,185.03,178.156575965778,28026617
2019-09-04,187.44,188.49,186.9,180.728402648182,21676335
2019-09-05,190.41,192.33,190.34,184.039149683366,34060994
2019-09-06,192.1,192.17,191.17,183.856818687226,19487821
2019-09-09,192.19,192.27,190.22,183.472963958509,24407580
2019-09-10,190.16,190.74,188.91,182.945163706523,23744687
2019-09-11,191.0,192.53,190.56,184.662913617531,25063617
2019-09-12,193.61,194.71,192.97,185.430623074965,28689878
2019-09-13,192.95,193.4,192.29,184.768473667928,27669795
2019-09-16,191.3,192.08,191.11,183.943186001187,20318987
2019-09-17,191.7,192.6,191.29,184.826051877236,21113675
2019-09-18,192.2,192.6,190.11,184.749280931493,31173056
2019-09-19,192.86,194.04,192.47,185.056364714466,26214873
2019-09-20,193.11,193.31,190.16,183.098705598009,30131528
2019-09-23,190.36,191.07,189.72,183.179459036563,22917563
2019-09-24,191.37,191.79,187.15,180.746681969044,41096614
2019-09-25,187.79,190.58,186.21,182.775598811916,36499191
2019-09-26,189.83,190.0,187.98,182.102498437503,27030029
2019-09-27,189.73,189.83,185.75,179.842804323404,40804222
2019-09-30,187.79,189.11,187.4,181.554402418339,26559841
2019-10-01,189.5,190.59,186.96,180.073581594631,32665025
2019-10-02,186.0,186.03,183.02,176.977319872333,48931982
2019-10-03,184.03,186.21,181.82,178.919695238495,39612315
2019-10-04,187.08,189.08,186.88,181.554402418339,32752668
2019-10-07,188.27,189.74,187.91,181.006306399174,21404580
2019-10-08,187.06,187.86,185.27,178.294673462255,33201939
2019-10-09,186.99,188.08,186.43,180.035118716093,20829012
2019-10-10,187.28,189.43,187.12,181.429398063091,26693780
2019-10-11,190.83,192.63,190.72,183.766017934266,41428907
2019-10-14,190.84,191.7,190.65,183.746786494997,15372774
2019-10-15,191.68,193.97,191.56,186.083406366172,23735826
2019-10-16,192.86,193.53,192.43,185.621851823717,20689207
2019-10-17,194.2,194.5,192.81,186.112253525075,19161821
2019-10-18,193.2,193.67,190.71,184.323729673065,27719069
2019-10-21,192.71,193.52,192.14,185.958402010924,15868946
2019-10-22,194.15,194.42,191.79,184.477581187216,22988988
2019-10-23,191.46,192.26,191.15,184.833362813691,15198327
2019-10-24,193.59,194.21,192.74,186.631502385336,19264220
2019-10-25,193.09,195.74,193.05,188.121938928678,21507115
2019-10-28,196.57,197.83,196.55,189.97777281813,18842303
2019-10-29,197.24,197.54,196.01,188.506567714057,18569675
2019-10-30,196.42,197.32,195.29,189.420061079331,21764311
2019-10-31,197.56,197.65,195.94,189.506602556041,26801803
2019-11-01,197.93,198.88,197.63,191.227816370611,22131875
2019-11-04,200.19,200.53,198.87,192.41054988565,19015855
2019-11-05,200.35,200.55,199.55,192.516322801629,15048864
2019-11-06,199.98,200.0,198.79,192.083615418078,19725486
2019-11-07,200.76,201.72,199.85,192.727868633587,17832355
2019-11-08,200.07,201.25,199.54,193.497126204344,15272516
2019-11-11,200.21,201.04,199.94,193.237501774214,10187222
2019-11-12,201.13,202.21,200.82,193.795213513013,14778283
2019-11-13,200.84,201.78,200.71,193.843292111185,16110341
2019-11-14,200.83,201.56,200.22,193.689440597034,17055686
2019-11-15,202.65,202.91,202.0,195.112567102935,18434519
2019-11-18,202.59,203.39,201.77,195.266418617086,18408797
2019-11-19,203.84,203.84,202.59,195.55489020612,16997568
2019-11-20,202.84,203.45,200.62,194.381772410715,36706275
2019-11-21,201.93,202.07,201.07,193.949065027164,17934353
2019-11-22,202.2,202.32,200.74,194.074069382412,17197019
2019-11-25,202.7,204.26,202.67,196.37222637505,17794718
2019-11-26,204.35,204.87,204.05,196.747239440794,14812921
2019-11-27,205.14,206.05,204.89,198.122287348522,17060233
2019-11-29,205.52,205.83,205.0,197.218409702883,9854553
2019-12-02,205.11,205.18,201.78,195.199108579645,28121020
2019-12-03,200.21,201.49,199.23,193.670209157765,31104100
2019-12-04,202.44,202.91,202.14,194.65101256048,15336754
2019-12-05,203.15,203.15,201.84,195.035641345859,15038785
2019-12-06,204.31,205.15,204.15,197.122252506538,16562247
2019-12-09,204.63,205.59,203.98,196.227990580533,14032175
2019-12-10,204.17,204.88,203.44,196.064523346747,21849714
2019-12-11,204.36,205.19,204.04,197.103021067269,18897759
2019-12-12,204.77,207.32,204.49,198.574226171342,32704625
2019-12-13,206.4,207.91,205.96,199.228095106486,32534393
2019-12-16,208.55,209.53,208.48,201.228164790455,21366177
2019-12-17,209.54,209.71,209.04,201.343553426068,16034647
2019-12-18,209.57,210.13,209.33,201.49740494022,15490828
2019-12-19,209.64,210.93,209.62,202.757064212335,17892062
2019-12-20,211.86,212.52,211.27,203.574400381264,27690934
2019-12-23,212.0,212.15,211.63,204.11062098668,23798671
2019-12-24,212.0,212.09,211.44,204.21662244227,7089020
2019-12-26,212.26,213.81,212.23,206.018647187301,17159310
2019-12-27,214.54,214.56,213.04,205.845190259972,18142239
2019-12-30,213.5,213.63,211.16,204.496080825189,21829913
2019-12-31,211.62,212.76,211.2,204.881540663699,18201585
2020-01-02,214.4,216.16,213.98,208.30249673047,31014904
2020-01-03,213.3,215.47,213.28,206.394470529848,27532657
2020-01-06,212.49,215.59,212.24,207.724306972706,21726989
2020-01-07,215.64,216.14,214.85,207.695397484817,23120994
2020-01-08,215.5,218.14,215.16,209.25650983078,26464212
2020-01-09,218.94,219.41,217.71,211.029625087923,23641291
2020-01-10,219.85,219.87,218.04,210.48998131401,21914631
2020-01-13,219.33,220.98,218.98,212.918378296619,22528847
2020-01-14,220.84,221.21,219.74,212.080003147862,24573340
2020-01-15,220.2,221.2,219.45,212.166731611526,25742084
2020-01-16,221.27,222.32,220.8,214.200032259663,18804959
2020-01-17,223.28,223.56,222.12,215.260046815564,24325167
2020-01-21,222.76,223.84,222.66,215.163681855937,20813609
2020-01-22,224.41,225.15,223.59,215.732235117738,20736403
2020-01-23,223.74,224.69,222.7,216.426062827055,26496113
2020-01-24,225.64,225.88,221.67,214.604765090098,37436483
2020-01-27,217.67,219.28,217.18,210.17197694724,42264418
2020-01-28,219.64,221.96,219.06,213.400203094756,26731876
2020-01-29,222.68,222.93,220.83,213.747116949415,29063128
2020-01-30,220.38,222.7,219.69,214.508400130471,39568093
2020-01-31,223.53,223.56,218.29,211.106717055625,52015832
2020-02-03,220.14,222.89,219.99,214.29639721929,25468307
2020-02-04,225.42,227.86,224.65,219.201373664322,30691211
2020-02-05,230.21,230.25,226.85,219.924110861527,38534817
2020-02-06,228.79,230.25,227.98,221.822500566186,22467077
2020-02-07,229.16,230.44,228.54,220.868487465875,25884933
2020-02-10,228.44,231.98,228.38,223.537796847553,21478925
2020-02-11,233.25,234.02,231.4,223.576342831404,30197983
2020-02-12,233.38,234.38,232.8,225.754190918982,24471275
2020-02-13,232.64,234.93,232.36,225.4650960401,22773159
2020-02-14,234.34,234.86,233.55,226.110741269603,23438530
2020-02-18,233.5,235.17,233.25,226.197469733268,24521242
2020-02-19,236.13,237.47,235.85,228.365681324883,22230464
2020-02-20,236.46,236.95,231.88,226.245652213081,42604016
2020-02-21,233.61,234.01,229.32,221.899592533888,66058611
2020-02-24,221.68,224.25,220.26,213.34238411898,84522551
2020-02-25,223.25,223.99,214.74,207.541213549414,97742982
2020-02-26,216.71,220.28,214.9,208.610864601277,80400053
2020-02-27,210.9,216.42,205.5,198.164902977673,121822562
2020-02-28,198.64,207.17,198.17,198.319086913077,149247073
2020-03-02,208.88,216.57,205.94,208.553045625501,112933945
2020-03-03,217.11,219.61,207.62,201.865317427363,131953546
2020-03-04,213.32,218.33,211.37,210.287614898793,73086209
2020-03-05,212.69,216.36,210.1,203.8986180755,78705458
2020-03-06,204.67,209.15,202.91,200.458389016804,89828392
2020-03-09,193.48,201.16,192.11,186.533652350652,116423986
2020-03-10,201.11,204.3,193.68,196.690519095374,100599233
2020-03-11,199.35,200.75,192.73,188.123674184503,89168783
2020-03-12,182.09,190.78,176.94,170.874346411209,137820698
2020-03-13,187.07,194.48,178.13,185.348363347236,134881981
2020-03-16,174.15,184.68,169.16,163.145876649096,92054386
2020-03-17,175.47,184.39,169.78,175.519137465247,121257108
2020-03-18,171.61,179.22,166.8,170.180518701892,114156320
2020-03-19,175.69,183.49,171.63,171.201987273942,120896481
2020-03-20,181.74,182.87,170.1,164.494986083878,118983891
2020-03-23,170.92,174.21,164.93,164.613216252845,124639782
2020-03-24,179.91,183.83,177.95,177.3604558078,94881785
2020-03-25,184.42,189.51,179.98,176.047103853653,88754909
2020-03-26,183.87,192.72,183.61,185.317823529984,79887564
2020-03-27,186.93,190.51,184.66,178.944203752506,58844975
2020-03-30,187.1,192.49,186.34,185.453021525263,49356936
2020-03-31,191.72,195.25,189.2,183.869273580557,62659265
2020-04-01,184.77,187.66,180.86,176.056760853316,53715375
2020-04-02,181.24,190.1,180.97,179.629850728568,56465348
2020-04-03,185.55,187.07,181.29,177.080402817577,47487621
2020-04-06,190.48,197.65,189.19,189.740729375566,64763518
2020-04-07,202.37,202.66,196.0,189.663473378264,69904478
2020-04-08,198.15,201.17,196.17,193.69044223767,45940439
2020-04-09,202.35,203.22,199.03,193.970495227892,68323929
2020-04-13,200.0,203.42,198.75,196.066064154729,42853948
2020-04-14,207.23,212.5,206.42,204.593194857021,63959563
2020-04-15,208.48,211.83,207.12,202.24654393895,47035953
2020-04-16,211.69,214.37,209.69,205.935517810156,64657362
2020-04-17,216.17,216.51,212.08,207.905545741377,62863223
2020-04-20,213.36,215.88,212.57,205.443010827351,38249128
2020-04-21,210.6,211.16,203.63,197.862266092018,72932771
2020-04-22,209.1,212.35,208.33,203.733721887028,40188772
2020-04-23,211.79,214.44,210.1,203.2991569022,43278542
2020-04-24,210.97,214.3,209.5,206.505280790264,34303365
2020-04-27,216.19,216.63,214.5,208.166284732273,36451698
2020-04-28,217.32,217.32,211.21,204.245542869159,46862816
2020-04-29,216.19,219.97,215.14,211.488292616292,48716406
2020-04-30,219.95,220.04,217.35,211.401379619326,43359476
2020-05-01,214.5,216.67,211.68,205.443010827351,48794968
2020-05-04,211.46,215.45,211.12,207.837946743737,32841020
2020-05-05,217.44,220.14,216.85,210.194254661471,37783075
2020-05-06,219.4,221.04,218.11,211.488292616292,36455218
2020-05-07,221.82,222.73,220.42,214.211566521214,38624836
2020-05-08,223.62,225.0,222.48,217.147294418719,31964416
2020-05-11,223.49,227.93,223.25,219.08835135095,35714128
2020-05-12,227.49,228.1,222.09,214.501276511099,41054123
2020-05-13,222.66,224.61,216.71,211.816630604829,65521208
2020-05-14,217.97,221.87,215.99,214.221223520877,51549345
2020-05-15,218.78,223.33,218.33,215.611831472326,55747208
2020-05-18,226.33,228.68,225.47,219.62914333207,42597551
2020-05-19,227.7,229.85,226.71,219.078694351288,36237303
2020-05-20,229.5,231.76,229.48,223.453315198556,37417000
2020-05-21,231.44,232.14,228.34,221.019751283519,42240976
2020-05-22,228.45,229.87,227.5,221.782654256884,28762389
2020-05-26,233.36,233.57,228.79,221.183920277788,33055346
2020-05-27,228.69,230.41,223.94,222.391045235643,55665565
2020-05-28,229.11,233.47,229.05,222.101335245758,43008478
2020-05-29,230.38,233.6,228.76,225.355744132136,50878596
2020-06-01,232.46,234.45,232.0,226.031734108535,26140125
2020-06-02,234.5,235.69,232.01,227.547883055602,33383415
2020-06-03,236.26,237.47,235.35,228.571525019864,37228701
2020-06-04,236.33,237.79,233.68,226.968463075831,38716097
2020-06-05,236.22,240.3,235.63,231.468624918717,47365569
2020-06-08,239.54,241.68,237.91,233.264826856006,32937305
2020-06-09,240.66,244.18,240.47,234.954801797004,35046254
2020-06-10,245.05,247.82,244.51,237.774645698554,58084410
2020-06-11,242.16,243.59,233.96,225.993106109884,72919442
2020-06-12,239.14,240.4,231.74,227.789308047173,72034787
2020-06-15,232.44,239.45,231.47,230.560866950409,45307371
2020-06-16,243.78,244.39,239.1,234.520236812176,48890095
2020-06-17,244.4,245.5,242.73,235.263825786215,34749268
2020-06-18,243.29,244.53,242.49,235.901187763962,30578648
2020-06-19,246.73,247.0,242.45,235.862559765311,49422112
2020-06-22,243.68,246.87,243.38,238.686517548718,24068676
2020-06-23,248.39,251.15,247.82,240.717974494703,32767370
2020-06-24,248.06,249.33,242.16,235.755415383797,46032376
2020-06-25,243.8,246.34,241.14,237.999691628885,36940811
2020-06-26,245.78,245.96,239.68,232.37932741166,52824554
2020-06-29,239.98,242.85,237.35,234.913811791889,34377800
2020-06-30,242.77,248.16,242.58,239.518447536121,38909219
2020-07-01,247.64,251.52,247.08,242.314119237977,34685690
2020-07-02,253.02,254.27,251.71,243.958632003774,32023478
2020-07-06,255.45,258.93,255.43,249.956266796682,34587050
2020-07-07,258.13,260.88,256.3,248.234365194847,36695837
2020-07-08,257.98,260.02,256.5,251.504043517432,30452321
2020-07-09,261.97,262.87,257.63,253.622562903959,40609204
2020-07-10,262.03,264.23,259.26,255.354138110299,32879879
2020-07-13,266.91,269.79,257.69,250.101370864252,64127311
2020-07-14,255.93,260.79,252.76,251.87164048861,72228142
2020-07-15,261.83,262.69,257.49,252.384341527359,54472875
2020-07-16,258.02,259.78,255.62,250.662439925524,47590557
2020-07-17,259.59,260.31,257.17,250.952648060665,36287018
2020-07-20,260.08,267.43,258.79,258.072420976116,40627842
2020-07-21,268.4,268.41,263.13,255.383158923813,43438515
2020-07-22,264.46,265.89,262.55,256.282804142749,29865519
2020-07-23,264.55,265.24,256.55,249.588669825503,51363538
2020-07-24,254.12,256.93,251.32,247.218636721854,54054536
2020-07-27,257.36,260.52,256.445,251.629800375993,36445741
2020-07-28,259.33,259.85,256.51,248.427837284941,31302390
2020-07-29,258.33,260.66,257.91,251.291224218329,27556884
2020-07-30,257.78,261.71,256.55,252.606834430967,41774456
2020-07-31,265.83,265.95,260.85,257.114734130152,53756159
2020-08-03,268.05,270.15,267.87,260.587558147336,32081566
2020-08-04,268.74,270.48,268.09,261.554918597805,24911286
2020-08-05,270.83,271.52,269.96,262.203050099619,21685921
2020-08-06,270.78,274.98,270.19,265.675874116803,28048224
2020-08-07,274.04,274.8818,269.245,262.609341488816,44969356
2020-08-10,271.74,271.98,266.67,261.487203366272,35088373
2020-08-11,269.1,270.44,264.63,256.534317859871,43104323
2020-08-12,267.37,272.84,267.37,262.986612064499,38894272
2020-08-13,272.64,274.83,271.51,263.58637554379,31895717
2020-08-14,273.01,273.4,270.72,263.27682019964,30799494
2020-08-17,273.91,275.84,272.1978,266.333679223122,24659226
2020-08-18,276.41,278.465,274.91,268.897184416864,23529498
2020-08-19,277.93,279.02,275.57,267.088220374487,31999359
2020-08-20,275.3,280.43,274.86,270.793210899784,27723379
2020-08-21,280.07,282.34,279.461,272.669890173693,34748934
2020-08-24,285.06,286.0,281.27,274.372444566519,36418533
2020-08-25,282.78,286.06,282.37,276.529658371065,34866586
2020-08-26,287.11,292.22,285.829,282.430557118926,42216690
2020-08-27,293.08,293.851,288.705,281.550259108999,49482715
2020-08-28,292.27,293.18,290.93,282.981952575693,28021022
2020-08-31,293.16,296.745,292.62,285.255249634295,36321027
2020-09-01,297.6,300.04,295.79,290.130746304659,36395774
2020-09-02,303.26,303.5,296.89,292.878049983991,50836767
2020-09-03,298.2,298.62,284.41,278.029067069292,110083282
2020-09-04,285.76,288.93,271.8,274.324076543995,123958978
2020-09-08,272.27,278.22,269.66,261.138953604103,99568645
2020-09-09,275.54,280.045,273.0,268.810121976322,64837872
2020-09-10,280.97,282.195,270.56,263.450945080724,69667462
2020-09-11,274.33,275.22,266.9,261.622633829338,71809014
2020-09-14,274.28,277.22,272.96,266.178901551047,38525194
2020-09-15,278.9,280.45,275.1332,269.951607307876,41849926
2020-09-16,279.77,280.36,274.25,265.646853303289,42435626
2020-09-17,267.52,274.3955,266.68,261.496876970777,81570844
2020-09-18,271.62,272.09,262.63,258.159483416659,86251117
2020-09-21,262.52,267.65,260.11,259.154162126249,57168570
2020-09-22,270.05,273.08,266.54,263.968921147472,41128886
2020-09-23,272.15,272.34,263.2502,255.908801417778,48837270
2020-09-24,261.58,268.7,261.22,257.100381618202,70631704
2020-09-25,265.82,272.395,264.2999,263.077657908131,55242376
2020-09-28,276.615,277.2,271.674,268.541489071049,58438286
2020-09-29,276.72,277.71,275.3719,267.330533582813,27178921
2020-09-30,276.09,281.09,275.8717,269.161498281025,49380802
2020-10-01,281.79,282.8794,279.84,273.433749243519,50020223
2020-10-02,276.01,282.2412,273.44,265.741759982249,75497391
2020-10-05,276.34,280.49,276.23,271.40903166719,28184581
2020-10-06,279.29,281.19,274.25,266.565209714249,49704236
2020-10-07,277.83,280.74,277.28,271.176528213448,27539663
2020-10-08,282.32,282.47,280.31,272.619987155425,25443287
2020-10-09,283.09,285.79,282.71,276.785674034954,30201144
2020-10-12,290.6,297.46,289.47,285.330175959942,79370657
2020-10-13,296.34,297.0496,293.11,285.320488316036,64240031
2020-10-14,295.32,296.35,290.26,282.937327915189,37181227
2020-10-15,287.25,290.71,286.54,281.038549709636,42514177
2020-10-16,291.8,293.269,288.15,279.498214328601,40570702
2020-10-19,290.49,291.48,282.79,274.935334048931,36756754
2020-10-20,284.56,287.62,282.95,275.52628032719,32195361
2020-10-21,284.67,287.32,283.69,275.31315216126,29306137
2020-10-22,285.05,285.98,280.82,275.303464517354,32196162
2020-10-23,284.79,284.91,281.7818,275.845972576084,24658542
2020-10-26,282.32,285.3,276.76,271.709348628272,38421094
2020-10-27,281.42,283.505,280.2,273.83094264366,30559123
2020-10-28,278.13,278.6401,271.38,263.155159059378,53413523
2020-10-29,273.04,279.49,272.52,267.756789914672,43246302
2020-10-30,274.375,275.24,267.07,260.965751536649,65935893
2020-11-02,271.73,273.52,266.97,261.547010171002,39987409
2020-11-03,271.86,276.82,270.84,266.071139875049,43604145
2020-11-04,283.56,288.77,281.87,277.94819130366,75728206
2020-11-05,293.41,295.39,292.0,285.19454894526,52054186
2020-11-06,293.58,295.36,289.83,285.407677111189,40959764
2020-11-09,297.31,299.14,288.12,279.575715479848,86537071
2020-11-10,285.26,286.6599,280.62,274.567203580507,69024878
2020-11-11,285.92,290.25,283.38,280.709169816836,36102931
2020-11-12,290.72,292.074,287.25,279.391650245636,34516826
2020-11-13,290.01,291.57,287.8701,281.842624153825,24880582
2020-11-16,290.68,293.51,289.99,284.04171932046,30168361
2020-11-17,293.4,293.74,291.61,283.140768437213,21843463
2020-11-18,291.7,293.37,290.02,281.048237353542,28069619
2020-11-19,289.48,292.7,288.85,283.247332520177,22718422
2020-11-20,292.3,293.065,290.29,281.309803739001,25907308
2020-11-23,291.41,292.75,288.07,281.319491382907,26875588
2020-11-24,291.49,294.98,289.63,285.272050096507,23850175
2020-11-25,295.44,296.94,294.59,287.025513643471,23326826
2020-11-27,298.29,300.17,297.9,289.670240429777,17163115
2020-11-30,299.3,299.97,294.78,290.261186708036,27836232
2020-12-01,301.87,305.14,300.83,293.981241967895,27283110
2020-12-02,302.22,304.195,300.35,294.359060080224,23620003
2020-12-03,304.07,305.88,303.531,294.775628768177,22828727
2020-12-04,304.33,305.67,303.63,295.976896612506,19332081
2020-12-07,305.71,307.63,305.52,297.652859008224,20850969
2020-12-08,306.76,308.6,304.95,298.660373974436,18341464
2020-12-09,308.07,308.36,300.21,291.89839852813,48839306
2020-12-10,299.21,303.68,298.09,293.070603440742,27519544
2020-12-11,300.81,301.98,298.47,292.421531299048,26760416
2020-12-14,303.08,306.05,303.01,294.543125314436,28804832
2020-12-15,306.37,307.29,304.11,297.691609583847,25790455
2020-12-16,307.7,309.785,306.621,299.328821403942,25461890
2020-12-17,310.63,311.24,309.39,301.28572547293,23730524
2020-12-18,311.66,311.98,307.61,300.375086945777,41173392
2020-12-21,306.46,309.47,303.6,299.814492055875,37095480
2020-12-22,309.85,310.7105,306.845,300.629732808584,26378343
2020-12-23,309.81,310.18,308.035,299.115714267839,21201280
2020-12-24,308.47,310.02,308.39,300.435627867463,16784997
2020-12-28,312.25,313.17,310.36,303.463664948954,22090365
2020-12-29,314.05,314.685,312.03,303.735411866524,25871925
2020-12-30,314.16,314.49,312.33,303.74511711358,18138071
2020-12-31,312.87,314.24,311.76,304.492421136897,21611412
2021-01-04,315.11,315.29,305.18,300.192996691061,45305898
2021-01-05,308.29,312.14,308.29,302.667834690357,29323409
2021-01-06,307.0,311.88,305.98,298.475167962138,52809622
2021-01-07,310.28,315.84,310.25,305.695871771849,30394826
2021-01-08,317.34,319.39,315.0814,309.626496829554,33955847
2021-01-11,315.98,317.19,313.75,305.152377936709,32869095
2021-01-12,314.46,315.58,311.2,304.667115583906,28652545
2021-01-13,314.19,316.86,313.57,306.724627959791,22898417
2021-01-14,316.5,317.53,313.8616,305.084441207317,23500129
2021-01-15,314.13,315.12,310.58,302.667834690357,35118718
2021-01-19,314.25,316.93,313.12,307.083722100866,24537049
2021-01-20,320.14,324.74,316.509,314.226783934127,30728096
2021-01-21,325.15,327.13,323.73,316.740442921648,25316935
2021-01-22,325.29,326.46,324.71,315.828149698378,21609444
2021-01-25,328.91,330.32,321.41,318.438861156459,39080644
2021-01-26,328.85,329.76,327.22,318.904713015149,25498112
2021-01-27,326.26,326.27,317.36,310.014706711796,55263985
2021-01-28,320.67,326.42,320.03,311.848998405392,42836324
2021-01-29,319.58,320.7193,312.76,305.288251395494,55259018
2021-02-01,318.11,323.54,316.02,312.916575581559,35646008
2021-02-02,325.48,328.87,325.31,318.021535533048,33119867
2021-02-03,329.82,330.195,326.32,316.75985341576,24824518
2021-02-04,327.82,330.33,326.46,320.5060787794,22350947
2021-02-05,331.22,332.4025,329.53,321.593066449679,22731960
2021-02-08,333.1,333.74,331.41,323.747631296125,20462812
2021-02-09,332.62,334.81,332.61,323.679694566732,17352727
2021-02-10,334.99,335.46,329.5,322.942095790471,27705242
2021-02-11,334.33,335.0,332.12,324.718156001731,22046071
2021-02-12,333.71,336.62,332.63,326.533037201214,20346819
2021-02-16,337.27,338.19,334.34,325.649859719113,27080777
2021-02-17,332.47,335.657,330.17,324.087314943087,31000553
2021-02-18,330.23,333.8661,328.36,322.670348872902,32236240
2021-02-19,333.86,333.99,329.97,321.263088049773,39157677
2021-02-22,326.5,327.8,322.23,312.935986075671,45835313
2021-02-23,317.0,323.2,311.0,312.004282358289,97241936
2021-02-24,318.74,324.45,315.96,314.576172828146,58206272
2021-02-25,321.39,324.03,311.24,303.609243654795,107375054
2021-02-26,315.85,319.11,310.88,304.88063101914,103125301
2021-03-01,319.27,323.94,317.935,314.052089487118,49164518
2021-03-02,324.25,324.33,318.14,309.015066265022,48370034
2021-03-03,317.27,318.24,309.1,300.047417985221,86301073
2021-03-04,308.78,312.04,300.11,295.136562974853,139131582
2021-03-05,306.795,309.609,297.45,299.58156612653,121523726
2021-03-08,308.12,310.06,299.51,291.099180199531,88409781
2021-03-09,307.47,313.73,306.92,302.580487466853,80391114
2021-03-10,316.16,316.47,310.17,301.716720478863,76798065
2021-03-11,315.77,319.86,314.85,308.665677371004,53484804
2021-03-12,313.86,318.2302,311.391,306.16172363054,69315601
2021-03-15,315.79,319.0,314.095,309.432391888433,43123176
2021-03-16,321.09,324.2,319.1,311.130810123244,54925896
2021-03-17,317.45,323.85,315.68,312.411902734644,78258729
2021-03-18,316.87,317.8801,311.57,302.842529137367,82942269
2021-03-19,311.87,314.73,309.6601,303.910106313533,78446204
2021-03-22,315.21,320.74,315.21,309.601923144008,56194755
2021-03-23,319.73,321.09,316.375,308.251222685233,53455411
2021-03-24,318.63,318.67,311.72,303.052483509374,64803729
2021-03-25,309.968,312.885,307.3899,302.527750957045,78729008
2021-03-26,311.11,316.33,309.67,307.065715807748,63519634
2021-03-29,315.45,316.99,312.47,306.97826038236,54607963
2021-03-30,313.89,314.91,311.54,305.433214533833,44635676
2021-03-31,316.16,320.74,315.81,310.107221157363,55032535
2021-04-01,323.07,324.71,322.81,315.39341575861,55685602
2021-04-05,327.13,331.84,324.6375,321.690206386566,42172475
2021-04-06,330.73,332.83,330.02,321.466709188352,33537210
2021-04-07,330.33,332.48,329.37,322.244090747359,32046381
2021-04-08,334.56,335.27,333.7399,325.606265990064,29940799
2021-04-09,333.68,337.32,332.92,327.578871696044,36664892
2021-04-12,336.04,337.1,334.73,327.15131183859,25833013
2021-04-13,338.24,341.08,338.02,330.970198747212,30374033
2021-04-14,340.85,340.98,335.67,326.995835526789,42564337
2021-04-15,339.47,342.01,336.2153,331.951642965458,36342821
2021-04-16,342.15,342.23,340.08,332.340333744962,40860099
2021-04-19,340.39,341.58,336.9016,329.298828395347,34533129
2021-04-20,338.2,339.52,334.3816,326.898662831913,38081818
2021-04-21,335.09,339.48,333.97,329.697236444338,36598082
2021-04-22,338.89,339.9,334.01,325.722873223915,45936143
2021-04-23,335.85,340.767,335.85,329.823560947677,36414916
2021-04-26,339.67,341.92,338.9,331.971077504433,30811968
2021-04-27,341.93,342.15,339.17,330.53292162027,33187183
2021-04-28,339.81,340.85,338.3301,329.415435629198,33615696
2021-04-29,342.37,342.8,336.9001,330.600942506683,37708884
2021-04-30,337.7,340.26,337.05,328.433991410952,38263421
2021-05-03,339.23,340.0,335.73,326.684882903186,29729730
2021-05-04,333.56,333.89,326.21,320.805934863196,65146972
2021-05-05,332.25,333.14,328.23,319.727317950074,46219307
2021-05-06,328.76,331.67,326.45,322.137200782995,46814283
2021-05-07,334.37,336.65,331.6914,324.751146275156,53324460
2021-05-10,332.78,332.96,325.55,316.549770827633,60700462
2021-05-11,319.7,326.1299,319.02,316.112493700691,71963612
2021-05-12,320.23,322.62,316.0,307.930552792143,91164855
2021-05-13,319.92,322.4,316.9,310.311283816602,69877765
2021-05-14,322.6,327.33,322.08,317.161958805351,44370015
2021-05-17,324.63,326.3721,321.45,315.237939446808,39394997
2021-05-18,325.39,326.65,321.94,313.109857429027,36528454
2021-05-19,316.66,322.9,316.3,313.469396400068,66319108
2021-05-20,324.12,329.71,323.89,319.532972560322,46466135
2021-05-21,330.43,330.86,326.64,317.764429513581,50330449
2021-05-24,329.37,333.67,326.9032,323.108927731754,32475771
2021-05-25,334.07,334.81,331.755,323.555922128183,31280314
2021-05-26,333.66,334.61,332.95,324.683125388743,25444932
2021-05-27,333.67,334.54,332.67,323.468466702795,27931747
2021-05-28,334.12,335.5699,333.6,324.488779998991,29927449
2021-06-01,335.3,335.785,331.43,323.410163085869,31145424
2021-06-02,333.25,334.34,331.695,324.041785602562,22047940
2021-06-03,330.55,331.86,328.28,320.66989309037,37057825
2021-06-04,331.85,336.0582,331.78,326.111564003418,38736545
2021-06-07,335.05,336.66,334.34,327.083290952177,32611852
2021-06-08,338.395,339.29,335.03,327.238767263978,27282819
2021-06-09,338.17,338.97,336.651,327.316505419879,21485319
2021-06-10,337.19,340.46,336.73,330.727267010022,33702067
2021-06-11,340.36,341.25,339.69,331.592103994417,21222830
2021-06-14,341.68,344.52,340.46,334.769651116858,27827716
2021-06-15,344.15,344.47,341.52,332.583265482151,35963780
2021-06-16,342.74,343.84,337.45,331.368606796203,54252558
2021-06-17,339.97,346.38,339.92,335.576184484328,59722700
2021-06-18,343.63,344.8082,341.86,332.942804453192,55414862
2021-06-21,342.43,344.69,340.15,335.009463610542,32992649
2021-06-22,344.15,348.03,343.84,338.132301275166,28941626
2021-06-23,347.51,348.92,346.88,338.29768520133,27188454
2021-06-24,349.73,351.46,349.17,340.389305443991,32581605
2021-06-25,350.47,350.72,348.84,339.970981395459,28682801
2021-06-28,350.78,353.85,350.72,344.105579549556,39130305
2021-06-29,353.53,355.0199,352.67,345.350823228907,29426039
2021-06-30,354.83,355.23,353.83,344.806029119191,32723964
2021-07-01,354.07,355.09,352.68,344.94222764662,29289978
2021-07-02,356.52,358.97,356.28,348.901713408308,32727244
2021-07-06,359.26,360.48,356.49,350.409625676273,38842397
2021-07-07,362.45,362.76,358.94,351.148989110888,35265242
2021-07-08,355.74,359.65,354.42,349.028183469492,50890021
2021-07-09,358.17,361.5,357.57,351.207359908357,35184534
2021-07-12,362.45,362.89,360.83,352.579073648893,25717677
2021-07-13,362.03,365.465,361.54,352.579073648893,39723015
2021-07-14,364.83,365.49,362.22,353.211423954814,35336350
2021-07-15,362.98,363.19,358.46,350.730665062356,53391557
2021-07-16,361.4,362.41,357.24,347.889952918835,47261961
2021-07-19,354.05,355.18,352.04,345.039512309069,64404625
2021-07-20,355.63,360.28,353.8,349.047640401982,42183702
2021-07-21,358.35,361.56,358.12,351.742425551829,30259860
2021-07-22,361.77,363.96,361.77,354.067528984368,30252240
2021-07-23,365.31,368.485,363.9157,358.202127138465,31960799
2021-07-26,367.49,368.89,366.601,358.484252659568,28438126
2021-07-27,368.22,368.22,360.16,354.534495364125,57933148
2021-07-28,365.6,367.45,363.24,355.896480638415,42066195
2021-07-29,365.25,367.6794,365.25,356.528830944336,23166574
2021-07-30,362.44,365.17,362.41,354.670693891554,36484649
2021-08-02,366.28,366.88,363.87,354.699879290289,27334097
2021-08-03,365.28,366.93,362.0,356.849870330419,35558511
2021-08-04,366.77,368.32,365.63,357.3654790414,29602236
2021-08-05,368.18,369.91,367.45,359.63221167647,21443925
2021-08-06,368.37,369.37,366.905,358.056200144791,33332107
2021-08-09,368.52,369.27,367.39,358.717735849446,25960245
2021-08-10,369.26,369.56,365.62,356.879055729154,35130796
2021-08-11,368.14,368.65,364.84,356.266162355723,34249812
2021-08-12,365.69,367.9,364.295,357.550319900054,26003877
2021-08-13,367.89,369.16,367.38,358.805292045651,19113595
2021-08-16,367.67,369.02,363.7,358.96094750557,35044107
2021-08-17,366.15,367.15,363.23,355.799195975966,44793902
2021-08-18,365.18,366.62,361.865,352.374775857749,38541940
2021-08-19,360.22,365.68,359.96,354.077257450613,48499368
2021-08-20,365.06,368.14,364.74,357.744889224953,39486034
2021-08-23,368.8,373.935,368.79,363.095545659667,34034744
2021-08-24,373.84,374.99,373.36,364.204590811589,21732913
2021-08-25,374.63,375.39,373.855,364.622914860121,20441880
2021-08-26,373.92,374.62,371.97,362.307539893827,29133325
2021-08-27,373.07,376.56,372.57,365.829244674493,27104749
2021-08-30,376.85,380.76,376.83,369.934657429855,27295665
2021-08-31,380.51,380.579,378.36,369.633074976262,29628175
2021-09-01,381.04,382.71,380.37,370.245968349693,28138311
2021-09-02,381.97,382.31,379.15,370.070855957284,25503535
2021-09-03,379.22,381.98,379.2003,371.209086507941,24624937
2021-09-07,381.68,382.778,380.4882,371.734423685168,23970203
2021-09-08,381.93,381.93,378.45,370.440537674592,32949159
2021-09-09,381.01,382.15,379.22,369.166108596505,29398978
2021-09-10,381.23,381.97,376.245,366.364310317964,40249405
2021-09-13,378.99,379.43,374.22,366.111370195596,48741781
2021-09-14,377.86,378.61,374.28,365.070424307388,41826624
2021-09-15,375.73,378.41,373.37,367.784666389725,34097865
2021-09-16,376.68,378.9,374.695,368.037606512093,35193083
2021-09-17,377.82,377.87,372.76,363.679253634363,60912267
2021-09-20,367.46,369.25,360.93,356.172681523575,76203202
2021-09-21,367.58,368.81,364.99,356.610957997969,41927483
2021-09-22,367.09,371.07,365.9584,359.941859203357,46972920
2021-09-23,370.76,374.04,370.099,363.263020931537,44652002
2021-09-24,370.65,373.76,370.27,363.603902633843,36056800
2021-09-27,370.2,371.2516,367.73,360.701538425639,43338079
2021-09-28,365.67,370.302,359.35,350.494566310881,97701632
2021-09-29,361.17,363.37,358.635,349.919937155565,58076621
2021-09-30,360.97,362.68,357.1,348.634326164012,61384577
2021-10-01,358.6,361.25,354.38,350.796490104352,56375488
2021-10-04,358.52,358.86,350.32,343.433445334545,76766005
2021-10-05,353.71,359.69,353.48,348.069436485905,47232904
2021-10-06,354.08,359.95,353.15,350.299776766706,56806536
2021-10-07,362.8,365.69,362.25,353.51380424559,39411172
2021-10-08,364.08,364.3166,360.61,351.750958870808,41822309
2021-10-11,359.58,363.2,358.3,349.053123683987,34847182
2021-10-12,359.88,360.33,356.48,347.835689032895,43905101
2021-10-13,359.51,360.69,357.43,350.621179514594,40120795
2021-10-14,363.69,366.85,363.01,357.078452903988,43433867
2021-10-15,367.88,369.06,366.82,359.328272139207,40419878
2021-10-18,367.61,372.87,366.99,362.941618183649,34513514
2021-10-19,373.75,375.52,372.6974,365.688150756513,29090963
2021-10-20,375.94,376.565,373.46,365.210916373285,31390338
2021-10-21,374.16,377.47,373.85,367.441256654086,25469277
2021-10-22,375.98,376.97,372.385,364.353842378916,36275822
2021-10-25,375.56,378.87,373.56,368.084062149863,32597804
2021-10-26,380.23,382.71,377.905,369.243059937703,47191279
2021-10-27,379.58,383.15,379.31,370.100133932072,45760496
2021-10-28,381.95,384.48,381.155,374.21019331416,38007005
2021-10-29,381.06,386.28,380.7,376.050954506611,37310116
2021-11-01,386.56,387.56,384.42,377.336565498165,30483910
2021-11-02,386.8,389.54,386.75,378.91436080598,24161597
2021-11-03,389.55,393.61,388.48,382.936764893189,33748901
2021-11-04,394.48,399.2,393.92,387.845461406394,40265313
2021-11-05,400.04,400.99,397.16,388.215561540326,43383802
2021-11-08,398.57,399.62,397.4,387.689629771054,29256270
2021-11-09,399.16,399.57,393.92,385.02101301586,50119363
2021-11-10,392.47,395.36,387.53,379.362376757582,54937385
2021-11-11,392.57,392.75,390.24,380.414240296126,32242983
2021-11-12,391.77,395.25,390.13,384.417165428918,32532903
2021-11-15,395.91,396.24,392.095,384.329510134039,33716861
2021-11-16,393.86,397.93,393.66,387.066303229695,27872940
2021-11-17,397.75,399.7196,396.64,387.270832251078,28703263
2021-11-18,399.73,402.27,397.45,391.283496861079,45721515
2021-11-19,403.43,405.3,402.58,393.465139755836,45191721
2021-11-22,405.57,408.71,399.19,388.897324944938,61715370
2021-11-23,398.11,400.23,392.92,387.124740092947,70098736
2021-11-24,394.93,399.05,392.54,388.371393175666,46954382
2021-11-26,396.11,397.54,389.77,381.008348405859,51533314
2021-11-29,395.89,400.73,395.14,389.277164556078,54447106
2021-11-30,398.78,401.19,391.75,383.560091434549,81332693
2021-12-01,398.28,400.48,386.64,377.034641704694,78379245
2021-12-02,385.8,391.74,384.34,379.751955845932,84416623
2021-12-03,391.31,392.34,378.9,373.148590298407,105349104
2021-12-06,383.63,387.6,379.3,376.13860980149,67588801
2021-12-07,393.03,398.46,392.99,387.465621795253,56005264
2021-12-08,398.17,399.82,396.22,389.199248738408,39204041
2021-12-09,398.35,400.2,393.5299,383.47243613967,49973714
2021-12-10,396.62,398.28,393.36,387.64093238501,52545767
2021-12-13,398.0,398.325,391.88,382.040732989985,50166410
2021-12-14,387.3,390.09,383.63,378.086505243238,75199181
2021-12-15,387.94,397.4198,383.88,386.705942572971,73858028
2021-12-16,398.04,398.475,385.21,376.761936342849,82591368
2021-12-17,383.33,389.19,381.77,374.882217241563,81642848
2021-12-20,379.565,381.5,377.47,371.250765508989,65336827
2021-12-21,384.05,389.53,380.201,379.559511528419,48899477
2021-12-22,388.91,394.16,388.23,384.181982905425,37042200
2021-12-23,394.31,398.425,394.14,387.078341553043,29595536
2021-12-27,398.25,403.48,398.2194,393.475685906031,32820705
2021-12-28,404.4,404.58,400.71,391.652052683457,33113728
2021-12-29,401.75,403.05,399.11,391.593540387545,32248484
2021-12-30,401.33,403.5699,399.75,390.423294469316,23850065
2021-12-31,399.66,401.0589,397.34,387.985282139671,33188225
2022-01-03,399.05,401.94,396.88,391.720317028687,40575854
2022-01-04,402.24,402.28,393.288,386.639499333707,58027206
2022-01-05,394.74,395.89,384.03,374.761503263678,75739847
2022-01-06,382.42,387.35,380.13,374.498197932076,70814324
2022-01-07,384.03,385.76,378.04,370.441345415547,72652304
2022-01-10,374.82,380.64,369.31,370.685146648512,91770497
2022-01-11,379.355,385.9899,377.2182,376.25356680942,67817036
2022-01-12,388.46,390.2,385.01,377.745630355163,54576366
2022-01-13,388.77,389.47,376.7,368.29589456546,77993962
2022-01-14,375.07,380.35,374.86,370.587626155326,80121210
2022-01-18,374.04,376.22,369.7704,361.36218749995,74312547
2022-01-19,372.15,374.69,366.21,357.393103427288,80204864
2022-01-20,369.79,373.87,361.17,352.751127951645,88610680
2022-01-21,359.47,362.18,351.4,342.96982248511,143388920
2022-01-24,345.905,353.98,334.15,344.539902425401,199448109
2022-01-25,346.67,351.0295,341.68,336.552974033485,124398394
2022-01-26,352.91,356.88,340.78,336.026363370281,146559524
2022-01-27,349.4,351.27,340.05,332.642402256734,95255656
2022-01-28,343.03,352.02,337.95,343.077095027614,108167897
2022-01-31,353.2,363.65,351.52,354.048150511016,94326389
2022-02-01,364.43,366.19,359.14,356.456906692705,74433023
2022-02-02,369.76,370.1,364.285,359.353265340323,78777135
2022-02-03,358.53,361.93,352.46,344.783703658366,95384771
2022-02-04,354.08,361.4,351.97,349.133117654452,86318301
2022-02-07,358.62,361.05,353.84,346.324527450701,58198087
2022-02-08,353.96,360.24,352.8,350.215595128814,64720897
2022-02-09,363.76,366.81,362.12,357.636904660253,55766422
2022-02-10,359.52,366.4885,356.54,349.542703725832,112468483
2022-02-11,358.43,360.07,345.8,338.454623650608,101569102
2022-02-14,346.49,350.98,343.89,338.873961771307,80254439
2022-02-15,352.91,356.37,351.82,347.299732382559,55390805
2022-02-16,353.82,357.0896,350.71,347.211963938692,58947086
2022-02-17,352.74,353.46,345.02,336.884543710316,61801353
2022-02-18,346.41,346.81,339.14,333.042236278796,80001513
2022-02-22,338.49,344.04,334.35,329.697283362524,84137644
2022-02-23,341.32,342.183,329.1,321.252008652634,86215371
2022-02-24,318.84,341.04,318.26,332.047527248301,130614053
2022-02-25,341.31,345.98,337.39,337.196609288511,78842088
2022-02-28,342.51,348.54,341.32,338.201070368325,77515544
2022-03-01,345.75,348.078,338.9,333.022732180159,67407000
2022-03-02,343.08,348.59,340.24,338.610656439705,70609015
2022-03-03,349.93,350.04,340.35,333.77363997769,71089385
2022-03-04,339.84,341.31,334.92,328.936623515674,77009763
2022-03-07,337.29,338.48,324.65,316.805074163362,89933794
2022-03-08,324.05,333.21,319.94,315.332514716257,116153921
2022-03-09,331.75,336.38,329.09,326.683900123083,64723366
2022-03-10,330.82,332.51,326.71,323.056137776571,69362714
2022-03-11,334.32,334.64,323.9,316.356479894707,66228432
2022-03-14,323.13,326.59,317.45,310.280953169233,79802606
2022-03-15,320.88,328.95,319.23,320.013498389174,76470991
2022-03-16,332.17,340.44,328.401,331.881742409885,105242954
2022-03-17,338.37,344.5,337.0406,335.89958672914,67809951
2022-03-18,342.74,351.79,341.55,342.774781498738,83047415
2022-03-21,350.2,352.48,345.575,341.822679171716,72751026
2022-03-22,350.59,357.85,350.2,348.540400928747,62230899
2022-03-23,354.01,357.66,351.77,343.531402002356,70615457
2022-03-24,353.8,359.7,351.5939,351.166952022702,53555251
2022-03-25,359.59,360.67,354.9438,350.874028108878,57227368
2022-03-28,359.34,365.01,358.07,356.302884645084,56833866
2022-03-29,368.9,371.83,366.06,362.434758574467,68072955
2022-03-30,369.275,370.98,365.57,358.431465085538,68757710
2022-03-31,367.24,367.6,361.68,353.988785725874,67011405
2022-04-01,362.81,363.61,358.59,353.315060724079,54527761
2022-04-04,362.71,369.31,362.44,360.589337917375,45950171
2022-04-05,367.81,368.54,359.93,352.582750939519,61230958
2022-04-06,355.65,356.78,350.56,344.927672658251,90077072
2022-04-07,352.24,356.35,348.69,345.747859616958,63777373
2022-04-08,352.32,353.09,348.5,340.914615038862,61956094
2022-04-11,344.81,345.75,340.535,332.84944327824,66107401
2022-04-12,345.76,347.69,338.035,331.443408491885,72790215
2022-04-13,339.8,347.43,339.06,338.180658509837,61367755
2022-04-14,346.44,346.97,338.21,330.447467184883,73519367
2022-04-18,337.35,341.04,335.791,330.701334576864,58560555
2022-04-19,338.03,346.85,336.98,338.09278133569,56515684
2022-04-20,347.09,347.56,339.96,333.161895452986,64336557
2022-04-21,345.19,347.87,333.2,326.26841934766,75801008
2022-04-22,334.31,335.56,324.96,317.72480519446,82562145
2022-04-25,323.73,329.9,322.43,321.806211727074,101755856
2022-04-26,327.47,327.66,316.855,309.659633433838,100712246
2022-04-27,317.24,322.88,315.0,309.288596476328,111204164
2022-04-28,321.85,329.89,317.52,320.273243244729,99449957
2022-04-29,323.7,327.225,312.6,305.861386684587,91977859
2022-05-02,312.83,318.72,309.645,310.968026915585,115511770
2022-05-03,318.5,321.17,315.98,311.300007351253,78185527
2022-05-04,319.31,330.29,313.891,321.825739987996,114790439
2022-05-05,325.17,325.25,309.62,305.617283423067,154607447
2022-05-06,310.95,315.09,305.105,301.955734500266,139572805
2022-05-09,303.48,309.3487,295.72,290.141136642697,113387342
2022-05-10,304.51,305.76,296.57,293.665987739046,124124550
2022-05-11,298.44,304.09,290.95,284.956383368012,140326148
2022-05-12,287.45,295.75,284.94,284.282658366217,120910850
2022-05-13,295.72,302.999,294.0825,294.818155133421,83684931
2022-05-16,300.15,302.26,297.13,291.40070947214,59190432
2022-05-17,304.45,306.56,300.55,298.94838231834,62715293
2022-05-18,301.54,302.25,289.85,284.272894235756,79477109
2022-05-19,289.29,294.39,287.58,282.749689883871,79920709
2022-05-20,293.13,293.8,280.21,281.870918142399,91764174
2022-05-23,289.75,293.87,287.29,286.557700763583,63648400
2022-05-24,288.125,288.86,282.25,280.464883356044,73491124
2022-05-25,285.71,293.39,285.5,284.390063801285,67144548
2022-05-26,290.44,300.92,290.15,292.269717083152,59462231
2022-05-27,302.54,309.25,302.42,301.809272543354,66985596
2022-05-31,309.07,311.33,304.33,301.008613845568,60968330
2022-06-01,310.47,312.65,303.73,298.782392100506,65341653
2022-06-02,304.85,314.56,303.4001,306.964733426657,59291333
2022-06-03,309.03,310.47,304.92,298.977674709722,60914684
2022-06-06,310.75,312.35,305.62,299.973616016724,51785013
2022-06-07,303.81,310.67,302.6886,302.561110588836,44900292
2022-06-08,309.05,311.72,306.77,300.383709496077,38342062
2022-06-09,305.91,309.05,299.23,292.338065996377,55900475
2022-06-10,293.65,294.87,288.384,282.027144229772,85963456
2022-06-13,279.75,282.34,274.53,268.913917020916,94442009
2022-06-14,277.66,278.66,273.3375,269.402123543956,64697521
2022-06-15,279.415,286.83,276.61,276.129609431448,86051428
2022-06-16,275.59,276.06,269.28,264.988736575674,81910297
2022-06-17,272.18,277.19,270.5119,268.210899627738,82703402
2022-06-21,278.75,283.45,278.64,274.965139232693,51633741
2022-06-22,278.52,285.18,277.91,274.564058732176,67472924
2022-06-23,283.21,285.72,280.31,278.653123347206,57457796
2022-06-24,287.74,295.04,287.5001,288.200795749764,58422262
2022-06-27,296.0,296.5799,291.29,286.087786283624,54151452
2022-06-28,293.0,295.65,283.35,277.371622235797,61867060
2022-06-29,283.4,285.34,280.84,277.625965967832,57302726
2022-06-30,280.75,283.9441,275.78,274.182543134122,79313580
2022-07-01,278.95,282.53,277.03,275.992296612066,56675107
2022-07-05,278.31,287.08,276.7501,280.717220557185,61829272
2022-07-06,287.35,290.95,285.59,282.517191583897,63194715
2022-07-07,289.63,295.7,289.63,288.562746445353,56620114
2022-07-08,292.08,296.75,291.12,288.924697140941,59895478
2022-07-11,292.88,293.11,288.14,282.751970413468,55273920
2022-07-12,290.32,292.28,284.61,280.012884068472,55797088
2022-07-13,280.6,288.05,280.02,279.435719445776,73939418
2022-07-14,282.99,287.56,279.8,280.433529471453,63741837
2022-07-15,289.73,291.98,288.08,285.52040411216,63818149
2022-07-18,294.72,296.16,288.2,283.104138657824,59519581
2022-07-19,293.11,298.6,291.47,291.81052025442,55172640
2022-07-20,298.73,304.24,297.9329,296.437619687217,67769430
2022-07-21,303.5,307.435,300.78,300.692985973193,55049363
2022-07-22,306.43,308.55,300.115,295.420244759075,57127715
2022-07-25,302.02,302.5,298.22,293.737663147149,40582381
2022-07-26,298.53,298.79,293.54,287.966016920193,50074122
2022-07-27,299.04,308.54,298.46,300.135386252962,69304364
2022-07-28,306.59,310.3965,302.745,303.070121622601,55139941
2022-07-29,311.385,316.39,309.931,308.597206568754,57501043
2022-08-01,313.65,318.81,312.53,308.411339995343,46358833
2022-08-02,312.92,318.545,311.8401,307.491789579523,48676501
2022-08-03,316.05,323.7291,315.99,315.865567834226,53735729
2022-08-04,322.97,324.72,320.77,317.342717970277,38973659
2022-08-05,319.19,323.83,318.39,314.750368393763,53893972
2022-08-08,322.69,326.47,319.21,313.732993465622,44066297
2022-08-09,318.77,319.03,315.42,310.181963668359,39764220
2022-08-10,324.59,326.23,322.0601,318.839433008793,51459564
2022-08-11,328.305,330.36,323.36,317.029679530849,45897650
2022-08-12,326.175,330.585,325.1001,323.202406258323,40928379
2022-08-15,329.42,333.5652,329.4,325.814320737301,38266614
2022-08-16,332.055,334.4209,329.16,325.051289541195,41186864
2022-08-17,329.07,331.43,326.36,321.343740524218,47842155
2022-08-18,328.44,330.49,326.79,322.116554171556,41937172
2022-08-19,326.17,326.84,322.08,315.836220480529,51770570
2022-08-22,318.5,318.74,313.53,307.521136933219,51098890
2022-08-23,314.12,317.0,313.33,307.266793201184,39497074
2022-08-24,313.61,316.87,312.99,308.156996263308,38057059
2022-08-25,316.83,320.6,315.7577,313.605821599604,38098255
2022-08-26,320.28,321.51,307.35,300.751680680586,69047740
2022-08-29,304.62,307.22,303.28,297.787597957251,47629824
2022-08-30,306.1,306.73,298.44,294.471346989559,51184500
2022-08-31,303.99,304.91,299.16,292.759418023936,50044041
2022-09-01,296.72,299.78,292.95,292.886589889954,57990745
2022-09-02,302.34,303.75,293.52,288.748613018763,64666839
2022-09-06,295.66,296.6,290.87,286.674733357552,55980010
2022-09-07,293.54,299.99,293.27,292.465944486972,49260381
2022-09-08,296.85,301.87,295.45,293.982224427952,55649821
2022-09-09,302.83,307.6,300.5209,300.409294887461,56125215
2022-09-12,308.5,311.08,308.18,303.979889587189,45905737
2022-09-13,301.8,303.02,292.785,287.31059268764,79562172
2022-09-14,294.865,296.93,293.06,289.589903824726,54907198
2022-09-15,294.07,296.53,289.46,284.767155367286,65299411
2022-09-16,287.72,289.72,285.62,283.025879047967,79920391
2022-09-19,286.1,291.21,286.04,285.225521902219,52613831
2022-09-20,288.49,291.07,286.38,282.95194962662,51271117
2022-09-21,289.59,293.95,283.42,277.885411409013,82930963
2022-09-22,282.0,283.03,278.815,274.465253115116,61442267
2022-09-23,277.55,277.85,272.02,269.996507607904,74815189
2022-09-26,275.03,279.49,273.56,268.879321231101,71176694
2022-09-27,277.81,280.21,272.11,268.987119916582,69780115
2022-09-28,274.46,281.25,272.945,274.337854668638,79652140
2022-09-29,275.86,276.25,268.84,266.429351106533,81215957
2022-09-30,271.03,275.19,267.1,261.911606196829,78482378
2022-10-03,269.07,275.16,267.53,268.056131269246,61267449
2022-10-04,278.99,282.85,278.99,276.48402849776,66696931
2022-10-05,278.28,283.81,275.42,276.337030290286,55766318
2022-10-06,280.96,284.18,279.43,274.16145681967,53489411
2022-10-07,275.02,275.15,267.74,263.714784208511,71354674
2022-10-10,269.3,269.7,263.64,261.078616354476,60392990
2022-10-11,264.7,267.63,261.03,257.491860092108,66522509
2022-10-12,263.4,265.36,261.95,257.403661167624,50580179
2022-10-13,255.16,270.17,254.26,263.440387554559,112894068
2022-10-14,271.2,271.81,260.14,255.522084111955,77244302
2022-10-17,266.84,270.24,266.74,263.959781220968,64576452
2022-10-18,276.53,277.21,268.74,266.0471557671,69780995
2022-10-19,269.93,273.68,268.07,265.076967597771,53115405
2022-10-20,269.58,274.84,267.92,263.724584089009,60605496
2022-10-21,267.98,275.969,266.8236,269.908308683419,77897694
2022-10-24,275.69,279.4,271.97,272.877672474396,63963569
2022-10-25,279.41,284.6,277.9,278.522403641401,59014494
2022-10-26,278.46,283.98,277.43,272.368078688486,63898246
2022-10-27,276.79,278.2795,272.34,267.40933915636,57760302
2022-10-28,272.23,281.698,272.06,275.592239372417,62651312
2022-10-31,278.92,279.76,275.99,272.387678449482,47741952
2022-11-01,281.495,282.07,274.74,269.604512387973,45895897
2022-11-02,275.08,278.21,265.61,260.363225078102,79803142
2022-11-03,263.01,264.5,260.1,255.277087099499,70038903
2022-11-04,265.53,266.61,259.08,259.383237028275,78313213
2022-11-07,265.75,268.14,263.57,262.235002253272,47333828
2022-11-08,269.14,272.85,265.52,264.145978950435,63213785
2022-11-09,267.76,268.56,263.03,258.05045328051,64862129
2022-11-10,276.01,283.05,273.85,277.091621088653,99256693
2022-11-11,282.56,288.64,281.19,282.197358828253,66961751
2022-11-14,285.86,289.215,284.44,279.727788942688,55080048
2022-11-15,292.21,293.26,285.97,283.598741739506,73985372
2022-11-16,287.39,289.4838,284.6,279.727788942688,48859804
2022-11-17,280.88,286.3189,280.72,279.110396471297,55462076
2022-11-18,287.89,287.99,282.3211,279.120196351795,53588631
2022-11-21,283.4,284.58,281.04,276.248831365802,40083527
2022-11-22,282.64,286.11,280.46,280.2275828481,41873444
2022-11-23,285.97,289.46,285.79,283.040148551104,46389967
2022-11-25,287.19,287.91,286.42,281.178171256433,15498797
2022-11-28,284.9,286.96,281.76,277.05242156666,38877045
2022-11-29,282.94,283.35,279.17,274.95524714003,35618878
2022-11-30,280.84,293.47,279.97,287.48929429732,74718088
2022-12-01,293.69,295.75,290.88,287.842089995258,51547332
2022-12-02,288.54,293.45,288.36,286.69550397696,53583172
2022-12-05,290.38,291.68,286.15,281.883762652308,41482121
2022-12-06,287.48,287.62,280.255,276.043033875338,53937605
2022-12-07,280.47,282.57,278.7801,274.916047618036,45614254
2022-12-08,281.91,284.84,279.79,278.169607943463,42594913
2022-12-09,282.81,285.64,281.59,276.395829573276,47860487
2022-12-12,282.22,285.64,281.16,279.864987269664,35732518
2022-12-13,296.65,296.875,285.91,282.873550582634,80667675
2022-12-14,288.05,291.41,283.19,280.776376156003,64984432
2022-12-15,282.33,283.01,275.67,271.348891116665,60554119
2022-12-16,276.2,277.77,272.61,268.761722665121,68300351
2022-12-19,273.87,273.96,268.49,264.994070408636,44167920
2022-12-20,268.56,271.32,266.95,264.787772893211,51064199
2022-12-21,270.6,274.78,269.74,268.628836156595,46394694
2022-12-22,270.38,270.5149,262.455,262.056786736637,60278377
2022-12-23,265.47,268.04,263.53,262.646208209279,39373584
2022-12-27,266.74,266.85,263.03,258.932852931634,38009005
2022-12-28,263.17,265.47,259.73,255.514208390311,47139043
2022-12-29,262.96,267.405,262.25,261.742428617894,45893567
2022-12-30,263.62,266.41,262.29,261.585249558523,37858277
2023-01-03,268.65,270.155,262.13,259.816985140597,42335325
2023-01-04,266.64,267.45,262.53,261.054770233145,47754861
2023-01-05,264.04,264.21,261.26,256.968114689494,45396744
2023-01-06,263.35,269.94,260.34,264.06081974362,54659739
2023-01-09,270.83,275.29,269.92,265.770142014281,45568676
2023-01-10,269.49,272.94,268.97,268.019767301532,35247763
2023-01-11,273.92,277.66,273.12,272.656549552982,44077036
2023-01-12,278.12,280.1,273.74,274.130103234587,60599953
2023-01-13,276.5,281.219,276.16,276.016251947042,44802936
2023-01-17,280.77,282.85,279.581,276.576202346052,36269738
2023-01-18,283.11,284.69,277.67,272.980731362935,47754549
2023-01-19,276.22,277.375,273.89,270.298863662414,44150436
2023-01-20,276.79,283.02,275.71,277.696103144071,60613606
2023-01-23,283.54,290.21,282.73,283.865381224391,52799905
2023-01-24,287.31,289.55,286.78,283.28578344296,44875146
2023-01-25,283.77,288.36,281.18,282.657067205475,50872022
2023-01-26,291.22,293.52,288.519,288.168157974678,51596335
2023-01-27,292.0,298.26,291.88,291.036675808202,56441939
2023-01-30,292.93,294.38,289.89,285.152284772993,49405833
2023-01-31,290.31,294.72,290.2,289.425590449647,46705106
2023-02-01,294.41,303.43,292.3,295.614515912388,67562173
2023-02-02,307.57,313.68,306.73,306.224102419945,83070628
2023-02-03,304.94,312.39,304.54,300.781777489217,76170804
2023-02-06,303.51,305.91,302.22,298.237441465645,40802348
2023-02-07,303.46,311.03,302.32,304.416543237176,67583981
2023-02-08,308.54,309.5,303.67,299.00368938008,56720860
2023-02-09,308.84,308.99,300.2,296.361116444402,49137818
2023-02-10,299.48,301.57,297.25,294.416025584683,50050104
2023-02-13,301.13,305.1,299.93,299.131397365819,39636720
2023-02-14,302.89,307.72,300.91,301.341727888227,64079057
2023-02-15,304.9,309.27,304.2,303.650295322741,43427298
2023-02-16,304.38,308.43,303.15,297.952554420535,59498630
2023-02-17,301.07,301.93,298.1,295.850284501445,58230729
2023-02-21,297.26,298.73,293.89,288.845992668216,46526708
2023-02-22,294.62,296.3599,292.56,289.062113874851,51389237
2023-02-23,297.97,298.13,292.55,291.586802516001,69294443
2023-02-24,291.76,292.97,290.05,286.704427984283,74331958
2023-02-27,295.07,296.49,293.34,288.75757944732,48995009
2023-02-28,293.3,296.124,292.96,288.384279181313,48243141
2023-03-01,293.26,293.93,290.2,286.065888055588,58286972
2023-03-02,288.66,294.43,288.37,288.433397637367,53738557
2023-03-03,295.39,299.92,294.87,294.396378202262,60511540
2023-03-06,300.94,304.0,299.82,294.730383703425,56736294
2023-03-07,300.07,301.01,295.72,291.115265337888,65955756
2023-03-08,296.77,298.43,294.88,292.569171637071,50876265
2023-03-09,298.33,300.98,291.8299,287.50014697235,71456691
2023-03-10,292.83,294.35,287.38,283.462609884752,98593561
2023-03-13,286.73,294.47,285.19,285.564879803842,97123603
2023-03-14,294.31,297.93,293.45,292.12710553259,73602545
2023-03-15,294.71,299.27,293.24,293.659601361459,83631535
2023-03-16,298.0,307.18,297.19,301.400670035491,98556824
2023-03-17,306.72,309.15,303.37,299.976234809939,89923732
2023-03-20,304.26,306.3,302.01,301.039384143835,56359491
2023-03-21,307.94,310.8,306.395,305.338962889165,49757048
2023-03-22,310.27,315.25,305.95,301.186966938297,75791914
2023-03-23,309.92,314.15,307.01,304.75847056428,74575981
2023-03-24,309.32,310.99,306.95,305.880099802192,57245803
2023-03-27,311.6,312.7,307.89,303.78442412083,50287407
2023-03-28,308.17,308.2,304.774,302.170852234711,48585917
2023-03-29,310.88,313.35,310.05,307.68060989463,53274266
2023-03-30,315.24,316.32,312.8088,310.592910372016,58354808
2023-03-31,315.91,321.17,315.6,315.758308178191,62138097
2023-04-03,318.77,320.42,317.4201,314.990877646987,47126839
2023-04-04,320.6,321.63,317.8251,313.92828152686,45875384
2023-04-05,318.1,319.06,314.07,310.829042843156,62795706
2023-04-06,314.24,318.55,312.82,312.924718524518,46916496
2023-04-10,315.07,317.92,313.25,312.747619171163,45134736
2023-04-11,317.83,317.89,315.31,310.740493166478,40113594
2023-04-12,317.82,318.42,312.565,307.995453189483,62813305
2023-04-13,314.83,319.65,313.63,314.026670056502,54613792
2023-04-14,317.59,320.36,315.61,313.436338878653,56278284
2023-04-17,318.15,319.1999,316.04,313.701987908685,42546361
2023-04-18,320.99,321.42,317.64,313.721665614613,46746940
2023-04-19,316.41,319.79,316.28,313.574082820151,38960127
2023-04-20,315.69,319.27,314.97,311.183241549865,62462142
2023-04-21,315.91,317.4,314.1,311.507923697681,59002285
2023-04-24,316.38,317.7391,313.74,310.858559402048,44043063
2023-04-25,314.29,314.97,309.89,304.99460303542,57121644
2023-04-26,313.44,314.935,311.34,306.844307392678,53431194
2023-04-27,315.7,320.86,315.05,315.18765470627,65430392
2023-04-28,320.11,322.65,318.96,317.362041211346,59712635
2023-05-01,322.09,323.63,321.09,316.998003651672,41013386
2023-05-02,322.12,322.45,317.61,314.233285968749,56519407
2023-05-03,319.75,322.47,317.18,312.176965699243,59882070
2023-05-04,317.06,318.23,315.115,311.075014167259,50224520
2023-05-05,318.47,323.76,316.2116,317.686723359162,51806098
2023-05-08,322.42,324.04,321.315,318.473831596294,36465796
2023-05-09,322.0,322.88,321.32,316.456866738645,31768800
2023-05-10,324.12,326.01,321.6,319.900465276094,60446623
2023-05-11,325.7,326.75,324.12,320.943383690293,44278548
2023-05-12,326.74,327.17,322.94,319.792237893488,48432836
2023-05-15,325.51,327.03,323.96,321.523876015177,33375559
2023-05-16,326.06,328.9025,326.02,321.887913574851,40019151
2023-05-17,328.24,331.71,327.04,325.784099348651,47486124
2023-05-18,331.52,337.49,331.5,331.834993921598,64213466
2023-05-19,337.49,338.205,335.43,331.087241096323,61554926
2023-05-22,336.25,338.67,336.24,332.199031481271,43015948
2023-05-23,335.89,337.06,333.0,327.988002412618,48216663
2023-05-24,331.37,332.905,329.56,326.30555855575,62891169
2023-05-25,339.14,341.01,336.665,334.245512897812,66862773
2023-05-26,340.76,349.245,340.66,342.785637270687,63006952
2023-05-30,352.71,353.93,348.53,344.340176039021,72652156
2023-05-31,348.37,350.6,346.51,342.382244299157,64205020
2023-06-01,347.73,353.36,346.66,346.337463190742,50488601
2023-06-02,353.8,355.83,352.01,348.934920373275,53372113
2023-06-05,354.43,357.495,353.85,349.180891697379,47266228
2023-06-06,354.28,355.82,352.93,349.121858579594,41390400
2023-06-07,355.13,357.12,348.18,343.198869095181,69225936
2023-06-08,349.12,353.62,348.89,347.459092428654,47153922
2023-06-09,354.63,357.66,353.03,348.787337578813,53196927
2023-06-12,356.19,360.59,355.2,354.680810504334,44817646
2023-06-13,363.29,364.11,360.03,357.406172775401,57097804
2023-06-14,363.27,366.19,360.42,360.003629957934,69525642
2023-06-15,364.61,371.77,363.98,364.2933698503,71138823
2023-06-16,372.72,372.85,367.48,362.000917109655,80931971
2023-06-20,365.95,368.32,363.8899,361.483344249476,49204722
2023-06-21,365.74,366.18,360.96,356.557160762839,53378256
2023-06-22,360.63,366.33,360.22,360.764121460427,47603043
2023-06-23,362.21,364.88,360.8227,357.187712249128,48922911
2023-06-26,362.0,364.84,357.59,352.399461900116,52685478
2023-06-27,359.25,364.57,358.51,358.458667588681,49428091
2023-06-28,361.98,366.52,361.9038,359.158185643783,46498031
2023-06-29,364.24,364.89,362.14,358.438962854734,46150967
2023-06-30,367.55,370.49,367.23,363.966140726742,58712501
2023-07-03,370.07,370.93,368.97,364.823296653417,19432862
2023-07-05,368.695,372.01,368.66,364.813444286443,34460883
2023-07-06,366.51,367.91,364.52,362.03507679998,49374728
2023-07-07,367.23,370.48,366.01,360.83308802924,47133749
2023-07-10,365.96,367.05,363.41,360.95131643292,48498800
2023-07-11,366.79,368.632,364.62,362.734594855082,38214146
2023-07-12,372.34,374.19,370.3,367.315945497655,61703696
2023-07-13,376.05,379.99,375.46,373.552493791739,46960012
2023-07-14,379.585,382.86,378.18,373.473674855953,55148500
2023-07-17,379.8,383.5,379.31,376.961412764492,40868915
2023-07-18,381.96,387.13,380.0,380.045203627127,55343438
2023-07-19,386.82,387.98,384.3,379.956532324368,54092958
2023-07-20,382.61,384.095,375.72,371.197778085126,71941674
2023-07-21,379.18,379.92,375.191,370.084460617146,60499643
2023-07-24,376.62,377.58,374.34,370.675602635542,40380056
2023-07-25,376.95,380.47,376.93,373.187956213728,38894384
2023-07-26,377.72,379.24,375.18,371.946557975095,47075710
2023-07-27,383.07,384.71,375.31,371.0598449475,63940225
2023-07-28,380.74,384.52,380.22,377.818568691167,56902926
2023-07-31,383.79,384.88,382.34,378.015616030633,44019905
2023-08-01,382.31,383.56,380.69,377.138755370011,41308457
2023-08-02,379.26,379.26,373.13,368.86276711246,72687107
2023-08-03,371.94,375.95,371.77,368.271625094063,47855381
2023-08-04,375.75,378.1,371.53,366.54746087374,61702759
2023-08-07,373.88,375.29,371.51,369.650956470322,37230444
2023-08-08,372.64,372.66,368.82,366.508051405847,44726453
2023-08-09,372.29,372.45,367.14,362.478433313777,51150900
2023-08-10,370.97,374.36,367.035,363.14839426796,72035265
2023-08-11,365.99,368.0,364.69,360.83308802924,48707187
2023-08-14,365.43,370.47,364.7,364.882410855256,42130802
2023-08-15,369.36,370.169,365.74,361.010430634759,45539891
2023-08-16,365.87,367.43,362.44,357.187712249128,53190525
2023-08-17,363.96,364.31,358.16,353.286174927711,62604338
2023-08-18,355.26,359.41,354.71,352.842818413914,61191389
2023-08-21,359.62,364.59,359.15,358.527634157494,50696518
2023-08-22,366.55,366.56,362.68,358.015311074883,44613509
2023-08-23,364.58,370.22,364.36,363.66071735057,51770603
2023-08-24,372.64,372.74,361.01,355.887199808656,66842491
2023-08-25,362.07,365.74,358.58,358.645862561173,69960465
2023-08-28,366.99,367.71,364.25,361.345411111851,40910019
2023-08-29,366.56,375.13,366.231,369.237157057444,58492371
2023-08-30,374.88,377.4467,373.86,371.296301754859,41731511
2023-08-31,376.94,379.719,376.87,372.409619222839,35730701
2023-09-01,380.4,380.83,376.0801,372.015524543908,39801177
2023-09-05,376.77,379.3093,375.83,372.488438158625,32344222
2023-09-06,377.28,377.63,372.7,369.207599956524,42998735
2023-09-07,370.21,372.85,369.15,366.567165607687,52060716
2023-09-08,372.01,374.85,371.6,367.079488690297,35847359
2023-09-11,375.66,377.49,373.66,371.404677791565,39936634
2023-09-12,375.27,376.9517,372.5,367.286388396736,41391024
2023-09-13,373.03,375.84,371.88,368.685424506941,46300677
2023-09-14,375.99,378.27,373.89,371.700248800763,48039388
2023-09-15,375.91,376.32,369.86,365.335619736027,69811206
2023-09-18,369.32,371.79,369.03,365.718729025783,36903545
2023-09-19,369.32,370.6826,366.8,364.939260521142,37621734
2023-09-20,370.95,371.31,364.46,359.680314787295,45514189
2023-09-21,360.8,361.6,357.69,353.089365912606,69734845
2023-09-22,359.63,361.8,357.59,353.138699362267,51589689
2023-09-25,356.93,359.7,355.93,354.816036650736,39167985
2023-09-26,356.99,357.54,353.2101,349.488024087365,53657748
2023-09-27,355.38,356.98,351.36,350.306959351735,56065972
2023-09-28,354.11,360.17,353.24,353.237366261589,56453312
2023-09-29,361.54,362.95,357.02,353.493900199825,64829616
2023-10-02,358.54,362.68,357.92,356.444040489544,51625054
2023-10-03,358.78,361.01,353.275,350.188559072549,60478489
2023-10-04,355.77,360.61,355.3,354.954170309786,54786686
2023-10-05,359.74,360.15,355.14,353.908301176976,45897390
2023-10-06,355.65,365.91,354.85,359.83818182621,75049119
2023-10-09,362.3,367.11,360.78,361.673386153594,45304766
2023-10-10,366.9,371.28,366.39,363.676324209824,46968806
2023-10-11,369.94,371.412,368.19,366.271263661984,38215088
2023-10-12,371.73,373.74,367.5,364.998460660735,49587942
2023-10-13,370.57,371.16,363.86,360.410449842276,52519876
2023-10-16,366.62,370.48,366.47,364.485392784262,44201059
2023-10-17,365.81,369.92,363.66,363.291523302469,50999102
2023-10-18,365.67,367.91,362.02,358.525912065232,54280490
2023-10-19,364.81,366.02,359.16,355.171237488294,72274238
2023-10-20,359.46,360.04,354.37,349.872824994719,72559723
2023-10-23,353.26,359.26,351.1199,350.928560817461,60665185
2023-10-24,357.51,359.91,355.79,354.342435533992,47082078
2023-10-25,356.7,356.88,349.75,345.669615083615,71190536
2023-10-26,349.12,350.07,342.35,339.078666208926,78621425
2023-10-27,346.43,348.84,344.08,340.706670047734,63476707
2023-10-30,347.83,350.54,346.45,344.544812431348,55298536
2023-10-31,349.23,351.25,346.62,346.19254965002,47671906
2023-11-01,351.72,357.5298,351.62,352.201363818711,58992666
2023-11-02,361.54,363.68,360.3,358.594978894757,58162442
2023-11-03,364.75,369.02,364.52,362.808055495793,53280457
2023-11-06,368.49,369.78,366.91,364.288058985618,38848743
2023-11-07,370.27,373.58,369.045,367.731533771945,50777398
2023-11-08,373.08,373.79,370.62,367.968334330317,35663373
2023-11-09,373.64,374.8,369.57,365.136594319785,53859421
2023-11-10,371.82,378.54,371.28,373.34568034335,58368439
2023-11-13,376.79,378.28,375.24,372.181410931354,40733505
2023-11-14,383.71,386.26,383.18,380.193163156275,67792634
2023-11-15,387.25,387.75,384.235,380.479297164308,54141385
2023-11-16,384.84,386.19,383.56,380.80489793207,45343544
2023-11-17,385.21,387.07,384.29,380.893698141459,46622745
2023-11-20,386.05,391.41,386.05,385.531042409579,44536669
2023-11-21,389.01,389.23,386.7,383.291303794976,43336989
2023-11-22,390.57,393.07,389.04,384.860107494191,44178572
2023-11-24,389.65,390.25,388.5,384.317439547922,15718832
2023-11-27,389.01,391.1499,388.28,383.981972090228,34139656
2023-11-28,388.41,390.78,388.05,384.988374463309,35491123
2023-11-29,392.69,394.14,389.46,384.613440245887,38811745
2023-11-30,390.08,390.55,385.82,383.646504632534,52834381
2023-12-01,387.75,390.54,386.0726,384.741707215005,40490068
2023-12-04,386.09,386.595,382.66,381.16996545956,51186944
2023-12-05,384.39,388.5,384.21,382.12703438298,42932956
2023-12-06,390.27,390.37,384.7,379.916895838174,41522328
2023-12-07,388.07,391.27,386.96,385.225175021681,49593545
2023-12-08,388.67,392.62,388.4801,386.941979069879,46687525
2023-12-11,391.74,395.79,391.53,390.247320197155,41198021
2023-12-12,395.56,398.79,394.41,393.355327525789,39221152
2023-12-13,399.62,404.36,398.8399,398.357739321399,55408129
2023-12-14,404.98,406.3,400.34,398.012405173773,55447808
2023-12-15,404.18,406.5399,403.57,399.936409710546,62896645
2023-12-18,404.93,407.99,404.6,402.450698839201,46609985
2023-12-19,407.54,409.28,407.345,404.507045143577,35042759
2023-12-20,408.35,410.4699,402.9,398.4961867154,54042443
2023-12-21,407.06,408.14,404.47,403.132852180556,45568914
2023-12-22,409.0,409.97,406.4787,403.735915279436,34314003
2023-12-26,409.25,411.56,409.15,406.207485356811,22722545
2023-12-27,410.95,411.7875,410.08,407.033820210201,31833002
2023-12-28,412.67,412.92,410.94,406.835990892966,27029152
2023-12-29,411.28,411.64,407.58,405.075309969578,42662120
2024-01-02,405.84,406.09,400.24,398.220524127399,58026946
2024-01-03,399.93,401.0,397.89,394.006759670302,47002803
2024-01-04,396.44,399.59,396.06,391.979009168647,39432797
2024-01-05,396.45,399.56,395.34,392.443908064149,44742783
2024-01-08,397.99,405.24,397.8399,400.554910070767,42473796
2024-01-09,401.91,406.69,401.71,401.346227339706,39132860
2024-01-10,406.07,409.515,405.17,404.066380451682,33962774
2024-01-11,409.79,411.2004,404.242,404.907155049929,54536198
2024-01-12,410.4,411.25,408.15,405.114875833025,39594952
2024-01-16,408.31,411.12,406.83,405.075309969578,43903027
2024-01-17,406.17,407.585,402.92,402.790381355518,54385974
2024-01-18,410.52,413.575,409.1601,408.507648623599,59562505
2024-01-19,415.22,421.34,414.625,416.608759164356,70325123
2024-01-22,423.41,424.7275,421.12,417.152789786751,44880639
2024-01-23,422.43,423.7,420.57,418.883796312554,33003806
2024-01-24,427.44,429.85,425.33,421.20829079006,46454185
2024-01-25,428.36,429.04,423.98,421.72264701487,44367205
2024-01-26,424.44,426.21,423.15,419.210214685991,37137028
2024-01-29,424.27,428.35,423.61,423.503110869982,38694724
2024-01-30,427.1,427.68,424.38,420.684043099389,36738956
2024-01-31,420.85,422.8699,416.79,412.444452036567,64010649
2024-02-01,418.79,422.375,417.81,417.301161774677,51008622
2024-02-02,423.8,430.24,422.79,424.35377693409,59602435
2024-02-05,429.07,429.61,425.0,423.799854845834,39889209
2024-02-06,429.61,430.22,425.22,422.949188781725,35846134
2024-02-07,430.41,432.83,429.09,427.301433760886,37712661
2024-02-08,432.11,433.56,431.42,428.092751029825,29889892
2024-02-09,433.94,437.845,433.1401,432.306515486922,36943905
2024-02-12,436.94,439.14,434.65,430.615074824566,33203305
2024-02-13,427.28,431.27,425.3305,423.898769504451,64491669
2024-02-14,431.26,433.65,428.8799,428.518084061879,45092722
2024-02-15,433.92,434.98,431.33,429.794083158042,38796137
2024-02-16,434.89,434.99,429.85,425.89684560852,53716475
2024-02-20,428.55,430.08,423.5,422.682119203458,53999452
2024-02-21,424.55,425.7,421.63,420.990678541102,50179697
2024-02-22,434.49,439.12,433.71,433.315445004818,53887751
2024-02-23,439.65,440.59,435.79,432.039445908655,39853861
2024-02-26,437.6,438.6,436.355,431.811942193835,33043238
2024-02-27,437.67,437.99,435.025,432.850546109317,33713220
2024-02-28,435.43,436.67,434.3,430.545834563534,32938821
2024-02-29,438.23,440.09,435.02,434.235351329959,42495152
2024-03-01,439.9,446.58,439.84,440.773610264563,43853029
2024-03-04,445.61,446.04,443.77,439.200867192548,34325687
2024-03-05,440.94,440.95,433.65,431.317368900749,57917135
2024-03-06,440.32,441.99,436.89,434.027630546863,46234460
2024-03-07,442.42,446.72,440.86,440.615346810775,44526666
2024-03-08,445.81,448.64,438.34,434.255134261682,72095957
2024-03-11,437.51,438.66,435.44,432.64282532622,45587719
2024-03-12,439.73,444.02,436.46,438.844774421525,54807079
2024-03-13,442.65,442.67,439.12,435.471784562675,37524784
2024-03-14,441.5,442.03,436.39,434.373831852023,51676863
2024-03-15,436.07,438.8733,432.7417,429.2104866722,73069824
2024-03-18,438.73,441.04,437.24,433.299074628817,47323802
2024-03-19,435.45,438.98,433.33,434.378657675689,43004105
2024-03-20,439.78,444.11,438.06,439.52896211948,43653490
2024-03-21,448.88,449.34,445.67,441.608892760242,39345652
2024-03-22,445.35,447.49,444.49,442.114018772998,28253899
2024-03-25,443.55,446.26,442.54,440.509500850125,27789154
2024-03-26,446.3,447.225,443.09,439.08326269646,34142043
2024-03-27,446.44,446.54,441.93,440.578831871484,41359240
2024-03-28,444.78,445.64,443.65,439.766668478424,36839641
2024-04-01,444.97,447.53,443.02,440.697685050956,38429293
2024-04-02,440.08,441.43,438.03,436.894383307848,44054931
2024-04-03,438.96,444.0,438.95,437.874922038493,39664078
2024-04-04,446.33,446.95,435.11,431.179526261564,56595702
2024-04-05,436.78,443.17,435.96,436.260499683997,54512956
2024-04-08,441.41,442.5,439.2,436.389257295092,27772329
2024-04-09,442.96,443.24,437.44,438.003679649588,39157333
2024-04-10,437.0,439.24,436.28,434.180569043235,61502191
2024-04-11,440.26,446.33,437.96,441.113671179108,45474550
2024-04-12,441.1,442.24,436.88,434.081524727008,53664995
2024-04-15,442.06,442.15,430.21,426.940429527059,63453622
2024-04-16,430.9,433.76,429.7,426.98004725355,47618961
2024-04-17,433.1,433.12,424.9,421.770316220022,56880536
2024-04-18,426.49,428.24,422.83,419.363539335712,46549363
2024-04-19,422.22,422.75,413.07,410.687257234248,75230990
2024-04-22,417.31,421.18,413.94,414.817405220904,47807663
2024-04-23,420.77,426.28,418.8715,421.007674985076,44384741
2024-04-24,428.2,429.73,424.2,422.433913138742,48440305
2024-04-25,419.24,425.32,418.14,420.393600224471,57392169
2024-04-26,427.62,432.55,426.92,426.881002937323,41874907
2024-04-29,433.13,433.76,429.98,428.614278471291,30022161
2024-04-30,431.15,432.56,424.51,420.532262267188,43665934
2024-05-01,423.15,430.14,420.66,417.491601759026,52251707
2024-05-02,425.3,427.81,420.63,422.820185972026,36559007
2024-05-03,434.44,436.48,432.62,431.318188304282,48515252
2024-05-06,437.3,440.34,436.52,436.042602188298,30227200
2024-05-07,440.7,441.97,439.58,436.111933209657,30996094
2024-05-08,437.67,441.48,437.55,435.854417987467,24896723
2024-05-09,440.33,441.6,438.46,436.805243423244,24580121
2024-05-10,442.54,444.31,440.499,437.835304312002,27116566
2024-05-13,443.99,444.09,441.65,438.845556337515,22994192
2024-05-14,442.65,446.465,442.46,441.668319349978,34478321
2024-05-15,448.43,453.15,446.9,448.571708190983,41464651
2024-05-16,452.71,454.69,451.81,447.660500481697,34780412
2024-05-17,452.11,452.72,449.5399,447.442602985998,35803719
2024-05-20,451.98,455.58,451.785,450.562498947141,24474226
2024-05-21,453.04,455.99,452.84,451.443993361559,23167720
2024-05-22,456.06,456.82,453.08,451.354853476955,25120040
2024-05-23,460.55,460.58,451.8503,449.324444994306,40899230
2024-05-24,455.29,459.23,453.5674,453.573446160434,29669461
2024-05-28,459.18,459.74,456.69,455.286912831157,26216815
2024-05-29,455.48,458.24,455.34,452.07787698541,29739238
2024-05-30,455.5,455.64,450.21,447.234609921922,30714121
2024-05-31,451.78,452.48,443.055,446.402637665617,55941301
2024-06-03,454.57,455.58,447.9,448.799510118304,32997467
2024-06-04,452.87,455.575,451.1311,450.027659639516,23767436
2024-06-05,457.98,463.61,454.408,459.100119005887,33817409
2024-06-06,464.22,464.54,462.19,458.941648099924,21966820
2024-06-07,463.0,465.74,461.84,458.535566403395,25829720
2024-06-10,461.82,465.19,461.53,460.387695116835,20719771
2024-06-11,463.54,468.14,462.03,463.547208804469,22053281
2024-06-12,471.99,476.5,471.29,469.618625389169,34532585
2024-06-13,477.72,478.39,474.42,472.164064316196,25859014
2024-06-14,476.52,479.26,476.05,474.610458926997,23372620
2024-06-17,479.46,486.86,478.14,480.424360289508,37054504
2024-06-18,485.01,485.9,483.43,480.572926763848,24438565
2024-06-20,486.42,486.8387,479.62,476.868669336967,33918683
2024-06-21,481.19,482.535,478.67,475.590997657642,39432913
2024-06-24,478.18,479.93,473.82,470.184663656405,37750969
2024-06-25,476.07,479.68,475.12,475.561490555336,29250209
2024-06-26,478.55,480.92,478.13,476.543604693702,22737105
2024-06-27,480.12,483.1,479.3,477.773727452867,26222135
2024-06-28,482.41,487.2,478.46,475.293641244873,34881581
2024-07-01,480.04,482.49,476.255,478.081258142659,24898336
2024-07-02,480.41,487.04,480.28,483.100952627639,26723559
2024-07-03,486.22,491.17,486.22,487.128612629422,18064880
2024-07-05,491.89,496.6,491.59,492.207829183395,28495936
2024-07-08,496.53,497.895,495.5,493.378429873568,22109420
2024-07-09,498.87,500.0,496.24,493.805004701343,25701253
2024-07-10,499.71,503.52,498.39,498.953663669139,28046901
2024-07-11,503.07,503.28,490.725,488.011523319468,49966590
2024-07-12,492.51,499.62,492.04,490.87850297591,37109399
2024-07-15,496.61,501.01,494.09,492.197908838563,31151386
2024-07-16,497.62,498.44,493.15,492.38639539037,25950622
2024-07-17,488.28,488.7984,481.7,477.932452970179,56268768
2024-07-18,485.53,485.71,476.27,475.670614348488,49347361
2024-07-19,479.15,481.69,473.94,471.454467794898,42042856
2024-07-22,481.16,483.35,477.7068,478.478071935938,40299999
2024-07-23,481.41,484.43,480.14,476.791613314502,23282454
2024-07-24,473.82,474.19,462.51,459.688938824173,58818629
2024-07-25,463.72,467.94,455.63,454.619642615032,59256759
2024-07-26,462.65,465.93,459.77,459.282204686062,39992132
2024-07-29,465.71,467.91,461.615,460.204796755435,28218476
2024-07-30,465.85,466.561,454.15,453.885537097466,41317210
2024-07-31,467.87,472.79,466.41,467.317683999963,44552134
2024-08-01,471.76,475.55,455.98,455.998570546677,56653900
2024-08-02,450.89,453.57,444.47,445.175474334989,66323244
2024-08-05,424.71,442.29,423.45,431.902052949804,87483452
2024-08-06,437.23,447.07,434.56,436.028916399906,63164429
2024-08-07,446.49,449.0,434.37,431.306832259885,54929163
2024-08-08,441.06,448.99,437.15,444.500890886415,47890071
2024-08-09,446.74,452.06,445.61,446.822251577098,33573976
2024-08-12,451.39,454.37,448.5546,447.7845250258,27795006
2024-08-13,455.82,462.85,455.68,458.895311237614,40084457
2024-08-14,463.51,465.1093,458.4,459.044116410094,34733746
2024-08-15,468.76,474.82,468.38,470.640999518676,38280565
2024-08-16,472.62,476.41,471.65,471.246140553426,38383623
2024-08-19,475.17,481.31,473.37,477.43643572858,23737674
2024-08-20,480.35,482.94,478.55,476.434480900551,29209340
2024-08-21,481.05,484.37,479.32,478.656638142913,25658787
2024-08-22,484.84,485.54,473.81,471.067574346451,37739576
2024-08-23,479.24,482.74,475.28,476.176551934919,36061508
2024-08-26,479.45,480.38,473.24,471.553671243218,27452641
2024-08-27,473.69,477.84,471.71,472.962360209358,27510003
2024-08-28,476.29,477.02,467.89,467.595453655259,37372436
2024-08-29,473.28,477.93,469.372,466.910949861852,41081465
2024-08-30,475.04,476.9,470.51,472.476263312591,33466473
2024-09-03,473.2,473.33,459.4101,458.131444685552,44985219
2024-09-04,458.67,464.45,457.73,456.941003305715,32208551
2024-09-05,458.97,465.36,457.939,457.36757813349,34452385
2024-09-06,460.33,461.22,448.19,445.115952265998,50624385
2024-09-09,453.06,455.46,449.823428,450.839991234049,32981169
2024-09-10,456.24,459.17,452.23,455.006536063479,29680319
2024-09-11,459.91,469.37,451.28,464.887199516129,57842992
2024-09-12,468.65,474.04,466.8491,469.450558138838,40175456
2024-09-13,472.48,476.53,472.25,471.553671243218,29111849
2024-09-16,473.19,473.8599,469.89,469.470398828502,22585596
2024-09-17,476.29,477.6,470.97,469.718407449302,30084438
2024-09-18,474.7,478.83,470.83,467.684736758746,39909215
2024-09-19,482.61,486.23,480.49,479.509787798464,52782523
2024-09-20,482.49,483.69,478.3,478.597116073922,34577663
2024-09-23,482.95,484.14,481.6,479.863805224137,24842972
2024-09-24,484.46,486.33,480.17,482.17848447673,25952637
2024-09-25,484.74,487.79,484.56,482.625525534098,26549866
2024-09-26,493.37,493.7,485.8,486.251525221635,32020206
2024-09-27,490.5,490.64,485.56,483.549410385991,22851120
2024-09-30,485.78,488.41,482.92,484.860730820936,30330605
2024-10-01,487.7,488.0,477.4,478.105443731825,42735424
2024-10-02,480.36,483.88,477.72,478.780972440736,23744049
2024-10-03,479.74,484.545,478.99,478.423339594842,25337220
2024-10-04,487.45,487.88,482.385,484.11566239199,30744909
2024-10-07,485.39,486.57,480.87,478.929986126525,24975119
2024-10-08,484.66,489.99,483.845,486.082643044407,28272017
2024-10-09,489.0,493.73,487.95,489.90732764633,24994950
2024-10-10,490.85,494.47,489.53,489.351009886051,25750446
2024-10-11,490.74,494.39,490.17,490.115946806435,20644497
2024-10-14,495.77,498.83,495.26,494.228724534217,26060145
2024-10-15,497.83,498.5,488.68,487.622451130896,34784506
2024-10-16,491.18,491.69,487.57,487.682056605211,22996776
2024-10-17,496.44,496.49,491.1901,488.019820959667,27210658
2024-10-18,494.06,495.57,493.3,491.218648081275,25335030
2024-10-21,493.25,496.23,491.31,492.162401424607,30336549
2024-10-22,492.73,497.445,491.97,492.698850693448,26685841
2024-10-23,493.59,494.25,485.05,485.148823946795,39346565
2024-10-24,492.11,493.0,489.44,489.08278525163,22024930
2024-10-25,495.14,500.28,494.43,492.063058967414,38762143
2024-10-28,498.46,498.52,495.1,492.142532933168,20477778
2024-10-29,495.72,501.35,493.85,496.871233895546,28014059
2024-10-30,499.39,500.35,495.89,493.116089013658,29755960
2024-10-31,492.38,492.43,483.75,480.668479127399,41245248
2024-11-01,485.5,490.7507,485.2,484.224939094902,33655757
2024-11-04,486.82,489.38,484.2545,482.814276202764,23291580
2024-11-05,487.61,492.88,487.52,488.973508548718,24353615
2024-11-06,500.56,506.41,499.6,502.255595075396,43082198
2024-11-07,508.4,514.33,508.34,510.163254667944,32853120
2024-11-08,513.035,514.9175,512.41,510.759309411101,22924483
2024-11-11,515.37,515.58,510.92,510.461282039522,24167479
2024-11-12,513.77,514.66,509.83,509.537397187629,25835288
2024-11-13,512.4,514.98,509.95,508.881736970157,24567416
2024-11-14,511.91,512.79,507.77,505.345145494093,28679519
2024-11-15,502.94,503.33,494.49,493.304839682324,51461054
2024-11-18,498.13,502.14,496.73,496.732154455476,27192662
2024-11-19,497.42,503.9536,497.08,500.149534982909,24523020
2024-11-20,503.16,503.48,496.555,499.86144185705,29565491
2024-11-21,506.24,506.96,497.56,501.659540332239,34526738
2024-11-22,504.42,506.53,502.78,502.464214235501,23826644
2024-11-25,509.9,511.4525,504.2625,503.258953893044,26375166
2024-11-26,508.08,510.14,507.23,505.961068728688,26557061
2024-11-27,508.17,508.24,501.93,501.977436195256,24957441
2024-11-29,505.93,510.34,505.31,506.388241294617,15333968
2024-12-02,511.01,516.26,510.62,511.901747668818,25147165
2024-12-03,513.95,517.15,513.37,513.471358492464,18597900
2024-12-04,520.32,523.52,519.6,519.819341507085,26086222
2024-12-05,523.31,524.0399,521.42,518.378875877789,18169632
2024-12-06,522.48,526.72,522.35,523.018168628693,23762611
2024-12-09,525.55,526.35,521.22,518.945127883788,20674405
2024-12-10,523.62,525.38,519.16,517.176832145756,24350040
2024-12-11,525.0,530.61,524.59,526.435549156126,32168579
2024-12-12,527.68,528.96,526.02,523.038037120132,23577504
2024-12-13,530.46,533.1661,527.3001,527.041538145002,28780405
2024-12-16,533.08,539.15,533.0,534.631301874532,31979863
2024-12-17,536.36,537.48,534.13,532.276885639063,28579070
2024-12-18,535.15,536.8799,515.01,513.073988663693,54703155
2024-12-19,521.19,521.7599,513.83,510.789112148258,46441754
2024-12-20,510.44,524.82,509.29,515.249588476215,60529961
2024-12-23,519.55,523.25,516.13,520.261077677238,29672800
2024-12-24,524.83,530.05,524.19,527.315701275325,17558215
2024-12-26,528.32,531.24,526.31,526.957497538328,19141494
2024-12-27,526.01,526.45,517.86,519.952624459268,33839555
2024-12-30,515.51,519.36,511.83,513.037302314458,34584028
2024-12-31,516.9,517.66,510.26,508.679156847657,29117028
2025-01-02,514.3,516.64,505.71,507.684146467109,36389783
2025-01-03,513.35,519.6454,512.53,515.992483144686,29059520
2025-01-06,524.02,527.92,522.03,521.922745012754,36109734
2025-01-07,525.59,525.99,513.28,512.609447850822,36690272
2025-01-08,515.08,516.9199,510.57,512.698998785072,30777777
2025-01-10,511.48,511.58,503.92,504.659314910242,40532495
2025-01-13,501.2,506.02,499.7,503.037447989949,31694210
2025-01-14,508.74,510.155,501.59,502.559843007286,33737237
2025-01-15,513.03,517.85,511.46,514.121863629256,34957554
2025-01-16,518.98,519.0599,512.95,510.519926051671,28229037
2025-01-17,522.85,524.0733,513.1086,519.136715947219,51837941
2025-01-21,524.48,525.97,520.06,522.181447711696,23627971
2025-01-22,529.57,533.82,529.26,528.857967365175,33592988
2025-01-23,529.04,532.76,528.45,529.982329095194,23096588
2025-01-24,533.02,533.79,528.15,526.987347849744,19878251
2025-01-27,511.0,517.99,510.15,511.644287781691,60771695
2025-01-28,515.22,523.0,511.78,519.206366673857,33194214
2025-01-29,522.46,522.59,516.8988,518.23125650092,26649011
2025-01-30,523.71,526.095,518.21,520.440179545737,27431302
2025-01-31,526.92,531.5178,521.19,519.68397165652,38845467
2025-02-03,513.47,520.8496,511.05,515.524828265829,40580835
2025-02-04,518.63,525.11,518.23,521.853094286115,26046753
2025-02-05,521.82,527.01,520.62,524.22121899182,21134070
2025-02-06,527.36,529.81,525.7413,526.957497538328,19434454
2025-02-07,530.14,532.1,522.19,520.310828196266,29605470
2025-02-10,527.22,530.3571,526.75,526.609243905136,20852784
2025-02-11,525.96,529.92,525.83,525.355530825645,19325500
2025-02-12,522.3,529.19,521.95,525.663984043615,25009362
2025-02-13,529.98,536.22,529.19,533.226062935781,28714799
2025-02-14,536.005,538.84,535.67,535.464836292015,17862572
2025-02-18,539.73,540.0,536.04,536.678748956283,20565028
2025-02-19,538.57,540.81,536.46,536.828000513366,19666861
2025-02-20,538.73,539.1,532.46,534.54942674191,26550753
2025-02-21,538.38,538.4,525.71,523.455060998798,47093750
2025-02-24,527.88,529.069,519.53,517.276046535594,39268392
2025-02-25,519.24,519.32,509.44,510.758728543003,48940025
2025-02-26,515.53,519.66,511.37,511.992541414883,34457618
2025-02-27,518.13,519.0699,500.05,497.773843076849,52447966
2025-02-28,500.13,508.78,496.93,505.63442508318,47654043
2025-03-03,511.52,513.04,493.58,494.569909651484,44587204
2025-03-04,494.18,503.74,487.735,493.077394080661,67875402
2025-03-05,496.2,503.63,491.26,499.505161139003,46323725
2025-03-06,493.69,498.58,486.2,485.764067783632,57574332
2025-03-07,487.16,493.28,480.53,489.3361550498,54714726
2025-03-10,483.45,483.97,468.66,470.371257196551,74815507
2025-03-11,472.35,478.805,467.01,469.246895466532,68760771
2025-03-12,479.16,481.06,471.79,474.540350691048,46971082
2025-03-13,476.25,476.2801,466.43,466.003161625945,46563349
2025-03-14,473.73,480.56,473.12,477.26667913375,43563010
2025-03-17,479.61,485.84,477.8,480.361161417255,41744354
2025-03-18,479.41,479.61,472.41,472.172225985344,39072265
2025-03-19,476.81,485.33,474.87,478.490541901825,40430334
2025-03-20,476.88,484.55,476.18,476.868674981531,36780549
2025-03-21,474.08,481.61,472.905,478.440791382797,42234874
2025-03-24,487.74,491.51,484.4,488.923932199243,34567186
2025-03-25,491.39,493.62,490.42,491.71402515599,26035241
2025-03-26,492.3,493.16,482.82,482.666152281965,35043357
2025-03-27,482.41,486.5799,480.25,479.915917796028,33469817
2025-03-28,479.81,480.52,468.05,467.280782549042,46363797
2025-03-31,461.92,469.86,457.33,467.260853313637,53000303
2025-04-01,467.3,473.63,464.42,471.027478805246,41156226
2025-04-02,466.12,479.56,465.86,474.465271912667,49894489
2025-04-03,456.44,460.07,450.14,449.06546138856,70456338
2025-04-04,438.14,440.37,422.67,421.174496438784,117088441
2025-04-07,408.66,443.14,402.39,422.190887444457,161556970
2025-04-08,438.16,443.1384,409.79,414.587884137319,101248060
2025-04-09,415.57,467.83,415.43,464.351184944457,142876878
2025-04-10,453.56,455.59,432.63,444.601312657763,108384092
2025-04-11,444.65,455.79,441.33,452.792228409359,52483779
2025-04-14,464.46,465.05,452.63,455.861330661781,43941179
2025-04-15,458.54,462.38,456.15,456.369526164617,35404210
2025-04-16,449.03,452.62,437.76,442.608389117229,48980552
2025-04-17,447.17,447.75,441.36,442.528672175608,44837047
2025-04-21,438.23,439.08,427.93,431.577557320373,44149313
2025-04-22,438.82,447.58,437.62,442.907327648309,52304388
2025-04-23,458.17,463.38,452.88,452.951662292601,55801136
2025-04-24,456.48,467.66,455.83,465.696408334317,45956136
2025-04-25,466.97,473.09,465.39,470.887974157409,38697063
2025-04-28,473.03,474.808,466.03,470.738504891869,33550778
2025-04-29,470.17,476.4243,469.59,473.847465615102,30613120
2025-04-30,467.13,477.2,462.43,473.787677908886,46810610
2025-05-01,483.41,487.18,480.74,479.975705502244,43316539
2025-05-02,486.54,490.91,484.83,487.100407159654,39218082
2025-05-05,484.6,489.03,484.1,484.210668025879,28309490
2025-05-06,479.56,485.05,478.19,479.706660824272,32786310
2025-05-07,482.08,485.8,476.782,481.589973570077,38109864
2025-05-08,488.53,492.7,484.17,486.56231780371,39577592
2025-05-09,490.21,491.54,486.195,486.243450037224,27767416
2025-05-12,506.99,507.89,501.48,506.053110030134,45090616
2025-05-13,509.16,517.39,508.42,513.765724132001,53269573
2025-05-14,516.77,519.2279,515.75,516.844791002126,47014516
2025-05-15,516.52,521.93,515.17,517.412774211178,50153275
2025-05-16,520.66,521.7,517.1,519.664777811982,48394603
2025-05-19,514.24,522.53,514.24,520.163008697116,52536154
2025-05-20,519.47,520.93,516.66,518.429165216851,42517561
2025-05-21,516.27,523.0,511.24,511.22474661782,71292831
2025-05-22,513.66,517.71,512.3,512.181349917276,55607169
2025-05-23,506.18,511.84,505.58,507.438191890805,58368075
2025-05-27,516.15,521.71,514.59,519.375803898605,47226323
2025-05-28,522.18,523.68,518.39,517.073977209288,46637175
2025-05-29,526.33,526.48,517.32,518.09036821496,58724069
2025-05-30,519.44,520.68,511.93,517.273269563341,67662836
2025-06-02,517.24,523.45,515.97,521.358762821436,44762817
2025-06-03,523.56,528.74,522.69,525.434291461828,44070330
2025-06-04,528.01,529.84,525.9694,526.899090264121,41359322
2025-06-05,530.18,533.05,522.66,522.933172418458,61286623
2025-06-06,530.0,531.8,528.21,528.045021299928,42467021
2025-06-09,530.14,532.35,529.01,528.822261480736,33688671
2025-06-10,531.17,534.9,528.89,532.319842294374,40664795
2025-06-11,535.62,536.78,530.11,530.526211107893,53701033
2025-06-12,531.09,534.6438,530.84,531.771788320727,34104887
2025-06-13,527.68,531.87,525.73,525.095494459938,55814443
2025-06-16,530.5,535.37,530.45,532.399559235995,37622051
2025-06-17,531.71,533.325,527.91,527.207993412904,42180866
2025-06-18,530.1,532.55,527.4,527.11831185358,43983522
2025-06-20,532.26,533.56,524.88,524.965954429803,61643519
2025-06-23,526.81,532.17,523.65,530.357918679513,50666146
2025-06-24,536.89,540.7,536.27,538.468160152031,45441982
2025-06-25,542.06,543.31,539.38,539.844806306038,44804168
2025-06-26,543.35,546.67,541.52,544.89250887073,43811432
2025-06-27,547.26,549.99,544.545,546.757964166377,57577147
2025-06-30,551.26,552.8,549.01,550.299336519075,45548742
2025-07-01,549.73,550.71,544.66,545.660637521878,56166736
2025-07-02,546.16,551.0,546.12,549.461377990549,36538281
2025-07-03,553.18,557.2,553.18,554.868205638895,26443524
2025-07-07,553.52,554.34,549.58,550.688388693034,45349323
2025-07-08,553.38,554.01,551.1,550.997635292847,36153258
2025-07-09,554.48,557.63,553.1,554.898132729199,43045534
2025-07-10,556.89,557.3,552.75,554.100076987746,34710913
2025-07-11,553.3,555.79,552.05,552.853114891726,39618635
2025-07-14,553.99,556.945,551.63,554.858229942127,36453314
2025-07-15,560.25,560.8,556.66,555.366990477303,43277661
2025-07-16,557.28,560.21,551.56,555.935605193089,52314711
2025-07-17,558.02,562.31,557.21,560.434644435531,40423778
2025-07-18,563.12,564.7262,559.98,559.89595681005,50484704
2025-07-21,562.09,566.06,562.06,562.798884569586,39595214
2025-07-22,564.3,564.35,558.61,559.885981113282,43270647
2025-07-23,562.34,563.85,559.58,562.439759485932,40215259
2025-07-24,565.13,566.24,563.295,563.636843098112,42275541
2025-07-25,564.93,567.695,564.27,564.993537858583,30630813
2025-07-28,567.74,569.04,566.87,566.759236186548,31498739
2025-07-29,570.76,572.11,566.53,565.88137487095,45463317
2025-07-30,568.18,570.62,565.05,566.63952782533,43433777
2025-07-31,574.54,574.63,563.87,563.636843098112,64613590
2025-08-01,558.83,559.02,551.68,552.533892595144,69400789
2025-08-04,559.05,564.315,558.95,562.729054692209,47669751
2025-08-05,565.39,566.5607,559.73,558.908362830002,48666640
2025-08-06,561.11,567.76,560.63,565.941229051559,41823677
2025-08-07,571.67,573.32,565.11,567.856562831046,44462972
2025-08-08,570.45,574.77,570.15,573.153657814942,35255472
2025-08-11,574.69,576.8,571.57,571.457789364354,33112917
2025-08-12,575.16,580.35,572.485,578.640291037433,42271441
2025-08-13,582.76,583.3199,578.94,578.92958624371,41209294
2025-08-14,578.28,581.88,577.91,578.480679889142,45425043
2025-08-15,579.8,579.84,575.5743,575.93687721326,49480161
2025-08-18,576.44,577.765,575.2412,575.707436187593,29830957
2025-08-19,576.39,576.56,568.25,567.896465618119,53752635
2025-08-20,568.33,568.45,558.84,564.524680110479,76781087
2025-08-21,564.35,566.49,560.98,561.91104755722,46436899
2025-08-22,564.67,573.99,563.27,570.579928048756,51502129
2025-08-25,570.4,573.2871,569.16,568.933938082008,34044749
2025-08-26,569.83,572.92,568.8,571.218372641918,34103014
2025-08-27,571.59,574.405,570.37,572.096233957517,36927144
2025-08-28,574.11,578.0,572.46,575.677509097288,46787857
2025-08-29,574.655,575.03,568.54,569.013743656153,56030409
2025-09-02,561.31,565.965,559.535,564.24536060097,65876765
2025-09-03,569.23,571.695,566.725,568.684545662804,53842448
2025-09-04,570.74,575.6,569.025,573.832005195177,47526280
2025-09-05,580.49,581.12,571.53,574.659988026935,68342532
2025-09-08,578.37,580.84,577.77,577.46315881879,46371354
2025-09-09,579.67,580.94,577.04,579.099173088769,44007592
2025-09-10,583.74,583.77,578.55,579.288711327364,49307959
2025-09-11,583.24,584.88,581.62,582.660496835004,44745766
2025-09-12,585.04,587.86,584.1,585.23422660119,50745886
2025-09-15,588.44,591.79,588.295,590.242026378809,44360315
2025-09-16,592.61,592.86,590.49,589.743241540401,36942130
2025-09-17,591.1,591.75,584.365,588.566109321758,69384820
2025-09-18,594.91,598.14,592.96,593.873180002422,61069294
2025-09-19,597.33,600.05,595.85,597.893385799992,58196109
2025-09-22,597.74,602.87,597.72,601.428722856146,57154769
2025-09-23,602.37,602.57,596.98,597.433845919208,64635486
2025-09-24,599.58,599.9,593.36,595.336535527315,49850301
2025-09-25,592.2,595.115,588.5,592.769827095331,70920209
2025-09-26,594.35,596.3,591.06,595.206702026864,54337416
2025-09-29,599.11,602.05,597.41,597.963167113352,48332934
2025-09-30,598.43,600.71,596.1,599.601066657497,46533814
2025-10-01,597.17,603.79,596.34,602.477378052093,46899612
2025-10-02,607.06,607.16,602.93,604.954201752995,43765410
2025-10-03,606.51,607.3255,601.385,602.407467705696,46482098
2025-10-06,608.45,609.36,605.97,606.93166583678,41962115
2025-10-07,609.02,609.71,603.03,603.735764287229,58209463
2025-10-08,605.41,611.75,605.26,610.656888580475,50629754
2025-10-09,611.48,611.61,607.48,609.917836347141,45550958
2025-10-10,611.4,613.18,589.05,588.744988581365,97614783
2025-10-13,599.68,602.95,597.23,601.238966201642,65872584
2025-10-14,595.31,602.69,590.13,597.234102072361,69203187
2025-10-15,604.01,606.7,595.93,601.448697240831,62805456
2025-10-16,605.11,608.31,595.5,599.221553348488,70981963
2025-10-17,597.95,605.51,596.37,603.156507131372,72024872
2025-10-20,607.14,612.8,607.065,610.756760503899,45761697
2025-10-21,611.64,612.7213,609.32,610.596965426421,44538161
2025-10-22,610.82,611.41,599.74,604.714509136779,61478802
2025-10-23,604.91,611.37,604.52,609.797990039033,42844298
2025-10-24,615.99,618.42,615.13,616.309639446244,47632473
2025-10-27,624.52,628.55,624.03,627.285563830483,54098611
2025-10-28,630.36,634.68,629.25,632.109377731837,61195733
2025-10-29,635.59,637.01,630.25,634.955727549406,67422806
2025-10-30,632.17,633.5,625.94,625.248176592644,61628621
2025-10-31,634.17,634.2,626.69,628.264308680033,66305147
2025-11-03,635.11,635.82,629.85,631.27045357508,37154307
2025-11-04,623.28,626.95,618.455,618.456885799848,63830768
2025-11-05,618.49,626.6,617.21,622.481724313814,47829376
2025-11-06,621.79,622.04,610.3,610.886594004349,72115128
2025-11-07,608.31,609.95,598.67,608.959065882276,81835388
2025-11-10,618.92,624.31,616.89,622.431788352102,55919931
2025-11-11,620.57,622.72,617.52,620.773914423273,44868841
2025-11-12,624.84,624.86,617.81,620.284541998498,47444384
2025-11-13,617.54,618.12,606.08,607.620782108402,71333634
2025-11-14,599.55,613.35,597.17,608.08019295615,80087291
2025-11-17,606.3,612.48,599.87,602.886852938129,63850367
2025-11-18,599.62,602.31,591.34,595.546266566504,83327279
2025-11-19,597.07,606.16,594.59,599.101707040379,73111487
2025-11-20,611.62,614.03,584.75,584.919893914246,117743195
2025-11-21,587.47,596.98,580.74,589.314258544879,103344155
2025-11-24,595.28,606.68,595.16,604.384931789481,60168149
2025-11-25,603.51,610.2601,597.32,608.110154533177,57560867
2025-11-26,612.51,616.19,610.39,613.483264013359,42393598
2025-11-28,616.11,619.32,615.4174,618.456885799848,23034394
2025-12-01,613.63,619.4401,612.52,616.37954979264,40957588
2025-12-02,619.46,623.75,617.59,621.203363693994,54541834
2025-12-03,619.62,624.22,618.03,622.721416930031,47841627
2025-12-04,624.93,624.94,619.54,622.142159774174,47067751
2025-12-05,624.38,628.92,623.71,624.678906629131,53614169
2025-12-08,627.21,628.84,621.69,623.480443548049,42019642
2025-12-09,623.01,625.87,621.0,624.24945735841,36918603
2025-12-10,623.85,629.21,620.99,626.806178598051,55031384
2025-12-11,623.82,625.78,617.72,624.778778552554,58272844
2025-12-12,622.08,623.54,611.36,612.834096511107,75158726
2025-12-15,618.37,618.42,609.32,609.758041269664,49538197
2025-12-16,608.26,613.51,606.9101,610.966491543088,55152819
2025-12-17,613.06,613.65,600.28,599.641015426866,70654327
2025-12-18,609.8,612.93,606.92,608.329872764708,78875824
2025-12-19,611.95,617.62,611.87,616.259703484532,60369829
2025-12-22,621.35,621.65,617.77,619.21,43703101
2025-12-23,618.2,622.41,617.78,622.11,41120445
2025-12-24,621.99,624.28,621.72,623.93,18468707
2025-12-26,624.66,625.515,623.14,623.89,28959778
2025-12-29,620.1,622.78,618.73,620.87,32458308
2025-12-30,619.84,622.18,619.215,619.43,31226754
2025-12-31,619.65,619.96,614.05,614.31,40746527
2026-01-02,620.06,622.85,610.15,613.12,61859163
